country_name,country_identifier,observation_year,adaptive_capacity_index,foreign_direct_investment_net_inflows_pct_gdp,forest_area_pct_land_area,real_gdp_constant_2015_usd,renewable_energy_consumption_pct_final_energy_use,natural_capital_dependency_index,urban_population_pct_total_population,readiness_index,official_development_assistance_usd,ecological_footprint_index,co2_emissions_metric_tonnes_per_capita,total_greenhouse_gas_emissions_kt_co2e,average_temperature_celsius,annual_precipitation_mm,land_area_sq_km,surface_area_sq_km,total_population,greenhouse_gas_emissions_metric_tonnes_per_capita,data_observacao
Albania,1,1995,0.561661248370153,2.925485966576154,28.432481751824817,4743487914.072331,50.6097095765374,0.218897271,38.911,0.331604502317246,180600006.103516,1.13278024391874,0.6117102037026348,7430.0,11.21,1167.57,27400.0,28750.0,3187784,2.3307727248772188,1995-01-01
Albania,1,1996,0.564242593407467,2.815940617719278,28.361313868613134,5175145287.860251,51.63636055808,0.218897271,39.473,0.332123931635504,226639999.389648,1.26549919105551,0.6218369568751335,7150.0,10.95,1212.62,27400.0,28750.0,3168033,2.256920934851373,1996-01-01
Albania,1,1997,0.565245840197482,2.1031528051091977,28.29014598540146,4610020246.044928,55.953349416169,0.218897271,40.035,0.330587850759833,168229995.727539,1.07688933032996,0.4700978089312866,6420.0,11.18,868.01,27400.0,28750.0,3148281,2.039208063066797,1997-01-01
Albania,1,1998,0.569953582559449,1.7678957926246204,28.21897810218978,5017058469.28803,49.9833654433978,0.1942044906,40.601,0.328543946660703,268739990.234375,1.23309376470978,0.5753500845444985,6670.0,11.81,1010.87,27400.0,28750.0,3128530,2.131991702173225,1998-01-01
Albania,1,1999,0.57583059279516,1.2826413341929783,28.147810218978105,5663797625.166139,42.7183134087746,0.1942044906,41.169,0.329401633623116,488179992.675781,1.44795124234648,0.9553593083841948,7890.0,12.05,1138.7,27400.0,28750.0,3108778,2.53797472833377,1999-01-01
Albania,1,2000,0.578186405423573,4.108775955259288,28.076642335766422,6057217275.170974,41.4449996948242,0.1942044906,41.741,0.330022591468723,317850006.10351604,1.48808599907891,1.0262131085289965,8220.0,12.37,796.5,27400.0,28750.0,3089027,2.661032098456893,2000-01-01
Albania,1,2001,0.576989758532907,5.285432754339789,28.12324817518249,6559561240.860765,39.125301361084,0.1942044906,42.435,0.335152098005458,268529998.779297,1.48970690513716,1.0522280929868997,8190.0,12.06,832.37,27400.0,28750.0,3060173,2.676319279988419,2001-01-01
Albania,1,2002,0.576047048835197,3.1048270744675626,28.16985401459854,6857137321.176182,35.8958015441895,0.1695117102,43.501,0.340498291199527,307359985.35156304,1.70193084364864,1.2291011828869784,8820.0,12.17,1101.34,27400.0,28750.0,3051010,2.8908459821501733,2002-01-01
Albania,1,2003,0.573821596451642,3.1727081781452187,28.2164598540146,7236243584.078586,33.7517013549805,0.1448189298,44.573,0.339010875464902,349309997.558594,1.70228383221379,1.3521444814081778,9250.0,11.98,1007.63,27400.0,28750.0,3039616,3.0431475554806924,2003-01-01
Albania,1,2004,0.567327923220189,4.750174508890189,28.26306569343065,7635298386.900523,35.934700012207,0.1448189298,45.651,0.346756165186277,300940002.441406,1.78530338392771,1.417273357672553,9310.0,11.72,1074.26,27400.0,28750.0,3026939,3.0757144428744683,2004-01-01
Albania,1,2005,0.569906046951723,3.2597691930376453,28.309671532846718,8057257367.835248,36.8683013916016,0.1448189298,46.731,0.336728185798886,315079986.57226604,1.88275626921414,1.351491804547056,9100.0,11.25,1092.02,27400.0,28750.0,3011487,3.021763002795629,2005-01-01
Albania,1,2006,0.557543718635017,3.654852200120289,28.35627737226277,8532849798.075165,31.7098999023438,0.1448189298,47.815,0.324867977555668,324040008.544922,2.00295704529785,1.3533622028325702,9000.0,11.68,1053.87,27400.0,28750.0,2992547,3.0074715618501564,2006-01-01
Albania,1,2007,0.557597076049965,6.108980067474507,28.40288321167883,9043392346.220842,32.100399017334,0.1448189298,48.902,0.338188345210896,308630004.88281304,2.13675715251947,1.4208672879650184,9050.0,12.35,1061.49,27400.0,28750.0,2970017,3.047120605706971,2007-01-01
Albania,1,2008,0.557680157931943,9.682070393807294,28.44948905109489,9721650518.693909,35.9118995666504,0.1448189298,49.991,0.351006953258949,364839996.33789104,2.09827837901336,1.414847552720884,8790.0,12.47,1016.85,27400.0,28750.0,2947314,2.982376496023159,2008-01-01
Albania,1,2009,0.559263374365631,11.170640892823007,28.496094890510943,10047742806.902533,37.2151985168457,0.1448189298,51.076,0.371014394638719,357149993.896484,2.1362109262488,1.4756522502501264,8850.0,12.28,1332.41,27400.0,28750.0,2927519,3.023037595998523,2009-01-01
Albania,1,2010,0.548824440445626,9.138134145758569,28.54270072992701,10420206418.26426,37.1137008666992,0.1201261494,52.163,0.372626665622835,365070007.324219,2.07762420856759,1.572250938115448,9130.0,12.21,1343.38,27400.0,28750.0,2913021,3.1342032893000087,2010-01-01
Albania,1,2011,0.539818817858811,8.135333474643131,28.594653284671534,10685442992.70445,35.9611015319824,0.1201261494,53.247,0.372161911139649,379480010.986328,2.30463015161865,1.734823307901879,9630.0,12.0,785.32,27400.0,28750.0,2905195,3.3147516775982333,2011-01-01
Albania,1,2012,0.529116304485172,7.45135722825396,28.646605839416058,10836881664.207155,40.0466995239258,0.1201261494,54.33,0.381249425735719,349160003.66210896,2.14183622204787,1.5790919945207575,9240.0,12.5,1025.05,27400.0,28750.0,2900401,3.1857663819589086,2012-01-01
Albania,1,2013,0.526077569011601,9.816287648011444,28.698558394160585,10945469119.311796,41.2869987487793,0.1201261494,55.387,0.394385617366995,269980010.986328,2.10687229578069,1.654524277639536,9440.0,12.5,1058.47,27400.0,28750.0,2895092,3.260690851966017,2013-01-01
Albania,1,2014,0.521443410571428,8.693038721985301,28.750510948905116,11139690870.770617,38.6973991394043,0.1201261494,56.423,0.417749906587894,281170013.427734,2.02164506357851,1.806788540668664,9930.0,12.54,1350.34,27400.0,28750.0,2889104,3.4370517641455622,2014-01-01
Albania,1,2015,0.520456154064144,8.690536219803766,28.802463503649637,11386850129.841057,38.6255989074707,0.095433369,57.434,0.424704235013984,335160003.66210896,2.02498299965961,1.7599870587144877,9850.0,12.47,1047.91,27400.0,28750.0,2880703,3.4193042462204537,2015-01-01
Albania,1,2016,0.519186064175826,8.805091978490223,28.802189781021895,11764322012.16718,39.5872993469238,0.095433369,58.421,0.418762489586508,171039993.28613302,1.95550317514126,1.7141261728986568,9720.0,12.54,1144.62,27400.0,28750.0,2876101,3.37957533480222,2016-01-01
Albania,1,2017,0.511415779087035,7.855470515655486,28.792062043795617,12211628287.160088,37.219799041748,0.095433369,59.383,0.420362497781929,168350006.10351598,1.97826175723038,1.9488720381060165,10290.0,12.36,1005.55,27400.0,28750.0,2873457,3.5810523700198056,2017-01-01
Albania,1,2018,0.50920642354062,7.946351350893161,28.791970802919707,12702457551.514963,38.2663993835449,0.095433369,60.319,0.421169260632737,344320007.324219,1.88645802312157,1.93973156347946,10080.0,13.02,943.59,27400.0,28750.0,2866376,3.51663564026492,2018-01-01
Albania,1,2019,0.50920642354062,7.7987221644757,28.791970802919707,12970913827.570368,37.72973372298001,0.095433369,61.229,0.413464148563515,28409999.8474121,1.919226622217345,1.9974716226001916,10195.217391304348,12.94,1193.89,27400.0,28750.0,2854191,3.572016515819841,2019-01-01
Albania,1,2020,0.5070208058393895,7.185461569310012,28.791970802919707,12457862570.961506,37.12509777362784,0.09028903975,62.112,0.4168749671571095,22068749.586741105,1.94764955400699,2.0572818254578027,10327.618147448014,12.7,1010.52,27400.0,28750.0,2837849,3.639241604274228,2020-01-01
Algeria,2,1995,0.615529996203964,2.3943885876927807e-06,0.6814345814404595,81507197551.68353,0.422480314895262,0.075514167,55.997,0.298739232376202,295739990.234375,1.42243240939741,2.5401814631918143,103000.0,23.3,76.38,2381740.0,2381740.0,28757788,3.581638476505912,1995-01-01
Algeria,2,1996,0.611114296505049,0.5751829944975417,0.677739803672945,84848991404.20023,0.389526170918537,0.0795115774,56.774,0.299790776868568,306880004.88281304,1.39683398562913,2.4399982027180305,104320.0,23.05,95.16,2381740.0,2381740.0,29266415,3.5644953438950413,1996-01-01
Algeria,2,1997,0.605717894852679,0.5396697531885261,0.6740450259054305,85782330258.14993,0.472147668762875,0.0835089878,57.544,0.298160824730199,247889999.389648,1.21675394812839,2.4486450248092155,108440.0,23.4,86.77,2381740.0,2381740.0,29742980,3.645902327204604,1997-01-01
Algeria,2,1998,0.598934412193866,1.258826218503389,0.670350248137916,90157232197.23604,0.54407094201214,0.0875063982,58.313,0.296822692193273,419869995.117188,1.35147350865513,2.4688045971301054,113770.0,23.23,64.78,2381740.0,2381740.0,30192750,3.7681231421450514,1998-01-01
Algeria,2,1999,0.590091560553628,0.599498524796816,0.6666554703704015,93042265026.6002,0.51001768957487,0.0915038086,59.118,0.299830736729305,137979995.727539,1.44040986033831,2.5320501579739365,119750.0,23.38,91.31,2381740.0,2381740.0,30623406,3.910407614358769,1999-01-01
Algeria,2,2000,0.580567309319317,0.5112210114965051,0.6629606926028869,96577871097.6118,0.42739999294281,0.095501219,59.919,0.303003360529376,199960006.71386695,1.40282217331955,2.5317117921716856,126380.0,23.32,54.31,2381740.0,2381740.0,31042238,4.071227080985591,2000-01-01
Algeria,2,2001,0.587674125829137,2.033265832929354,0.6771939842300168,99475207230.53984,0.427700012922287,0.093075882,60.712,0.308742929351876,198860000.610352,1.48441044482737,2.3773101154147973,124710.0,23.56,62.75,2381740.0,2381740.0,31451513,3.9651510564849457,2001-01-01
Algeria,2,2002,0.595653753236593,1.8762391175502289,0.6914272758571465,105045818835.44975,0.514800012111664,0.090650545,61.501,0.31484367740553,186119995.117188,1.57847883200984,2.524241793545839,131940.0,23.46,66.38,2381740.0,2381740.0,31855110,4.141878649924612,2002-01-01
Algeria,2,2003,0.596133435091534,0.9399013317096384,0.7056605674842762,112609117791.60265,0.469099998474121,0.088225208,62.284,0.319390486551866,239240005.493164,1.7272409662928,2.5985490587248843,137710.0,23.57,98.72,2381740.0,2381740.0,32264159,4.268203612559683,2003-01-01
Algeria,2,2004,0.592404251922602,1.036824405960999,0.719893859111406,117451309856.64108,0.441799998283386,0.088225208,63.061,0.326638109445658,316970001.220703,1.74689210600361,2.5966475808430234,141580.0,23.32,92.85,2381740.0,2381740.0,32692153,4.330702844808049,2004-01-01
Algeria,2,2005,0.597110089746636,1.120174319332021,0.7341271507385356,124380937138.18285,0.584699988365173,0.088225208,63.83,0.329040204031106,347380004.88281304,1.81060208132104,2.6844872294547284,147030.0,23.3,66.59,2381740.0,2381740.0,33149720,4.4353315804779045,2005-01-01
Algeria,2,2006,0.581445617596177,1.573137106787515,0.7483604423656655,126495413069.53271,0.408699989318848,0.088225208,64.593,0.298543178561679,240679992.67578095,1.81919642188731,2.786777458831717,152530.0,23.47,88.92,2381740.0,2381740.0,33641007,4.534049768486419,2006-01-01
Algeria,2,2007,0.572023872305098,1.249646611792072,0.7625937339927952,130796257113.89606,0.411399990320206,0.088225208,65.348,0.297708619241072,395010009.765625,1.82644807862722,2.9420221444239023,159650.0,23.32,82.14,2381740.0,2381740.0,34166976,4.672640622336609,2007-01-01
Algeria,2,2008,0.568221611070895,1.543038733557036,0.7768270256199249,133935367284.63,0.300599992275238,0.088225208,66.097,0.299949851730623,324829986.57226604,1.92662386323585,2.994189217095101,162970.0,23.19,75.94,2381740.0,2381740.0,34730604,4.69240327637262,2008-01-01
Algeria,2,2009,0.555694239018143,2.00197507346945,0.7910603172470547,136078333161.18416,0.312400013208389,0.088225208,66.826,0.293943245101912,302390014.64843804,2.12269665464621,3.19155421416758,172870.0,23.6,85.52,2381740.0,2381740.0,35333882,4.892471198041585,2009-01-01
Algeria,2,2010,0.550497335233828,1.4269636360164346,0.8052936088741844,140977153154.9865,0.258100003004074,0.085799871,67.54,0.283418725102266,201250000.0,2.05770469789011,3.1447475253319084,174020.0,23.83,88.12,2381740.0,2381740.0,35977451,4.8369185465640685,2010-01-01
Algeria,2,2011,0.542821618332635,1.2855346170730853,0.8084845533097651,145065490596.48148,0.177300006151199,0.085799871,68.236,0.278118726096524,193350006.103516,2.22623866833732,3.2224595227279407,179950.0,23.51,91.53,2381740.0,2381740.0,36661438,4.908427214448053,2011-01-01
Algeria,2,2012,0.541275069608115,0.7176933356720158,0.8116754977453459,149997717276.7616,0.180399999022484,0.085799871,68.915,0.278794124657731,147320007.32421902,2.31337192023925,3.387554626123936,189820.0,23.5,79.14,2381740.0,2381740.0,37383899,5.0775870114564565,2012-01-01
Algeria,2,2013,0.53410150475941,0.8066013593421182,0.8148664421809266,154197653360.51093,0.134100005030632,0.085799871,69.576,0.289798042564018,203419998.168945,2.37540793417482,3.4061232347499555,194000.0,23.21,84.1,2381740.0,2381740.0,38140135,5.086505330932887,2013-01-01
Algeria,2,2014,0.525748627061019,0.70258921252573,0.8180573866165072,160057164188.2103,0.0687000006437302,0.085799871,70.221,0.289441125547455,160619995.117188,2.42961960541499,3.5662088340652613,204130.0,23.66,70.94,2381740.0,2381740.0,38923688,5.244364305869475,2014-01-01
Algeria,2,2015,0.526248770033895,-0.324012083501784,0.8212479862419969,165979279263.1744,0.0590000003576279,0.083374534,70.848,0.295779695494971,71129997.253418,2.5134157354592,3.6742329469226,212080.0,23.52,71.75,2381741.0,2381741.0,39728020,5.338297755589128,2015-01-01
Algeria,2,2016,0.527087874557254,1.0236963871622338,0.8212479862419969,171290616199.59555,0.0802000015974045,0.083374534,71.459,0.305410018655816,144550003.05175802,2.33615077068738,3.5350199270565223,209790.0,23.75,64.49,2381741.0,2381741.0,40551398,5.173434464577522,2016-01-01
Algeria,2,2017,0.528241601955057,0.7232598725207005,0.8157897941043968,173517394210.1902,0.14360000193119,0.083374534,72.052,0.328466140304524,174679992.67578098,2.24174398962703,3.50574766242013,211850.0,23.6,68.88,2381741.0,2381741.0,41389174,5.118488230762953,2017-01-01
Algeria,2,2018,0.53586973532242,0.8382074800468845,0.8103316019667967,175426085546.5022,0.193299993872643,0.083374534,72.629,0.330208040450008,144529998.779297,2.34090871533432,3.591657418352074,218910.0,23.23,88.24,2381741.0,2381741.0,42228415,5.183950190884503,2018-01-01
Algeria,2,2019,0.53586973532242,0.8041106865755909,0.8141103503697505,177180346401.96707,0.1833356320890508,0.083374534,73.189,0.329328787545994,175720001.220703,2.38084246776636,3.637373764228607,223949.5652173913,23.38,70.91,2381741.0,2381741.0434782607,43053054,5.20171147945489,2019-01-01
Algeria,2,2020,0.532550557785689,0.7769917586777316,0.818308959706366,168144148735.46707,0.1743708260529862,0.0837020492916666,73.733,0.3306033523447353,170719168.34513333,2.423625445250587,3.689433571250806,229150.8506616257,23.54,55.42,2381741.0,2381741.088846881,43851043,5.225664772936546,2020-01-01
Angola,4,1995,0.763211678196819,8.49502107849993,62.9547565573113,29932764107.05385,73.9458883392515,0.16332997,44.169,0.188132070642997,416420013.427734,0.663358874564097,0.773025566852549,48460.0,22.05,910.23,1246700.0,1246700.0,13945205,3.4750295890236105,1995-01-01
Angola,4,1996,0.764099457485055,2.3988290745703438,62.830093847758086,33986968355.635845,73.1396004507038,0.16332997,45.346,0.188131675886678,459309997.558594,0.66751413937818,0.7923213849972245,46480.0,21.83,941.9,1246700.0,1246700.0,14400722,3.22761594870035,1996-01-01
Angola,4,1997,0.76337906070577,5.381376139195164,62.70543113820486,36459274698.2462,73.7344159506134,0.16332997,46.525,0.181241910620633,354660003.66210896,0.667097937941529,0.7887531997289863,46680.0,21.98,1026.99,1246700.0,1246700.0,14871572,3.1388746260314644,1997-01-01
Angola,4,1998,0.762899604696924,17.12056561546287,62.58076842865164,38169632669.28981,76.8197936265394,0.16332997,47.71,0.174347708898564,335269989.013672,0.686595637469944,0.7402536524388655,49410.0,22.25,981.27,1246700.0,1246700.0,15359600,3.21688064793354,1998-01-01
Angola,4,1999,0.763214955400306,40.16716220371557,62.45610571909842,39002299281.52316,73.4107838285377,0.16332997,48.897,0.174628613969594,387540008.544922,0.672098392734248,0.7972586403456611,48770.0,21.71,1009.29,1246700.0,1246700.0,15866871,3.07369991222592,1999-01-01
Angola,4,2000,0.764043985559056,9.6238239763664,62.3314430095452,40193672967.31384,73.4411010742188,0.16332997,50.087,0.174966229303795,302209991.455078,0.708569347909429,0.7544763717456955,49590.0,21.79,1001.48,1246700.0,1246700.0,16395477,3.0246146543952337,2000-01-01
Angola,4,2001,0.764290302731866,24.009117061571462,61.886218817678674,41884218272.00085,72.3373031616211,0.16332997,51.274,0.187308805237622,282730010.986328,0.707627884413456,0.7618428050969467,51730.0,21.97,992.54,1246700.0,1246700.0,16945753,3.0526822856440785,2001-01-01
Angola,4,2002,0.759476754933247,11.406190073536374,61.44099462581214,47607984243.67127,70.4209976196289,0.16332997,52.461,0.199674120752437,414029998.779297,0.746560246040828,0.7774230856298994,55610.0,22.05,1025.33,1246700.0,1246700.0,17519418,3.1741922020468945,2002-01-01
Angola,4,2003,0.757644809377306,20.081013641086827,60.995770433945616,49031391565.529785,65.1404037475586,0.16332997,53.645,0.214765725945796,493500000.0,0.756370800223186,0.993848349116355,65370.0,22.16,973.73,1246700.0,1246700.0,18121477,3.607321853511168,2003-01-01
Angola,4,2004,0.755122099335941,9.329241384057685,60.55054624207909,54401732106.977325,61.915699005127,0.16332997,54.827,0.216345553768715,1144569946.28906,0.75711996494062,1.0283536670857203,67740.0,21.88,1008.23,1246700.0,1246700.0,18758138,3.6112326287395904,2004-01-01
Angola,4,2005,0.753011185100627,-3.526655479151967,60.10532205021256,62577722356.60457,68.378303527832,0.16332997,56.0,0.208152650252956,414679992.675781,0.744076611765594,0.9370366917016524,67230.0,22.29,964.15,1246700.0,1246700.0,19433604,3.459471542180236,2005-01-01
Angola,4,2006,0.75021027806637,-0.0720010214346084,59.66009785834603,69803999474.4559,62.1273002624512,0.16332997,56.764,0.187618958161458,163520004.272461,0.751993390004942,1.0094340395153227,68080.0,21.66,1030.52,1246700.0,1246700.0,20149905,3.378675978869379,2006-01-01
Angola,4,2007,0.740630082551965,-1.3687616279279593,59.21487366647951,79583552534.91447,58.4916000366211,0.16332997,57.524,0.19121141205659,259980010.986328,0.796906743902367,1.1236352782252972,74850.0,21.64,995.45,1246700.0,1246700.0,20905360,3.580421480424159,2007-01-01
Angola,4,2008,0.749502411431171,1.896315050740785,58.769649474612976,88469962099.17885,54.8820991516113,0.16332997,58.282,0.198130118041288,369040008.544922,0.973855965655761,1.1559928457501776,76080.0,21.6,1010.13,1246700.0,1246700.0,21695636,3.5066960009837924,2008-01-01
Angola,4,2009,0.751125227779116,3.136662133168373,58.32442528274645,89229664824.29716,52.4138984680176,0.16332997,59.034,0.205101044293495,238940002.441406,1.14562760659927,1.2059015891029137,79690.0,21.83,1014.13,1246700.0,1246700.0,22514275,3.539532141274813,2009-01-01
Angola,4,2010,0.754449892442239,-3.8511104636142415,57.87920109087993,93159279071.89468,50.7648010253906,0.16332997,59.783,0.191322713858145,235169998.168945,0.936434858051763,1.2215147407886209,84120.0,21.99,988.73,1246700.0,1246700.0,23356247,3.6016060285712856,2010-01-01
Angola,4,2011,0.743473546847634,-2.7048747173995324,57.4339760968958,96393747204.01508,49.239200592041,0.16332997,60.528,0.189345253670571,192940002.441406,0.999082468142281,1.2163169789758,86040.0,21.56,1004.56,1246700.0,1246700.0,24220660,3.552339201326471,2011-01-01
Angola,4,2012,0.732008749691643,-1.143768334101234,56.988751102911685,104627881965.96732,49.4432983398438,0.16332997,61.268,0.203026983495024,243610000.610352,1.08242675054464,1.2047988832211345,84930.0,21.6,1019.6,1246700.0,1246700.0,25107925,3.382597327337882,2012-01-01
Angola,4,2013,0.73611780171268,-5.208122718441347,56.543526108927566,109811717090.51398,47.9384994506836,0.16332997,62.002,0.210565758871821,285540008.544922,1.39461342834263,1.2615417423867186,88410.0,21.65,984.63,1246700.0,1246700.0,26015786,3.3983213115298536,2013-01-01
Angola,4,2014,0.742853073679358,2.510095008962253,56.09830111494345,115107527232.24348,48.2112998962402,0.16332997,62.731,0.216200642581635,235389999.389648,1.50393026306779,1.2853645526595447,88980.0,21.65,1008.86,1246700.0,1246700.0,26941773,3.3026779640671755,2014-01-01
Angola,4,2015,0.732507150562381,8.630605233788971,55.65307612095933,116193649124.15137,47.815601348877,0.16332997,63.446,0.211237325745513,380059997.558594,1.08176805983364,1.2609209887399326,90620.0,21.78,956.62,1246700.0,1246700.0,27884380,3.2498481228558784,2015-01-01
Angola,4,2016,0.734412223465346,-0.1775225300304488,55.20784471003449,113195795293.51578,49.0080986022949,0.16332997,64.149,0.239100597778934,206529998.779297,0.900123474898195,1.2277029417925962,91240.0,22.06,979.6,1246700.0,1246700.0,28842482,3.1633893366042494,2016-01-01
Angola,4,2017,0.738223338569915,-6.057209206065984,54.762629341461455,113029156434.07878,56.1805000305176,0.16332997,64.839,0.242842965968695,223220001.220703,0.939767172935544,1.0343172997718164,87180.0,21.92,1005.98,1246700.0,1246700.0,29816769,2.923858047798539,2017-01-01
Angola,4,2018,0.73880178350591,-6.369877272922306,54.31740595171252,110764470655.24689,56.7854995727539,0.16332997,65.514,0.25292204107517,162660003.66210902,0.861844672530626,0.8873803639083905,79730.0,21.74,1005.53,1246700.0,1246700.0,30809787,2.5878140605126547,2018-01-01
Angola,4,2019,0.73880178350591,-4.583546778864385,53.87217454078768,110072586683.26076,56.03939571334096,0.16332997,66.177,0.254809817306302,49540000.9155273,0.8704744898335186,0.8923523116064705,81089.56521739131,21.88,1012.26,1246700.0,1246700.0,31825299,2.547959257739929,2019-01-01
Angola,4,2020,0.7377847045604554,-3.197322308936497,53.42695115103875,104128680882.97385,55.29590855084693,0.16332997,66.825,0.2575880567506063,34253333.727518685,0.8792988528967942,0.8967014823286117,82594.32892249528,21.8,1019.67,1246700.0,1246700.0,32866268,2.513042518928382,2020-01-01
Antigua and Barbuda,3,1995,0.673945197875559,5.454043858185881,22.227272727272727,824511645.7783245,0.0,0.0872513009,33.961,0.464759205296364,2269999.98092651,4.21570015558637,3.9317334575955263,460.0,26.58,2296.3,440.0,440.0,68672,6.698508853681267,1995-01-01
Antigua and Barbuda,3,1996,0.670860644396602,3.053644795361974,22.077272727272728,878966185.3172486,0.0,0.0872513009,33.59,0.465263434352286,3869999.88555908,4.34393570211729,3.989968080255358,490.0,26.32,2636.9,440.0,440.0,70176,6.9824441404468764,1996-01-01
Antigua and Barbuda,3,1997,0.660637780105235,3.371116685803212,21.92727272727273,927059773.6676795,0.0,0.0872513009,33.221,0.467019353861282,4349999.90463257,4.57891333659684,4.183691968705984,520.0,26.43,2279.9,440.0,440.0,71707,7.251732745757039,1997-01-01
Antigua and Barbuda,3,1998,0.653245604179699,3.128911775780832,21.777272727272727,970920131.2341478,0.0,0.0872513009,32.855,0.468746835259729,9979999.54223633,4.71466428567691,4.507026864611644,570.0,26.87,2938.7,440.0,440.0,73219,7.784864584329204,1998-01-01
Antigua and Barbuda,3,1999,0.644719445004162,6.759662403201945,21.627272727272725,1006918139.9153976,0.0,0.0872513009,32.49,0.469906719235552,10840000.1525879,4.73093464829466,4.419208827704422,590.0,26.38,2544.8,440.0,440.0,74674,7.901009722259421,1999-01-01
Antigua and Barbuda,3,2000,0.642462677581188,5.21750627465041,21.477272727272727,1069381614.505197,0.0,0.0872513009,32.127,0.471990170773989,9880000.11444092,4.25562343990022,4.341705369242306,610.0,26.2,2019.8,440.0,440.0,76007,8.025576591629719,2000-01-01
Antigua and Barbuda,3,2001,0.639955910158214,12.299125526303612,21.325,1020746101.5423388,0.0,0.0872513009,31.74,0.472775833106873,8579999.92370605,4.12748964192521,4.532974149095995,650.0,26.6,2454.3,440.0,440.0,77212,8.418380562606849,2001-01-01
Antigua and Barbuda,3,2002,0.63751164273524,8.0877409804305,21.172727272727272,1031233675.3943168,0.0,0.0872513009,31.098,0.47594469199068,13510000.2288818,4.36912405591045,4.980970139722598,710.0,26.68,2508.1,440.0,440.0,78298,9.067919997956524,2002-01-01
Antigua and Barbuda,3,2003,0.632727253612813,19.421048925947265,21.020454545454545,1093897040.2100115,0.0,0.0872513009,30.464,0.479394028161868,5630000.11444092,4.73888212574556,5.169522512640113,750.0,26.64,2496.9,440.0,440.0,79311,9.456443620683132,2003-01-01
Antigua and Barbuda,3,2004,0.633465546936145,8.738066339946926,20.868181818181817,1156982395.5025969,0.0,0.0872513009,29.837,0.47963464822175,1899999.97615814,4.5571331912606,4.97840616326683,760.0,26.37,3059.6,440.0,440.0,80347,9.458971710206978,2004-01-01
Antigua and Barbuda,3,2005,0.62927287379005,21.60032983345401,20.715909090909093,1231883484.1481094,0.0,0.0872513009,29.218,0.493706580141856,8060000.419616699,4.8961315626903,5.033021531511625,790.0,26.77,3138.3,440.0,440.0,81462,9.697773194863863,2005-01-01
Antigua and Barbuda,3,2006,0.617850840616417,30.99521839977736,20.56363636363637,1388433067.064359,0.0,0.0872513009,28.606,0.461135792996357,3279999.97138977,4.73067340737922,5.319470470894034,860.0,26.58,3037.6,440.0,440.0,82715,10.397146829474702,2006-01-01
Antigua and Barbuda,3,2007,0.616025031375646,25.76289071647221,20.411363636363635,1517770927.228716,0.0,0.0872513009,28.002,0.464540931234396,4989999.771118159,5.2848100963303,5.4743005390995965,920.0,26.55,2384.1,440.0,440.0,84029,10.948601078199191,2007-01-01
Antigua and Barbuda,3,2008,0.661533234413801,11.589461233405192,20.25909090909091,1517553268.982741,0.0,0.0872513009,27.405,0.472043726910661,6070000.17166138,5.0508982710941,5.621003817598426,970.0,26.23,3059.0,440.0,440.0,85394,11.35911188139682,2008-01-01
Antigua and Barbuda,3,2009,0.653068566078395,6.565554607431351,20.10681818181818,1336012965.824548,0.0,0.0872513009,26.818,0.474544748679367,4260000.228881841,4.80194344729023,16.024347785988493,1930.0,26.68,2072.0,440.0,440.0,86743,22.24963397622863,2009-01-01
Antigua and Barbuda,3,2010,0.647281031977233,8.416401826219014,19.954545454545453,1231261603.445324,0.0,0.0872513009,26.238,0.485014716930283,19659999.8474121,5.40481653313265,5.566284221288197,1040.0,26.96,2881.0,440.0,440.0,88030,11.814154265591275,2010-01-01
Antigua and Barbuda,3,2011,0.643419216169564,5.7277140401481965,19.80454545454545,1207145958.1923,0.0777999982237816,0.0872513009,25.703,0.478534929616741,15420000.0762939,4.51276356920295,5.714285714285714,1070.0,26.53,2697.2,440.0,440.0,89250,11.988795518207285,2011-01-01
Antigua and Barbuda,3,2012,0.625629559828154,10.781060755711676,19.654545454545456,1247861376.2046812,0.152099996805191,0.0872513009,25.526,0.487560407703233,2089999.91416931,4.59685818713224,7.963985089650138,1290.0,26.71,2324.6,440.0,440.0,90407,14.268806618956496,2012-01-01
Antigua and Barbuda,3,2013,0.616852030995684,11.366474257894456,19.50454545454545,1240363271.731094,0.146599993109703,0.0872513009,25.35,0.481565930666113,1590000.0333786,4.2144548203481,5.136050704841002,1060.0,26.73,2365.3,440.0,440.0,91510,11.583433504535025,2013-01-01
Antigua and Barbuda,3,2014,0.617416694151799,3.7018378093422863,19.354545454545452,1287444082.9369884,0.144400000572205,0.0872513009,25.175,0.456722421782363,2549999.95231628,4.30129976024709,5.185713359694042,1070.0,26.76,2474.4,440.0,440.0,92562,11.55981936431797,2014-01-01
Antigua and Barbuda,3,2015,0.622298394236465,8.530357746701998,19.204545454545453,1336692592.5925925,0.482199996709824,0.0872513009,25.0,0.465314930312177,1490000.00953674,4.81857477179702,5.236665206100181,1100.0,26.94,1570.1,440.0,440.0,93571,11.755779034102446,2015-01-01
Antigua and Barbuda,3,2016,0.621052626710166,6.782192763669583,19.045454545454547,1410163355.621698,0.598399996757507,0.0872513009,24.846,0.458546144510913,180000.00715255702,4.68708779637289,5.289885738468049,1130.0,26.93,2551.5,440.0,440.0,94520,11.955141768937793,2016-01-01
Antigua and Barbuda,3,2017,0.594801063588033,10.304762818675751,18.90909090909091,1454503449.7303157,0.602199971675873,0.0872513009,24.713,0.437859529215595,10300000.1907349,4.13609882289286,5.239717055279015,1160.0,26.79,2703.1,440.0,440.0,95425,12.156143568247314,2017-01-01
Antigua and Barbuda,3,2018,0.625932182928702,12.755418093659864,18.75,1554626242.8788066,0.904900014400482,0.0872513009,24.599,0.448569672458893,17590000.1525879,4.65509241986169,5.504663384640951,1210.0,26.46,2359.0,440.0,440.0,96282,12.567250368708583,2018-01-01
Antigua and Barbuda,3,2019,0.625932182928702,7.571001550380537,18.59090909090909,1630215842.3024037,0.9442434932874596,0.0872513009,24.506,0.448216926175376,27440000.5340576,4.6741964313519215,5.573051642338578,1242.608695652174,26.85,2362.7,440.0,440.0,97115,12.795229322475148,2019-01-01
Antigua and Barbuda,3,2020,0.6239316406392497,5.365871268888712,18.454545454545453,1301036618.2978752,0.9852975582130012,0.0872513009,24.433,0.4475276645453348,28488750.55710473,4.688555593492557,5.641881362429153,1275.3308128544425,26.88,2325.4,440.0,440.0,97928,13.023147749922826,2020-01-01
Argentina,5,1995,0.445857513873732,2.1739275897499706,12.530100230570508,348389357874.28314,11.2051846343744,0.06872965,88.164,0.380349276708925,148179992.67578098,3.12535271730904,3.2677572934643013,260580.0,14.73,481.5,2736690.0,2780400.0,34828168,7.481875015648254,1995-01-01
Argentina,5,1996,0.444475088393322,2.553203406083324,12.463377291545626,367643757074.8025,10.1938555855904,0.067611686,88.366,0.383187675427594,122440002.441406,3.4457438888961,3.590723766891666,272500.0,14.74,610.59,2736690.0,2780400.0,35246376,7.731291296444207,1996-01-01
Argentina,5,1997,0.439980030126148,3.127877938681959,12.396654352520748,397463514160.8664,10.9990733955932,0.066493722,88.564,0.379189804134455,99260002.1362305,3.25018701639143,3.5706435218368746,274400.0,15.13,632.07,2736690.0,2780400.0,35657438,7.695449123405893,1997-01-01
Argentina,5,1998,0.436503662658762,2.438768961544869,12.329931413495864,412766570325.7643,11.343009140403,0.065375758,88.759,0.376478092452371,73959999.0844727,3.2557434233167,3.692658253920292,278480.0,14.8,604.81,2736690.0,2780400.0,36063451,7.721945412267949,1998-01-01
Argentina,5,1999,0.436503301340635,8.460582171338057,12.263208474470986,398792535409.2926,10.3061733856805,0.064257794,88.952,0.376514845522495,82379997.253418,3.0304330434181,3.679743269694991,283170.0,14.54,612.84,2736690.0,2780400.0,36467218,7.76505627602303,1999-01-01
Argentina,5,2000,0.436805179041846,3.665790595353791,12.196485535446104,395646066535.8751,9.84799957275391,0.06313983,89.142,0.378071044497232,74559997.55859381,2.99756088484173,3.577628212854423,284590.0,14.21,690.23,2736690.0,2780400.0,36870796,7.7185748851204625,2000-01-01
Argentina,5,2001,0.436367224384149,0.8061641347593484,12.080871417661482,378202665751.8526,11.5088996887207,0.071675141,89.329,0.350614859883693,157639999.38964802,2.96468390747696,3.3499085891044564,277330.0,14.85,689.24,2736690.0,2780400.0,37275644,7.439978770051565,2001-01-01
Argentina,5,2002,0.435033798988201,2.198958195022074,11.96525729987686,336999433710.193,11.6190996170044,0.080210452,89.51,0.330886210067175,98989997.8637695,2.9248342736037,3.117424796406047,274150.0,14.6,728.26,2736690.0,2780400.0,37681743,7.275406554309337,2002-01-01
Argentina,5,2003,0.434033509975389,1.2948108688394413,11.849643182092237,366780211148.6741,10.8246002197266,0.088745763,89.686,0.342187058946521,117720001.220703,3.04214059153485,3.370102173747408,295740.0,15.0,568.68,2736690.0,2780400.0,38087866,7.7646776009976515,2003-01-01
Argentina,5,2004,0.432720448460476,2.505017516409696,11.734029064307611,399898899166.7381,9.28870010375977,0.097281074,89.86,0.344677078385049,97339996.3378906,3.08202270307695,3.685184208550511,310990.0,14.96,554.15,2736690.0,2780400.0,38491970,8.079347458703724,2004-01-01
Argentina,5,2005,0.435226070504403,2.649354414521665,11.61841494652299,435296589745.3388,9.64350032806396,0.097281074,90.031,0.368108385765499,93870002.746582,2.92022736995156,3.762123927735544,315570.0,14.64,543.33,2736690.0,2780400.0,38892924,8.113815253386452,2005-01-01
Argentina,5,2006,0.43527440029606,2.3810685448962774,11.502800828738366,470325565798.3527,9.180100440979,0.097281074,90.2,0.345434159813945,114209999.084473,3.02992020080199,3.95445381400542,330120.0,15.16,568.01,2736690.0,2780400.0,39289876,8.402164465981008,2006-01-01
Argentina,5,2007,0.435227257726122,2.2512942356836088,11.387186710953744,512690850741.5605,7.71659994125366,0.097281074,90.366,0.35778841270002,90230003.3569336,3.18735501562225,4.123292779011389,343550.0,14.2,565.78,2736690.0,2780400.0,39684303,8.657075317664015,2007-01-01
Argentina,5,2008,0.435865370777896,2.689900965070933,11.27157259316912,533491913656.2786,7.65110015869141,0.097281074,90.53,0.350655933484959,125019996.643066,3.45857874823932,4.19534263823654,347610.0,15.06,511.11,2736690.0,2780400.0,40080159,8.67286978577106,2008-01-01
Argentina,5,2009,0.436363774453793,1.206439226475663,11.155958475384498,501917060966.2351,8.59099960327148,0.097281074,90.691,0.347371706560247,116029998.779297,2.70644363174202,3.8890604021175816,328570.0,15.12,513.82,2736690.0,2780400.0,40482786,8.116289229698767,2009-01-01
Argentina,5,2010,0.437718656259874,2.675161718865369,11.040344357599874,552738161802.4628,8.78750038146973,0.105816385,90.849,0.355663891120873,130309997.558594,3.09811090131883,4.122245087353521,334590.0,14.62,533.42,2736690.0,2780400.0,40788453,8.203056879847834,2010-01-01
Argentina,5,2011,0.414953136803747,2.0446400800307067,10.958712897697584,585924294024.7853,8.83310031890869,0.105816385,90.99,0.358962521849458,97050003.0517578,3.20799724953991,4.296015485625944,344800.0,14.9,536.49,2736690.0,2780400.0,41261490,8.356460224776178,2011-01-01
Argentina,5,2012,0.39921688938113,2.806671899829319,10.877081437795292,579910247223.428,8.61180019378662,0.105816385,91.121,0.352389322502253,177759994.506836,3.13917444543749,4.277881788848998,348940.0,15.28,596.11,2736690.0,2780400.0,41733271,8.36119459699193,2012-01-01
Argentina,5,2013,0.387553717783868,1.7792055364853054,10.795449977893004,593858966307.1565,8.9133996963501,0.105816385,91.249,0.342495119440737,34729999.5422363,3.50381186563287,4.359886344397611,358180.0,15.12,498.35,2736690.0,2780400.0,42202935,8.48708745019748,2013-01-01
Argentina,5,2014,0.393271908785297,0.9624066503255188,10.713818517990711,578937574935.6956,9.78139972686768,0.105816385,91.377,0.336607281346501,48790000.9155273,3.50249299533754,4.216360632301761,356100.0,15.12,674.32,2736690.0,2780400.0,42669500,8.34553955401399,2014-01-01
Argentina,5,2015,0.398720966302453,1.9771346178442624,10.63218705808842,594749285413.2124,9.3931999206543,0.105816385,91.503,0.340575653500826,-18870000.8392334,3.52754407097757,4.314433522459884,362560.0,15.25,622.12,2736690.0,2780400.0,43131966,8.40583060832423,2015-01-01
Argentina,5,2016,0.403622810144742,0.5847499317239088,10.600396829746884,582376550428.09,9.37689971923828,0.105816385,91.627,0.374010185061048,2619999.88555908,3.0708832294793,4.227539441740891,366370.0,14.74,635.38,2736690.0,2780400.0,43590368,8.404838426690961,2016-01-01
Argentina,5,2017,0.405525307822448,1.7893642845875808,10.559836883242165,598790850843.6769,10.3684997558594,0.105816385,91.749,0.380312024744697,-1169999.95708466,3.34064198697551,4.089471515725201,367320.0,15.3,608.18,2736690.0,2780400.0,44044811,8.339688414147128,2017-01-01
Argentina,5,2018,0.40675024999503,2.232532212602002,10.520373151507844,583118120294.0024,10.5207996368408,0.105816385,91.87,0.381053805212495,73110000.6103516,3.31174609785516,3.9872341980588977,365650.0,14.99,576.72,2736690.0,2780400.0,44494502,8.217869254947498,2018-01-01
Argentina,5,2019,0.406867346013765,1.474349429119141,10.48017860992659,571304530654.9193,10.491043767382818,0.105816385,91.991,0.376826417766965,18250000.0,3.3198501578789044,4.018515802606489,370218.2608695653,14.97,567.18,2736690.0,2780400.0,44938712,8.238292652214092,2019-01-01
Argentina,5,2020,0.4052427556862664,1.0324108813508763,10.440714878192267,514772410744.8861,10.50396499267814,0.107361665625,92.111,0.3766796319777167,12836250.305175792,3.314376517399896,4.03711545633322,374466.88090737246,15.28,475.67,2736690.0,2780400.0,45376763,8.252392990380836,2020-01-01
Armenia,6,1995,0.557557796249824,1.7244227571625588,11.720583069898138,3083849087.130876,9.27435270712397,0.196180332,66.057,0.376386664273134,217710006.71386695,1.00910986726887,1.0909602905994966,6710.0,7.04,468.71,28470.0,29740.0,3217349,2.0855679629409183,1995-01-01
Armenia,6,1996,0.55741379067703,1.100209245859164,11.713242009132422,3264729194.5989146,12.4733043728429,0.196180332,65.781,0.372495266638904,292279998.779297,1.01504703922588,0.8111828339824374,5650.0,7.14,463.29,28470.0,29740.0,3168213,1.783339693385514,1996-01-01
Armenia,6,1997,0.556115983330558,3.1680536354990823,11.705900948366702,3373153453.1560416,10.1201143904778,0.196180332,65.504,0.367232278994367,166270004.272461,1.07548274825191,1.066043297316603,6260.0,6.49,507.99,28470.0,29740.0,3133081,1.9980332458688428,1997-01-01
Armenia,6,1998,0.554043250738063,12.270779740269806,11.698559887600982,3619393654.8218713,9.38056341350592,0.1776544434,65.226,0.378541886055455,194259994.506836,1.12115612832978,1.11622544665906,6180.0,7.59,455.66,28470.0,29740.0,3108691,1.987975002983571,1998-01-01
Armenia,6,1999,0.553628208194725,6.612580808614138,11.691218826835264,3738833645.452045,8.35879537917464,0.1776544434,64.947,0.383567888132965,209240005.493164,1.12471270965877,1.0067917980459824,5670.0,7.69,471.64,28470.0,29740.0,3089020,1.8355335996529645,1999-01-01
Armenia,6,2000,0.495639710455556,5.4504331557356105,11.683877766069548,3959424830.650402,7.1628999710083,0.1776544434,64.666,0.384829290907601,215889999.389648,1.10729056014043,1.1597613628108183,6020.0,7.23,402.25,28470.0,29740.0,3069597,1.9611694955396424,2000-01-01
Armenia,6,2001,0.501502765048173,3.298067417436928,11.676571829996488,4339529614.364173,5.41800022125244,0.1776544434,64.385,0.391577342835595,211470001.220703,1.18366895998315,1.1800624515272955,6140.0,7.87,465.7,28470.0,29740.0,3050686,2.012662070104888,2001-01-01
Armenia,6,2002,0.497282212087584,4.659499748950484,11.669265893923429,4912347523.370658,8.89729976654053,0.1591285548,64.236,0.408391616494584,295220001.220703,1.20528909568235,1.0283535532252068,5810.0,6.78,643.69,28470.0,29740.0,3033976,1.9149788923841191,2002-01-01
Armenia,6,2003,0.500544386724233,4.37657009672658,11.661959957850367,5600076176.7186985,9.80930042266846,0.1406026662,64.137,0.422640798665019,250399993.896484,1.24001493054129,1.1597322410201931,6230.0,6.82,681.4,28470.0,29740.0,3017938,2.064323389015944,2003-01-01
Armenia,6,2004,0.497045154619658,6.909902013030952,11.65465402177731,6188084175.208092,8.7056999206543,0.1406026662,64.038,0.411154120328346,256119995.117188,1.39253386602031,1.2530346933980734,6620.0,7.0,585.06,28470.0,29740.0,3000715,2.206140869759374,2004-01-01
Armenia,6,2005,0.495472603623534,5.960106339583573,11.64734808570425,7048227875.507145,6.48939990997314,0.1406026662,63.938,0.431734387859471,172619995.117188,1.5152866004801,1.4960107498099795,7350.0,7.06,611.28,28470.0,29740.0,2981262,2.465398881413308,2005-01-01
Armenia,6,2006,0.486033485756786,7.307315031613704,11.640042149631192,7978593955.036461,7.6508002281189,0.1406026662,63.839,0.415905627469714,215389999.389648,1.53826893955821,1.5177630673822575,7770.0,7.28,546.72,28470.0,29740.0,2958301,2.6265075798574924,2006-01-01
Armenia,6,2007,0.480888246183799,7.252331977190815,11.63273621355813,9071661326.99986,7.01520013809204,0.1406026662,63.739,0.424347967295813,351899993.896484,1.83838376159314,1.7731614957981188,8440.0,6.66,688.95,28470.0,29740.0,2932615,2.877977504718485,2007-01-01
Armenia,6,2008,0.471349187049054,8.09234920917782,11.625430277485073,9697605958.601822,6.40320014953613,0.1406026662,63.64,0.443839642113742,296029998.779297,2.15421168682644,1.9569303363753452,8990.0,6.96,475.44,28470.0,29740.0,2907615,3.091881146575458,2008-01-01
Armenia,6,2009,0.467079747625945,8.788694552480889,11.618124341412011,8330243518.371102,7.79829978942871,0.1220767776,63.54,0.433590124163068,405600006.103516,1.89190165671595,1.561583521865978,7900.0,7.1,656.17,28470.0,29740.0,2888094,2.73536803164994,2009-01-01
Armenia,6,2010,0.455506917839423,5.716037845460043,11.610818405338954,8513508875.793184,9.35709953308105,0.1220767776,63.44,0.435816910508351,320320007.324219,1.86982690483627,1.508351191423668,7750.0,8.86,645.23,28470.0,29740.0,2877314,2.693484270399407,2010-01-01
Armenia,6,2011,0.475076260705831,6.440668367053616,11.603512469265894,8913643792.842585,8.00720024108887,0.1220767776,63.34,0.435986753503622,375989990.234375,2.05037225364667,1.7173433602082504,8380.0,6.44,636.31,28470.0,29740.0,2876536,2.9132261859403115,2011-01-01
Armenia,6,2012,0.469225290183904,4.676727877655671,11.596206533192834,9555426146.013254,6.56379985809326,0.1220767776,63.24,0.444879819747921,270559997.558594,2.12142384992818,1.9831921002385728,9360.0,7.54,487.39,28470.0,29740.0,2884239,3.245223436754028,2012-01-01
Armenia,6,2013,0.468271858824575,3.1119314812579626,11.588900597119776,9870755208.831692,6.76999998092651,0.1220767776,63.164,0.460489129053667,280359985.35156304,2.01235559421727,1.8981271696887727,9300.0,7.11,513.25,28470.0,29740.0,2897593,3.2095604869282885,2013-01-01
Armenia,6,2014,0.461301420833802,3.50211424719527,11.581594661046717,10226102396.407864,7.08090019226074,0.1220767776,63.112,0.476528031250791,267429992.675781,2.01631225914539,1.8816077307982448,9260.0,7.92,499.19,28470.0,29740.0,2912403,3.1795050341590776,2014-01-01
Armenia,6,2015,0.461285776005048,1.744736992413284,11.574288724973655,10553337672.987204,10.7468996047974,0.103550889,63.085,0.484312305174971,347480010.986328,1.97964412863203,1.825292192022106,9260.0,7.74,580.34,28470.0,29740.0,2925559,3.165207059573914,2015-01-01
Armenia,6,2016,0.449998226400109,3.164508220693244,11.56691253951528,10574444348.314814,13.15149974823,0.103550889,63.082,0.49357984672206,326429992.675781,1.86033187107702,1.72675278179192,9510.0,7.17,637.29,28470.0,29740.0,2936147,3.2389386498700508,2016-01-01
Armenia,6,2017,0.434530707751518,2.1768467768348345,11.559536354056902,11367527674.611998,12.5626001358032,0.103550889,63.103,0.491593845293453,257540008.544922,1.81204002799729,1.8065810487610487,9280.0,7.38,441.17,28470.0,29740.0,2944789,3.151329348214761,2017-01-01
Armenia,6,2018,0.431361018837491,2.141806066517253,11.552160168598526,11958639113.652405,11.1330003738403,0.103550889,63.149,0.501332828926009,141619995.117188,1.90039211653785,1.8802462682193324,9360.0,8.67,533.08,28470.0,29740.0,2951741,3.1710099226185497,2018-01-01
Armenia,6,2019,0.431361018837491,0.7411992401491507,11.544783983140148,12867495686.115292,11.213811141958402,0.103550889,63.219,0.511378896478372,419730010.986328,1.9391435186799797,1.9145630498549773,9475.217391304348,7.95,398.85,28470.0,29740.0,2957728,3.2035458944515343,2019-01-01
Armenia,6,2020,0.4261028197786438,0.373252091327348,11.53740779768177,11915301005.34276,11.159050566702554,0.099691328875,63.313,0.5170035728202569,428147511.1643472,1.979321626482332,1.962536102719001,9641.531190926276,7.76,534.25,28470.0,29740.0,2963234,3.253719142979014,2020-01-01
Australia,7,1995,0.335644013780418,3.606497774897536,17.292757377347932,708840961389.3658,8.21780571247124,0.051383817,84.898,0.583311582872358,133265336.60888693,7.90345616292762,15.992142540947322,516760.0,21.77,524.04,7682300.0,7741220.0,18072000,28.59451084550686,1995-01-01
Australia,7,1996,0.263672177453139,1.1378887030670717,17.265837054007264,736162668909.9102,8.86597056035989,0.0546096304,84.767,0.587231397575182,133265336.60888693,7.80023321158225,16.36120364808039,514520.0,22.11,476.1,7682300.0,7741220.0,18311000,28.098956911146303,1996-01-01
Australia,7,1997,0.336812564271822,1.857942380202271,17.2389167306666,764934047459.5343,9.08024283629251,0.0578354438,84.636,0.591375748472155,133265336.60888693,7.13689139820944,16.566938488956094,522740.0,21.82,526.72,7682300.0,7741220.0,18517000,28.230274882540368,1997-01-01
Australia,7,1998,0.337540039355601,1.9022348595049412,17.21199640732593,800228192955.1635,8.59507269440585,0.0610612572,84.503,0.59670443280475,133265336.60888693,8.10622373018652,17.511624178290845,550570.0,22.42,546.28,7682300.0,7741220.0,18711000,29.42493720271498,1998-01-01
Australia,7,1999,0.337600590364341,0.5682149395678483,17.185076083985265,839732857524.8698,8.50727378721517,0.0642870706,84.37,0.603771090167746,133265336.60888693,7.90810005777896,17.596956567684668,583610.0,21.9,573.89,7682300.0,7741220.0,18926000,30.83641551305083,1999-01-01
Australia,7,2000,0.336568920270511,3.583693629092742,17.158155760644597,872586798723.3667,8.42399978637695,0.067512884,84.235,0.611929606241195,133265336.60888693,7.93413744573908,17.689656972797998,608210.0,21.52,650.44,7682300.0,7741220.0,19153000,31.755338589254947,2000-01-01
Australia,7,2001,0.264323971601465,2.827113530581796,17.128633351990942,890372741826.7708,8.37100028991699,0.0615854218,84.1,0.617203960270883,133265336.60888693,7.87886555177203,17.76953587801988,634100.0,21.58,497.69,7682300.0,7741220.0,19413000,32.66367897800443,2001-01-01
Australia,7,2002,0.338383404892555,3.707244672653604,17.09911094333728,926116992865.1776,8.73950004577637,0.0556579596,84.222,0.619682612228094,133265336.60888693,8.31041456646498,17.957499211252124,627080.0,22.25,341.96,7682300.0,7741220.0,19651400,31.91019469350784,2002-01-01
Australia,7,2003,0.312397807356688,1.9224268149496195,17.069588534683625,954922242233.238,7.15150022506714,0.0497304974,84.343,0.624431616321103,133265336.60888693,8.24594810149108,17.692029313308602,546710.0,22.22,464.52,7682300.0,7741220.0,19895400,27.479216301255565,2003-01-01
Australia,7,2004,0.287449226093605,6.986327978605853,17.040066126029966,995080989941.1948,6.68079996109009,0.0497304974,84.463,0.63215005861854,133265336.60888693,8.82515094114775,18.14789789043791,605380.0,22.07,494.91,7682300.0,7741220.0,20127400,30.07740691793277,2004-01-01
Australia,7,2005,0.268048326379975,-3.610133447087215,17.010543717376304,1026528915832.152,6.71229982376099,0.0497304974,84.582,0.637232399373867,133265336.60888693,8.90610792445047,18.117853570517976,568380.0,22.57,402.8,7682300.0,7741220.0,20394800,27.8688685351168,2005-01-01
Australia,7,2006,0.267172507490384,4.08679675381824,16.98102130872265,1054521265557.738,6.853600025177,0.0497304974,84.7,0.68182775338405,133265336.60888693,8.93204491125414,18.120678909454583,611700.0,21.92,461.26,7682300.0,7741220.0,20697900,29.553722841447684,2006-01-01
Australia,7,2007,0.268063177014339,5.204029361598056,16.95149890006899,1094260767801.9368,6.9520001411438,0.0497304974,84.822,0.690047803959815,133265336.60888693,8.50626453554532,18.502851984866236,614990.0,22.08,472.32,7682300.0,7741220.0,20827600,29.527646008181453,2007-01-01
Australia,7,2008,0.265468580619889,4.2800552794292965,16.92197649141533,1133402638271.946,6.78999996185303,0.0497304974,84.943,0.698206804463334,133265336.60888693,8.74624046018672,18.283041243905654,587260.0,21.78,468.17,7682300.0,7741220.0,21249200,27.63680515031154,2008-01-01
Australia,7,2009,0.26931564005168,3.0907259908264826,16.892454082761674,1154561362206.7656,7.14890003204346,0.0497304974,85.063,0.69012442421706,133265336.60888693,8.27878333091098,18.20742495977724,601070.0,22.22,478.91,7682300.0,7741220.0,21691700,27.709676973220173,2009-01-01
Australia,7,2010,0.267261676258012,3.0682350661792777,16.862931674108015,1179642326916.5256,8.1633996963501,0.0438030352,85.182,0.697181499922381,133265336.60888693,8.15748740511848,17.581444960114382,571220.0,21.58,640.37,7682300.0,7741220.0,22031750,25.92712789496976,2010-01-01
Australia,7,2011,0.267013523930412,4.689499920715252,16.9553102586465,1208776499565.8467,8.31859970092773,0.0438030352,85.3,0.700980262124714,133265336.60888693,8.5636103303361,17.268110365503638,673130.0,21.53,563.14,7682300.0,7741220.0,22340024,30.131122509089515,2011-01-01
Australia,7,2012,0.266658814406557,3.721313180426967,17.047688843184986,1256128656424.85,8.29450035095215,0.0438030352,85.402,0.704525188181082,133265336.60888693,7.73360326323007,16.969256556358655,670930.0,21.83,470.49,7682300.0,7741220.0,22733465,29.512878921009182,2012-01-01
Australia,7,2013,0.265749814196931,3.4551964073961066,17.14006742772347,1288790662985.5403,9.21520042419434,0.0438030352,85.502,0.715203264286451,133265336.60888693,7.15572480582245,16.39864599509973,581890.0,22.81,443.93,7682300.0,7741220.0,23128129,25.15940653911088,2013-01-01
Australia,7,2014,0.263131054299362,4.306815707514736,17.232446012261953,1321821485124.7607,9.3169002532959,0.0438030352,85.602,0.717873626823565,133265336.60888693,6.82388221254963,15.755876100915646,593500.0,22.63,462.17,7682300.0,7741220.0,23475686,25.28147633257661,2014-01-01
Australia,7,2015,0.265153482130424,3.472167543492656,17.324824596800436,1350534154255.7617,9.31550025939941,0.037875573,85.701,0.715569054912569,133265336.60888693,6.47987608783374,15.786449400917324,594580.0,22.43,452.05,7682300.0,7741220.0,23815995,24.965574606477706,2015-01-01
Australia,7,2016,0.265330129777432,3.5609542941908936,17.425487713240475,1387560980285.6284,9.4197998046875,0.037875573,85.8,0.71606679613002,133265336.60888693,6.72866463778283,15.872079537985078,573390.0,22.5,498.12,7692020.0,7741220.0,24190907,23.70270779843021,2016-01-01
Australia,7,2017,0.264035193450308,3.632469395124017,17.422913616969275,1419418366737.2395,9.68610000610352,0.037875573,85.904,0.702448038877458,133265336.60888693,7.23675786362251,15.738647403082531,619790.0,22.57,472.86,7692020.0,7741220.0,24601860,25.192810624887716,2017-01-01
Australia,7,2018,0.262301480300713,4.292849404907124,17.42131455716444,1460169477425.407,9.64500045776367,0.037875573,86.012,0.706798997764731,133265336.60888693,7.08603895065639,15.475516485655987,615380.0,22.58,450.91,7692020.0,7741220.0,24982688,24.632257345566657,2018-01-01
Australia,7,2019,0.262301480300713,2.8090900166566737,17.42131455716444,1491025040336.1536,9.707052403211168,0.037875573,86.124,0.702985856676859,133265336.60888693,7.050499071861989,15.453054483252016,619667.8260869565,22.88,377.53,7692020.0,7741220.0,25365745,24.42931702131976,2019-01-01
Australia,7,2020,0.2592455414057252,1.4790148795482132,17.42131455716444,1490967836287.2383,9.74362117898731,0.0373127295,86.241,0.7079722847520465,133265336.60888693,7.017901935352412,15.41356973695513,624239.4706994329,22.65,481.85,7692020.0,7741220.0,25693267,24.29583869966528,2020-01-01
Austria,8,1995,0.268340259740048,0.7571785816801828,46.09960038750303,268468179542.48343,25.6300879484846,0.021633698,61.596,0.601992143844624,133265336.60888693,5.42349783918716,7.697264740865883,77160.0,6.64,1237.82,82580.0,83879.0,7948278,9.707763115482372,1995-01-01
Austria,8,1996,0.265895389409994,1.822337535013965,46.175248244126905,274775930301.86948,24.0368773390085,0.0215631292,61.32,0.6086571326652,133265336.60888693,5.97306016102365,8.154273322949305,80880.0,5.66,1259.87,82580.0,83879.0,7959017,10.162058957783357,1996-01-01
Austria,8,1997,0.263107229629088,1.2542743766393802,46.25089610075078,280528637501.2281,24.8710509023689,0.0214925604,61.045,0.611848248670122,133265336.60888693,5.71596763387073,8.05969748398634,79870.0,6.79,1141.01,82580.0,83879.0,7968041,10.023793803269838,1997-01-01
Austria,8,1998,0.261534322795129,2.0946841883428493,46.32654395737467,290575562542.0553,24.4093544161425,0.0214219916,60.768,0.614435856857874,133265336.60888693,5.56886910957904,8.107272236986587,79850.0,6.95,1187.34,82580.0,83879.0,7976789,10.010293615639076,1998-01-01
Austria,8,1999,0.260060364325318,1.369564751170588,46.40219181399854,300909392067.8433,26.4383107878083,0.0213514228,60.491,0.618589478129524,133265336.60888693,5.58210475295587,7.888819322139593,78030.0,6.96,1277.51,82580.0,83879.0,7992324,9.763117711444131,1999-01-01
Austria,8,2000,0.25787218896482,4.3196255093550535,46.47783967062243,311067257058.5357,26.4358005523682,0.021280854,60.213,0.62247644929676,133265336.60888693,5.62659996839541,7.929785512595166,78240.0,7.81,1266.58,82580.0,83879.0,8011566,9.765880977576668,2000-01-01
Austria,8,2001,0.258146111117757,2.8830929820567346,46.50818600145313,315009002387.09155,25.5277996063232,0.0200031804,59.934,0.63085888889762,133265336.60888693,5.85158767757637,8.44410916140459,82550.0,6.82,1157.1,82580.0,83879.0,8042293,10.264485514268133,2001-01-01
Austria,8,2002,0.256807580494716,0.0648363837643221,46.53853233228384,320211545920.2487,24.6828994750977,0.0187255068,59.655,0.637394321752555,133265336.60888693,5.69878433150872,8.583317134698934,83860.0,7.55,1305.22,82580.0,83879.0,8081957,10.376199724893365,2002-01-01
Austria,8,2003,0.2544987569786,2.3672609049546014,46.56887866311456,323226244509.89294,22.5580005645752,0.0174478332,59.375,0.634770427351066,133265336.60888693,6.02911222199446,9.168344020499855,88940.0,7.1,956.94,82580.0,83879.0,8121423,10.9512827985933,2003-01-01
Austria,8,2004,0.251809510244059,1.058027579034403,46.59922499394526,332066870887.6201,23.1714000701904,0.0174478332,59.094,0.639577506498736,133265336.60888693,6.1999234181248,9.275613726244089,89750.0,6.58,1151.43,82580.0,83879.0,8171966,10.98266928668083,2004-01-01
Austria,8,2005,0.249645691005621,25.66539714709834,46.62957132477597,339518668391.82227,24.4351005554199,0.0174478332,58.813,0.649130258635107,133265336.60888693,6.30054463136297,9.266113819331927,89790.0,6.2,1195.06,82580.0,83879.0,8227829,10.912963796403645,2005-01-01
Austria,8,2006,0.247278495137645,3.1251494779180087,46.65991765560669,351245785239.5853,26.7506008148193,0.0174478332,58.532,0.680093547735851,133265336.60888693,6.57562603605303,8.961569380022667,87470.0,7.01,1117.13,82580.0,83879.0,8268641,10.578521911883708,2006-01-01
Austria,8,2007,0.245656038731661,17.717340682610388,46.69139480248977,364338174382.4956,29.0263996124268,0.0174478332,58.249,0.691944762807752,133265336.60888693,6.51497179682265,8.587802018133473,84390.0,7.62,1247.04,82578.0,83879.0,8295487,10.173001295764792,2007-01-01
Austria,8,2008,0.244276517829145,1.464380045626025,46.72174186829422,369659055340.93134,29.7556991577148,0.0174478332,57.966,0.689720747825996,133265336.60888693,6.55317565430801,8.499673616378594,83950.0,7.48,1184.27,82578.0,83879.0,8321496,10.088330271383896,2008-01-01
Austria,8,2009,0.24824761799341,3.5734768412160807,46.75208893409867,355742951210.8733,31.2884006500244,0.0174478332,57.683,0.673607045549356,133265336.60888693,5.94151039339013,7.721144201177397,77000.0,7.3,1304.39,82578.0,83879.0,8343323,9.228936719817751,2009-01-01
Austria,8,2010,0.246221085777885,-5.615650034432947,46.78640200554674,362278282473.23193,31.1345996856689,0.0161701596,57.399,0.680708353483001,133265336.60888693,6.32454095947624,8.365015010634426,82720.0,6.34,1232.43,82571.0,83879.0,8363404,9.890709572322466,2010-01-01
Austria,8,2011,0.241893457675479,5.331213212198524,46.83564879301365,372866942272.7432,31.6378002166748,0.0161701596,57.115,0.681191790023755,133265336.60888693,6.54822973656747,8.135474781279424,80790.0,7.71,1021.96,82561.0,83879.0,8391643,9.62743529485227,2011-01-01
Austria,8,2012,0.235676133343748,1.2746210241656093,46.883203721200665,375404098888.8498,34.2843017578125,0.0161701596,57.147,0.685506886994128,133265336.60888693,6.04005219188647,7.723614414297715,77570.0,7.48,1214.52,82554.0,83879.0,8429991,9.201670559316137,2012-01-01
Austria,8,2013,0.242904922258545,0.1048919978655524,46.93986502041657,375499844623.848,34.7025985717773,0.0161701596,57.336,0.701461051138121,133265336.60888693,6.09538081776682,7.753699576040679,78120.0,7.15,1254.98,82531.0,83879.0,8479823,9.212456439244074,2013-01-01
Austria,8,2014,0.245862233737354,0.3873733616636984,46.988015462355946,377982923143.8292,35.790901184082,0.0161701596,57.526,0.71490348545334,133265336.60888693,5.97169119668292,7.2533837813449376,74350.0,8.17,1314.66,82523.0,83879.0,8546356,8.6996141981448,2014-01-01
Austria,8,2015,0.238954606176049,-2.0888964407006183,47.03332525448376,381817565893.5738,34.8772010803223,0.014892486,57.715,0.712699015529085,133265336.60888693,5.90321015180743,7.306745265570396,75480.0,8.08,1151.88,82520.0,83879.0,8642699,8.73338293975065,2015-01-01
Austria,8,2016,0.233157129581576,-7.3158832437882735,47.07695104217159,389413586441.6675,34.6142997741699,0.014892486,57.905,0.697762691687552,133265336.60888693,5.8712550571742,7.255626515738037,75660.0,7.59,1431.98,82520.0,83879.0,8736668,8.66005209308629,2016-01-01
Austria,8,2017,0.227881070483903,3.247927511266933,47.120455647115854,398208774353.4747,33.959098815918,0.014892486,58.094,0.700085537178074,133265336.60888693,6.02497799231894,7.482751479215956,77830.0,7.5,1366.9,82520.0,83879.0,8797566,8.846765116624303,2017-01-01
Austria,8,2018,0.224078945158249,-6.2877275106941255,47.16396025206011,408170345615.01935,33.8456001281738,0.014892486,58.297,0.700229467346053,133265336.60888693,6.0644595526287,7.146637624637734,74980.0,8.31,1174.63,82520.0,83879.0,8840521,8.481400587137342,2018-01-01
Austria,8,2019,0.224078945158249,-2.94845938225549,47.20746485700436,414257026093.4234,34.20279630989942,0.014892486,58.515,0.696212399434498,133265336.60888693,6.092327453213115,7.122697315236509,74885.21739130435,8.16,1279.32,82520.0,83879.0,8879920,8.433095950335629,2019-01-01
Austria,8,2020,0.2222347237173407,-4.204124881060633,47.25096946194861,386358828359.9796,34.64479278689468,0.0146116021666666,58.748,0.7001382434174094,133265336.60888693,6.097512987656136,7.077846184466388,74624.57466918715,8.08,1355.44,82520.0,83879.0,8916864,8.368925966481841,2020-01-01
Azerbaijan,9,1995,0.4439877443899,13.653347783297404,11.607964718747372,8472233177.127983,1.36684006503242,0.229898461,52.206,0.314172588484361,119540000.915527,1.89575936127681,5.955874220056344,61580.0,12.93,362.19,83217.0,86600.0,7684850,8.013168767119723,1995-01-01
Azerbaijan,9,1996,0.445914535947691,19.74845945619556,11.659011980725092,8582372163.105544,1.7389026644512,0.229898461,51.896,0.311766913834668,96360000.6103516,1.89575936127681,5.201597320623471,56940.0,12.69,381.49,83217.0,86600.0,7763000,7.334793250032204,1996-01-01
Azerbaijan,9,1997,0.448027399665238,28.136572516860337,11.710059242702814,9080149749.623829,1.98984878549775,0.229898461,51.588,0.317012665161227,184059997.558594,1.79072020819006,5.03556278506044,57030.0,12.38,417.15,83217.0,86600.0,7838250,7.275858769495742,1997-01-01
Azerbaijan,9,1998,0.454396217809702,23.006797203976053,11.778799403071291,9988164830.403618,2.48438139978064,0.2164643404,51.278,0.322703968568167,120360000.610352,1.77434377166691,4.977884493870845,57850.0,13.36,348.3,83092.0,86600.0,7913000,7.3107544546948064,1998-01-01
Azerbaijan,9,1999,0.460045049766985,11.13880977987338,11.885279003687806,10727288986.58469,2.14393611406855,0.2164643404,51.185,0.323541608645654,171000000.0,1.67978937099415,4.85797500861232,58180.0,13.37,393.7,82705.0,86600.0,7982750,7.288215214055307,1999-01-01
Azerbaijan,9,2000,0.466170809858321,2.4642891757275174,11.951092548877188,11918018010.834171,2.0650999546051,0.2164643404,51.386,0.324090464027976,140610000.61035198,1.82917128789253,4.971050865989116,60260.0,13.06,367.44,82605.0,86600.0,8048600,7.487016375518723,2000-01-01
Azerbaijan,9,2001,0.441173531358556,14.359130158401689,12.006046922667185,13097901809.426636,1.75209999084473,0.2164643404,51.587,0.327963924123017,230910003.66210905,1.85364146318584,4.773646316204753,60620.0,13.59,360.66,82604.0,86600.0,8111200,7.473616727487918,2001-01-01
Azerbaijan,9,2002,0.441540270445103,32.46670118597938,12.058811639110122,14334201803.826324,2.35120010375977,0.2030302198,51.787,0.366528588807859,350809997.558594,1.92803849852222,4.665961000740337,61530.0,12.81,475.49,82618.0,86600.0,8171950,7.5294146439956195,2002-01-01
Azerbaijan,9,2003,0.44595153126053,55.07029725040229,12.108628950297632,15797480128.15358,2.94409990310669,0.1895960992,51.988,0.373354936923946,302029998.779297,2.11718694032219,4.170461859826817,59240.0,12.53,501.93,82652.0,86600.0,8234100,7.194471769835197,2003-01-01
Azerbaijan,9,2004,0.445772071979509,54.36527219643149,12.160463034642929,17259347553.771114,3.0699999332428,0.1895960992,52.189,0.376266486919226,175830001.831055,2.15337782564697,4.104014928068381,60530.0,13.09,477.88,82672.0,86600.0,8306500,7.287064347197978,2004-01-01
Azerbaijan,9,2005,0.446695747229662,33.79504714234378,12.217000967819985,22085326590.39775,3.36439990997314,0.1895960992,52.389,0.382973344915472,210399993.896484,2.28652359463395,4.3673325905491645,64520.0,13.04,448.06,82660.0,86600.0,8391850,7.688411971138664,2005-01-01
Azerbaijan,9,2006,0.445270769263022,21.37906362036039,12.27518907995208,29704764264.08497,2.86100006103516,0.1895960992,52.589,0.337915395762069,203850006.103516,2.2792434510409,4.02732024680154,67560.0,13.08,419.29,82637.0,86600.0,8484550,7.962708688144922,2006-01-01
Azerbaijan,9,2007,0.443363292939665,13.900714710248408,12.331169444141883,37130955330.10622,3.78819990158081,0.1895960992,52.79,0.341786975756119,213309997.558594,2.23033035705247,3.2058079778122197,66220.0,12.76,441.04,82629.0,86600.0,8581300,7.716779508932213,2007-01-01
Azerbaijan,9,2008,0.436759810527261,8.160909657873495,12.386262359761336,41125866703.27491,3.08579993247986,0.1895960992,52.99,0.339575666277769,225100006.103516,1.86658765859694,3.375402241139284,73800.0,12.78,375.78,82627.0,86600.0,8763400,8.421388958623366,2008-01-01
Azerbaijan,9,2009,0.433886809103185,6.547600842661123,12.441808477161048,44949076753.55087,3.26859998703003,0.1895960992,53.19,0.375545890205035,217580001.831055,2.01589085366772,2.809804092724429,74710.0,12.92,441.2,82622.0,86600.0,8947243,8.350058224639701,2009-01-01
Azerbaijan,9,2010,0.434366643027373,6.337255132933003,12.491465713317847,47218530722.19003,4.44899988174438,0.1761619786,53.406,0.366004400937566,156479995.727539,1.88966870796728,2.6672315528080923,78990.0,14.42,454.95,82656.0,86600.0,9054332,8.724000842911437,2010-01-01
Azerbaijan,9,2011,0.432937946895797,6.800620682769479,12.600995668900772,47265749252.91216,3.55579996109009,0.1761619786,53.637,0.369881647719349,287769989.013672,2.12684174061774,3.1134573963254666,82310.0,12.34,468.73,82658.0,86600.0,9173082,8.972992937379171,2011-01-01
Azerbaijan,9,2012,0.423371787516533,7.596083567606866,12.710826538266106,48289165892.6824,2.84529995918274,0.1761619786,53.883,0.36507168518418,286790008.544922,2.20639227025908,3.30902697394862,83480.0,13.36,380.54,82658.0,86600.0,9295784,8.980415207582276,2012-01-01
Azerbaijan,9,2013,0.409786069743625,3.531931398886253,12.82050351443884,51094670309.11162,2.52589988708496,0.1761619786,54.145,0.385757651712767,-70830001.8310547,2.25512793394671,3.333403774806328,83030.0,13.15,410.16,82659.0,86600.0,9416801,8.817219350817757,2013-01-01
Azerbaijan,9,2014,0.411252596332763,5.8881089160048194,12.929708575783602,52500032807.7481,2.11660003662109,0.1761619786,54.422,0.411524209781363,216740005.493164,2.12268142953899,3.4221006454167817,83210.0,13.4,375.82,82663.0,86600.0,9535079,8.72672371146584,2014-01-01
Azerbaijan,9,2015,0.410614937280694,7.62633633321074,13.0395336486699,53074370486.043335,2.31220006942749,0.162727858,54.714,0.422252688298753,69580001.8310547,2.13155415371067,3.333906429464976,82030.0,13.53,441.57,82663.0,86600.0,9649341,8.501098676065029,2015-01-01
Azerbaijan,9,2016,0.410584865653772,11.882653323778818,13.154411515664693,51429065000.97603,1.9268000125885,0.162727858,55.021,0.441680377534734,79430000.3051758,1.94525437175871,3.347061820826226,81890.0,12.95,481.86,82670.0,86600.0,9757812,8.392250229867106,2016-01-01
Azerbaijan,9,2017,0.410747181193771,7.016879436661369,13.2731460646972,51531923130.97788,1.90880000591278,0.162727858,55.343,0.43128415795116,123529998.779297,2.01818399862987,3.2443569044268474,80520.0,13.17,357.02,82662.0,86600.0,9854033,8.171273629791985,2017-01-01
Azerbaijan,9,2018,0.410747181193771,2.977946111971233,13.41392975536574,52304901977.94258,1.97130000591278,0.162727858,55.68,0.431422015790992,87410003.6621094,2.06007477762662,3.221402183209251,80260.0,14.16,401.27,82654.0,86600.0,9939771,8.074632705320877,2018-01-01
Azerbaijan,9,2019,0.410747181193771,3.1218305611249364,13.553367048176735,53612524527.3911,1.9975808729075784,0.162727858,56.031,0.450590292198766,120980003.356934,2.1496432462190818,3.102512094650682,81072.17391304347,13.72,308.62,82654.0,86600.0,10024283,8.087578324858095,2019-01-01
Azerbaijan,9,2020,0.4093621577272656,1.1902966636385477,13.692864229196411,51307185972.713295,2.0088277515361166,0.159929082875,56.397,0.4562743631868662,121040003.4586593,2.1606816759991805,3.0112475196083865,82121.39886578449,13.36,392.12,82654.0,86600.0,10093121,8.136373166019162,2020-01-01
"Bahamas, The",22,1995,0.453106444038941,3.1175269757946924,50.935064935064936,8579953919.021681,0.0,0.0872513009,80.961,0.455668473902432,250000.0,4.47543560469991,7.4238254829948,2310.0,24.81,1749.5,10010.0,13880.0,280179,8.244729262364418,1995-01-01
"Bahamas, The",22,1996,0.453106444038941,2.432806871709615,50.935064935064936,8942330883.268625,0.0,0.0872513009,81.18,0.456161496343233,1220000.02861023,4.79070735300264,6.937108247059652,2210.0,24.47,1450.76,10010.0,13880.0,283980,7.782238185787731,1996-01-01
"Bahamas, The",22,1997,0.453106444038941,3.316299136498872,50.935064935064936,9557182252.883833,0.0,0.0872513009,81.396,0.460311351034494,479999.989271164,4.55459189760259,6.159456854222708,2010.0,24.99,1532.75,10010.0,13880.0,287363,6.994637444625787,1997-01-01
"Bahamas, The",22,1998,0.453106444038941,2.1497917526437025,50.935064935064936,9126765315.75566,0.0,0.0872513009,81.611,0.464812254907035,519999.980926514,4.52802433205047,7.811424638678596,2520.0,25.18,1288.41,10010.0,13880.0,290600,8.67171369580179,1998-01-01
"Bahamas, The",22,1999,0.453106444038941,1.9430313110450852,50.935064935064936,10240004184.006924,0.0,0.0872513009,81.824,0.468492561303602,660000.026226044,5.27452740374143,7.583408997391715,2480.0,24.76,1394.98,10010.0,13880.0,294063,8.433566956740563,1999-01-01
"Bahamas, The",22,2000,0.453106444038941,3.0985071448293624,50.935064935064936,10664885923.898369,0.0,0.0872513009,82.007,0.473163011509147,589999.973773956,6.08861871770492,7.180123806807697,2390.0,24.64,1250.74,10010.0,13880.0,298045,8.018923316948783,2000-01-01
"Bahamas, The",22,2001,0.453106444038941,1.230729649439818,50.935064935064936,10944856200.132202,0.421600013971329,0.0872513009,82.049,0.476646697659655,469999.998807907,4.20124849251018,7.038576687440932,2390.0,24.75,1462.95,10010.0,13880.0,302618,7.89774567276236,2001-01-01
"Bahamas, The",22,2002,0.453106444038941,1.7203833733431215,50.935064935064936,11240878548.352556,0.380800008773804,0.0872513009,82.092,0.482331028599293,779999.971389771,4.2123423287851,7.410850395082836,2540.0,25.13,1404.33,10010.0,13880.0,307657,8.255947369960703,2002-01-01
"Bahamas, The",22,2003,0.453106444038941,2.14428489451629,50.935064935064936,11098734683.313314,1.5407999753952,0.0872513009,82.134,0.479364070803596,889999.985694885,3.84434027475936,7.185674639039611,2520.0,25.0,1286.9,10010.0,13880.0,313123,8.047955595724364,2003-01-01
"Bahamas, The",22,2004,0.453106444038941,3.021438297393016,50.935064935064936,11196707674.403448,1.59150004386902,0.0872513009,82.176,0.48169805314641,1419999.95708466,3.8064072003722,6.773431840774179,2470.0,24.79,993.87,10010.0,13880.0,318893,7.74554474384825,2004-01-01
"Bahamas, The",22,2005,0.453106444038941,5.727971167727374,50.935064935064936,11576865020.622108,1.71150004863739,0.0872513009,82.218,0.50172148437283,1389999.98569489,4.3786773053421,6.2182928631236765,2320.0,24.8,1283.45,10010.0,13880.0,324848,7.141801704181648,2005-01-01
"Bahamas, The",22,2006,0.453106444038941,6.9476013671346735,50.935064935064936,11868237803.163609,2.01079988479614,0.0872513009,82.26,0.565588330498729,1320000.05245209,4.54078540403759,6.102129099301578,2320.0,24.92,1198.69,10010.0,13880.0,331032,7.008385896227555,2006-01-01
"Bahamas, The",22,2007,0.453106444038941,6.718093411964582,50.935064935064936,12039939621.446993,3.54069995880127,0.0872513009,82.302,0.570266435237302,889999.985694885,4.12609438297661,6.135387551980367,2380.0,25.2,1407.9,10010.0,13880.0,337387,7.054213707107861,2007-01-01
"Bahamas, The",22,2008,0.453106444038941,8.17172902365571,50.935064935064936,11760190753.102625,1.96909999847412,0.0872513009,82.343,0.460881620846881,10039999.961853,3.44667802284769,6.139432029795158,2440.0,24.89,1308.86,10010.0,13880.0,343680,7.099627560521415,2008-01-01
"Bahamas, The",22,2009,0.453106444038941,6.651599485471792,50.935064935064936,11269108054.259884,1.83120000362396,0.0872513009,82.385,0.451343224231359,699999.988079071,4.06052986562864,17.219679633867276,6350.0,25.03,1226.76,10010.0,13880.0,349600,18.16361556064073,2009-01-01
"Bahamas, The",22,2010,0.453106444038941,8.636992163046665,50.935064935064936,11442470431.714289,1.65299999713898,0.0872513009,82.427,0.449320447545943,1639999.98569489,4.06875766347239,5.860211418396556,2410.0,24.09,1314.16,10010.0,13880.0,354936,6.789956499199856,2010-01-01
"Bahamas, The",22,2011,0.453106444038941,6.619575093466529,50.935064935064936,11512656732.676031,1.42460000514984,0.0872513009,82.476,0.449984365671028,639999.985694885,3.6789925371374,6.730017826204242,2770.0,25.19,1292.97,10010.0,13880.0,359583,7.703367511812294,2011-01-01
"Bahamas, The",22,2012,0.453106444038941,4.908082645399002,50.935064935064936,11868038536.063086,1.18210005760193,0.0872513009,82.532,0.455165680361824,1419999.95708466,4.84148316687072,10.01152425456776,3990.0,24.94,1532.25,10010.0,13880.0,363581,10.974170817506966,2012-01-01
"Bahamas, The",22,2013,0.453106444038941,3.6423684561584055,50.935064935064936,11442702909.998232,0.955399990081787,0.0872513009,82.596,0.44631707771414,3920000.07629395,5.20518870276182,8.47037547458615,3480.0,25.11,1523.34,10010.0,13880.0,367162,9.478105032655884,2013-01-01
"Bahamas, The",22,2014,0.453106444038941,2.255045175133941,50.935064935064936,11704528809.690063,1.1414999961853,0.0872513009,82.668,0.452035684070136,3150000.09536743,4.26638019975938,7.069139966273187,2980.0,25.11,1302.09,10010.0,13880.0,370625,8.040472175379426,2014-01-01
"Bahamas, The",22,2015,0.453106444038941,0.6397988726388912,50.935064935064936,11890600000.0,1.54059994220734,0.0872513009,82.746,0.447794701025726,2759999.99046326,4.26704931056612,6.333511491181187,2740.0,26.01,1281.84,10010.0,13880.0,374200,7.322287546766435,2015-01-01
"Bahamas, The",22,2016,0.453106444038941,3.255341097093208,50.935064935064936,11901437916.18952,1.53460001945496,0.0872513009,82.832,0.440887832447011,2829999.92370605,4.12069332534481,5.794831222233101,2570.0,25.44,1447.23,10010.0,13880.0,377923,6.800327050748433,2016-01-01
"Bahamas, The",22,2017,0.453106444038941,2.464360567953373,50.935064935064936,12094837707.640886,1.44379997253418,0.0872513009,82.925,0.4348172578995,1159999.9666214,3.77051611172058,5.631972840793296,2540.0,25.58,1377.21,10010.0,13880.0,381749,6.653586518890685,2017-01-01
"Bahamas, The",22,2018,0.453106444038941,3.82779517697477,50.935064935064936,12429506802.968092,1.01929998397827,0.0872513009,83.025,0.431512453526928,1000000.0,4.28452598409871,5.860463910174128,2640.0,25.37,1475.04,10010.0,13880.0,385635,6.845851647283053,2018-01-01
"Bahamas, The",22,2019,0.453106444038941,2.0099377996395584,50.935064935064936,12516819004.18028,1.063617374586021,0.0872513009,83.132,0.431023946752093,4389999.8664856,4.276225565811702,5.792491667877577,2654.3478260869565,25.85,1665.1,10010.0,13880.0,389486,6.815001889893235,2019-01-01
"Bahamas, The",22,2020,0.453106444038941,3.626724198839263,50.935064935064936,10700067637.535028,1.109861608263674,0.0872513009,83.245,0.4299970914541622,4562499.8609225005,4.253856792455574,5.742725729652269,2673.667296786389,25.88,1875.52,10010.0,13880.0,393248,6.798934252142132,2020-01-01
Bahrain,23,1995,0.462307193333806,7.361126807382622,0.4154929577464789,12505919514.141134,0.0,0.006357438,88.388,0.386427085600581,99870002.746582,9.29084446250846,24.019953946971604,17960.0,27.37,103.24,710.0,710.0,563698,31.861031971019944,1995-01-01
Bahrain,23,1996,0.46019653891226,33.56601753473391,0.4366197183098591,13019913570.92446,0.0,0.0059546474,88.385,0.38763908603782,132320007.324219,9.85303343167315,24.487566986543072,19340.0,27.91,118.25,710.0,710.0,578661,33.42198627521122,1996-01-01
Bahrain,23,1997,0.461561454390608,5.186228817572501,0.4577464788732394,13422619469.90585,0.0,0.0055518568,88.382,0.393196736676435,150279998.779297,10.2673196759111,24.23826788832916,20330.0,27.32,102.34,710.0,710.0,594927,34.17225978985657,1997-01-01
Bahrain,23,1998,0.453374495270823,2.902019671870265,0.4788732394366197,14065563316.811468,0.0,0.0051490662,88.379,0.399178969481643,199720001.220703,10.3130464586402,25.27305820298942,22170.0,28.53,107.9,710.0,710.0,613697,36.125319172164765,1998-01-01
Bahrain,23,1999,0.445695187924987,6.852999957077905,0.5,14670382393.205612,0.0,0.0047462756,88.376,0.403270512131286,61880001.0681152,9.95141005567156,24.271844660194173,22860.0,28.77,91.17,710.0,710.0,636540,35.912904137996044,1999-01-01
Bahrain,23,2000,0.439850422581882,4.011545582349192,0.5211267605633803,15447922937.529894,0.0,0.004343485,88.372,0.407964359401279,60430000.3051758,10.0745643101675,23.89371210183416,24030.0,28.15,80.18,710.0,710.0,664610,36.15654293495433,2000-01-01
Bahrain,23,2001,0.440806129310826,0.8952439444461859,0.5422535211267606,15832722681.7137,0.0,0.00420734,88.369,0.422090533500645,70809997.55859381,9.94099641523161,23.49652354669916,24850.0,28.42,20.44,710.0,710.0,697550,35.62468640240843,2001-01-01
Bahrain,23,2002,0.447086376280679,2.261808943882173,0.5633802816901409,16362889422.8255,0.0,0.004071195,88.373,0.434518286024148,61580001.8310547,10.1799921179574,23.42410969339173,26020.0,28.23,88.1,710.0,710.0,735140,35.39461871208205,2002-01-01
Bahrain,23,2003,0.442287937907452,4.665543677609637,0.576388888888889,17393169261.371513,0.0,0.00393505,88.383,0.429085373389329,131770004.272461,10.5494315546196,23.06384421374893,27070.0,28.3,75.02,720.0,720.0,778708,34.76270951370732,2003-01-01
Bahrain,23,2004,0.455117785044936,6.5802100250026445,0.589041095890411,18607379553.60745,0.0,0.00393505,88.399,0.428977452291276,58220001.220703095,9.80518797568577,21.60641854030748,27370.0,28.16,93.01,730.0,730.0,829846,32.982023170564176,2004-01-01
Bahrain,23,2005,0.434654300573922,6.566594458402294,0.6013513513513513,19866912679.45396,0.0,0.00393505,88.422,0.44074438180841,57063056.73387313,11.3981343061649,23.280478025815466,30460.0,27.9,79.58,740.0,740.0,889157,34.257167181948745,2005-01-01
Bahrain,23,2006,0.435255101541637,15.750865008588676,0.6216216216216216,21151705946.67105,0.0,0.00393505,88.452,0.500291338424992,54972585.884141296,10.3860802421516,23.476064326503018,32890.0,28.19,69.2,740.0,740.0,958423,34.31678914216374,2006-01-01
Bahrain,23,2007,0.449815461371119,8.082432189516705,0.6333333333333333,22906020071.879936,0.0,0.00393505,88.488,0.514399205310125,52325157.74816475,11.0958865806977,22.21205416613574,34030.0,28.31,46.17,750.0,750.0,1035924,32.84990018572791,2007-01-01
Bahrain,23,2008,0.438129179288613,6.977577827404971,0.6447368421052633,24336503493.48393,0.0,0.00393505,88.53,0.452904679009937,48230856.54059424,11.8597778062711,22.22232190518057,36430.0,28.2,48.68,760.0,760.0,1114645,32.68305155453081,2008-01-01
Bahrain,23,2009,0.426168635749183,1.1210529103272555,0.6644736842105263,24954622922.9927,0.0,0.00393505,88.579,0.459014712241925,47851713.63705199,10.7424868984995,20.86787756049195,37020.0,28.4,103.44,760.0,760.0,1185075,31.238529207012213,2009-01-01
Bahrain,23,2010,0.431148953444611,0.6058000457977667,0.6824146981627297,26036230937.927147,0.0,0.003798905,88.634,0.455848981356713,47502316.78515966,10.9503954570343,20.937024524847203,38920.0,29.09,25.54,762.0,762.0,1240864,31.365242282796505,2010-01-01
Bahrain,23,2011,0.427287306357976,2.713493530499075,0.6988265971316819,26552663487.03575,0.0,0.003798905,88.695,0.461789458621125,46854881.20811983,9.84245959416534,20.365324026153363,39660.0,28.19,90.38,767.0,767.0,1278153,31.02914909247954,2011-01-01
Bahrain,23,2012,0.43019218243726,5.02346532615333,0.7168831168831168,27542575573.00765,0.0,0.003798905,88.762,0.464469725539922,46445850.07970497,7.81336095449709,20.43937344896926,40880.0,28.42,51.18,770.0,770.0,1299942,31.447556890999756,2012-01-01
Bahrain,23,2013,0.430317174125918,11.455973269777138,0.7376623376623376,29034512771.37891,0.0,0.003798905,88.835,0.465928789454313,44075734.68546175,6.34981541866527,21.870240123982057,43760.0,28.1,37.59,770.0,770.0,1315029,33.2768326782147,2013-01-01
Bahrain,23,2014,0.42934534703346,4.548430831191892,0.7574578469520103,30297627559.061543,0.0,0.003798905,88.915,0.485965377090827,43682838.39281615,8.76423645874656,22.61852458660567,45900.0,28.43,105.57,771.0,771.0,1336073,34.354410275486444,2014-01-01
Bahrain,23,2015,0.42779935837881,0.208992859981636,0.7712082262210797,31050638297.87234,0.0,0.00366276,88.999,0.485732581667759,43311165.66112013,6.79039414972723,22.30559688246481,46950.0,28.85,53.39,778.0,778.0,1371853,34.22378345201709,2015-01-01
Bahrain,23,2016,0.428096198960145,0.7549286943033816,0.7958921694480102,32155459790.27102,0.0,0.00366276,89.09,0.47792100134288,42987237.32159176,8.60136233858527,21.1811953067521,47160.0,28.99,19.07,779.0,779.0,1425793,33.07633015451752,2016-01-01
Bahrain,23,2017,0.432103613490059,1.4627226884708056,0.8205128205128205,33535234420.61614,0.0,0.00366276,89.186,0.469967718421258,42727850.64307584,8.74142772155732,20.33362403677989,47940.0,28.86,140.51,780.0,780.0,1494077,32.08669968147559,2017-01-01
Bahrain,23,2018,0.436111028019974,0.294089711433264,0.8461538461538461,34251782226.14785,0.0,0.00366276,89.287,0.47150437381328,42574989.36814477,8.17288810574474,19.59297583851565,48950.0,29.32,62.17,780.0,780.0,1569440,31.18946885513304,2018-01-01
Bahrain,23,2019,0.436111028019974,3.88416451182348,0.8717948717948718,34985241938.695274,0.0,0.00366276,89.394,0.477443628387315,42428413.69400846,8.124281307624578,19.400498529452346,50297.391304347824,28.91,161.99,780.0,783.0434782608696,1641164,30.64738886811301,2019-01-01
Bahrain,23,2020,0.4350195211318976,2.898564042459177,0.8974358974358974,33206179338.09239,0.0,0.00355048175,89.506,0.4812359843367623,42287471.94147649,8.04911817179638,19.17932164001362,51643.36483931947,28.74,68.56,780.0,786.2192816635161,1701583,30.350188524050527,2020-01-01
Bangladesh,10,1995,0.771097166967741,0.0049983781882192,14.752469847122992,65927698356.06966,63.8028091687192,0.188650789,21.693,0.35858962629665,1033109985.35156,0.490074189080497,0.1437007000776843,103120.0,25.6,2346.76,130170.0,148460.0,115169933,0.8953725795776923,1995-01-01
Bangladesh,10,1996,0.769052340008808,0.0291349551912921,14.752469078896826,68909554894.75314,62.1240765978699,0.1877431222,22.064,0.358431358475454,964880004.882813,0.506885519478554,0.1429665145478585,103650.0,25.5,2147.65,130170.0,148460.0,117649927,0.8810035215746458,1996-01-01
Bangladesh,10,1997,0.787080593112119,0.2888965675302148,14.752467542444494,72003522586.3165,59.9728561221059,0.1868354554,22.438,0.363519705118491,863150024.414063,0.511219198280898,0.1578720860106432,105940.0,25.05,2199.09,130170.0,148460.0,120160571,0.881653599998289,1997-01-01
Bangladesh,10,1998,0.760900811987143,0.3802361668979561,14.752466005992163,75731164300.44258,60.2339712856559,0.1859277886,22.818,0.36848851607341,979549987.792969,0.523385080609556,0.1569086878979255,105870.0,25.81,2548.77,130170.0,148460.0,122682818,0.8629570279352403,1998-01-01
Bangladesh,10,1999,0.753360735279524,0.3503042909930849,14.752464469539833,79267928092.79128,60.5343957531165,0.1850201218,23.202,0.361884986959969,1005429992.67578,0.58016367608548,0.1606362762162736,109910.0,25.95,2552.65,130170.0,148460.0,125189655,0.8779479422640792,1999-01-01
Bangladesh,10,2000,0.74610982736839,0.5253620892360888,14.752462856264886,83463813143.95999,59.021800994873,0.184112455,23.59,0.355298104675571,976340026.855469,0.567762240068649,0.1695939416563313,112250.0,25.13,2380.01,130170.0,148460.0,127657862,0.8793034619364062,2000-01-01
Bangladesh,10,2001,0.74393414821458,0.1454439045699244,14.727890450948758,87701511126.07932,55.7985992431641,0.1811707954,24.096,0.350308024869375,918450012.207031,0.574662531078011,0.1981724639914752,116870.0,25.86,2293.82,130170.0,148460.0,130088709,0.8983869614695,2001-01-01
Bangladesh,10,2002,0.73897757484928,0.0955793676464671,14.703317968810016,91063218744.844,54.336498260498,0.1782291358,24.756,0.34453912323472,807400024.414063,0.583779987862001,0.2070531262315952,120430.0,25.62,2342.47,130170.0,148460.0,132478077,0.909056069707292,2002-01-01
Bangladesh,10,2003,0.735246559027478,0.4459607832980916,14.678745486671277,95379221373.10445,52.6530990600586,0.1752874762,25.429,0.34067941960094,1301790039.0625,0.589448591157949,0.2124019629175996,122030.0,25.58,2183.38,130170.0,148460.0,134791598,0.9053234905635588,2003-01-01
Bangladesh,10,2004,0.743891493670516,0.6894723355873407,14.654173004532534,100376647066.68178,52.141300201416,0.1752874762,26.114,0.3330939270347,1421300048.82813,0.58021341448474,0.2228687923531461,123760.0,25.66,2247.25,130170.0,148460.0,136986429,0.9034471582582828,2004-01-01
Bangladesh,10,2005,0.727011108802486,1.171208960466686,14.629600522393796,106937209452.10371,50.7971992492676,0.1752874762,26.809,0.351687713292033,1251619995.11719,0.607330371979016,0.2352636472244985,128390.0,25.85,2020.86,130170.0,148460.0,139035505,0.923433190680323,2005-01-01
Bangladesh,10,2006,0.720719573837231,0.6356571878780177,14.605028040255052,114071958456.59589,48.9280014038086,0.1752874762,27.517,0.430310992022487,1027819946.28906,0.634769915953386,0.2547523844432894,133590.0,26.19,1928.77,130170.0,148460.0,140921154,0.9479769091303354,2006-01-01
Bangladesh,10,2007,0.745120516508954,0.8177544242033238,14.58045555811631,122123840982.24304,47.513500213623,0.1752874762,28.237,0.443707227397968,1308520019.53125,0.665897905547923,0.2662967793419814,136520.0,25.9,2486.77,130170.0,148460.0,142660381,0.9569580499017452,2007-01-01
Bangladesh,10,2008,0.735429218947585,1.4497483960094044,14.555883075977569,129468112024.81522,45.630298614502,0.1752874762,28.968,0.449921534488284,1765829956.05469,0.670444620432721,0.2881413733840695,144740.0,25.68,2179.8,130170.0,148460.0,144304164,1.003020259346085,2008-01-01
Bangladesh,10,2009,0.719927637605332,0.8794945423601211,14.531309825612665,135999939845.1325,43.7252006530762,0.1752874762,29.709,0.451408658123615,1082760009.76563,0.700087432091186,0.3066648132005256,148380.0,26.42,1987.51,130170.0,148460.0,145924795,1.016825139278078,2009-01-01
Bangladesh,10,2010,0.716470773494322,1.0689348611106355,14.506737650764384,143577568429.64288,41.0746994018555,0.1723458166,30.462,0.478256093850556,1327329956.05469,0.754794152233236,0.342739973529334,155970.0,26.32,2245.35,130170.0,148460.0,147575433,1.056883227982804,2010-01-01
Bangladesh,10,2011,0.707303514296228,0.9831665339193908,14.499144196051317,152858966788.2006,39.4740982055664,0.1723458166,31.225,0.481545523935331,1437520019.53125,0.788240217549044,0.3645666071431179,161700.0,25.69,1971.04,130170.0,148460.0,149273134,1.0832491799897497,2011-01-01
Bangladesh,10,2012,0.711574587412003,1.1881028498083952,14.491551048628716,162827601299.73526,38.6360015869141,0.1723458166,31.993,0.483239349552023,2154050048.82813,0.749546723874463,0.3840251548595178,165250.0,25.2,1992.35,130170.0,148460.0,151005733,1.0943293126493416,2012-01-01
Bangladesh,10,2013,0.718260893970717,1.7354185400651527,14.483957901206116,172619411144.6355,38.6996002197266,0.1723458166,32.762,0.484579432473501,2633590087.89063,0.777319463822485,0.3965661145069403,168630.0,25.12,2023.31,130170.0,148460.0,152761413,1.1038782418175197,2013-01-01
Bangladesh,10,2014,0.702485707144375,1.4687128773733205,14.476364753783514,183081976119.3365,37.2864990234375,0.1723458166,33.535,0.257979937339646,2422639892.57813,0.818280597818671,0.4128985227131562,173510.0,25.4,1801.96,130170.0,147630.0,154517385,1.1229157159241336,2014-01-01
Bangladesh,10,2015,0.684693660051307,1.4512876466367808,14.468771606360914,195078678697.22955,34.2163009643555,0.169404157,34.308,0.255995809610887,2592909912.10938,0.895659653188457,0.4587975394551644,182600.0,25.25,2543.25,130170.0,147630.0,156256287,1.168592979558,2015-01-01
Bangladesh,10,2016,0.674056170669624,1.0535522887012034,14.468771606360914,208955558005.0972,33.5362014770508,0.169404157,35.083,0.271476632973392,2532820068.35938,0.852355537021442,0.4667763631210186,183500.0,25.73,2119.78,130170.0,147630.0,157977151,1.1615603828682797,2016-01-01
Bangladesh,10,2017,0.657325995899581,0.7249966424038647,14.468771606360914,224176245316.1013,31.6032009124756,0.169404157,35.858,0.270958017855142,3781770019.53125,0.918732881063327,0.4929066129336879,192420.0,25.49,2743.86,130170.0,147977.0,159685421,1.2049941616147914,2017-01-01
Bangladesh,10,2018,0.654339866514333,0.8836795029782338,14.468771606360914,241804912832.72208,30.7061996459961,0.169404157,36.632,0.274212096183384,3044679931.64063,0.903894227337054,0.512837313770296,198970.0,25.1,1823.15,130170.0,147570.0,161376713,1.232953604650505,2018-01-01
Bangladesh,10,2019,0.654339866514333,0.6306101266358974,14.468771606360914,261518503633.7008,29.26721662326901,0.169404157,37.405,0.27375367381205,4482600097.65625,0.921886402913426,0.5288867317569312,203137.39130434784,25.44,2029.11,130170.0,147531.30434782608,163046173,1.245888741616449,2019-01-01
Bangladesh,10,2020,0.6494749789954409,0.3538665339271935,14.468771606360914,270695543283.1448,27.838657493938538,0.168602214,38.177,0.270218842458525,4626328852.335612,0.9399299195845074,0.5456658716355866,207462.9300567108,25.23,2476.53,130170.0,147490.92627599245,164689383,1.2597225533154786,2020-01-01
Barbados,11,1995,0.338599688470235,2.877965523137362,14.651162790697676,3726295230.7181606,16.0342601769069,0.591599739,35.566,0.475830346173578,509999.99046325695,3.03352235091364,4.023237013780527,3370.0,26.71,2195.17,430.0,430.0,265955,12.6713165761125,1995-01-01
Barbados,11,1996,0.343780392644038,0.6700025323912074,14.651162790697676,3874470510.1250434,16.8069110064684,0.6303841664,35.21,0.476347990640149,5730000.01907349,3.11795632076753,4.006785322433879,3380.0,26.47,2305.66,430.0,430.0,267047,12.656948027875243,1996-01-01
Barbados,11,1997,0.346286747136388,1.1288696047614926,14.651162790697676,4058124377.558926,16.4023339329755,0.6691685938,34.856,0.480076776674961,5840000.15258789,3.71746789661604,4.362692638981591,3490.0,26.67,1785.66,430.0,430.0,268183,13.013501974398078,1997-01-01
Barbados,11,1998,0.353110989038256,1.03513021371689,14.651162790697676,4209430120.61525,12.1398567223847,0.7079530212,34.503,0.483730778152446,17180000.3051758,3.45443679666814,4.715334863032517,3610.0,27.23,2588.74,430.0,430.0,269334,13.403432169722352,1998-01-01
Barbados,11,1999,0.354468677223814,1.6105138394451066,14.651162790697676,4223517207.037736,12.8109063600413,0.7467374486,34.152,0.485647868671786,-589999.973773956,3.96860996229406,4.80671461056368,3650.0,26.78,1995.63,430.0,430.0,270455,13.49577563735187,1999-01-01
Barbados,11,2000,0.330016284379457,2.408790452851773,14.651162790697676,4411345026.004207,14.3187999725342,0.785521876,33.827,0.492622246327839,1799999.95231628,4.42552378113247,4.5670341164814685,3600.0,26.44,2136.16,430.0,430.0,271511,13.25913130591394,2000-01-01
Barbados,11,2001,0.327734957598131,2.99574106858733,14.651162790697676,4306996237.6895,12.5648002624512,0.8743922074,33.629,0.494217786938551,319999.99284744303,4.05745010681658,4.844143357284931,3670.0,26.7,1895.06,430.0,430.0,272494,13.468186455481588,2001-01-01
Barbados,11,2002,0.365539022444523,7.350499076130694,14.651162790697676,4340909593.891779,11.2987003326416,0.9632625388,33.431,0.502051375646368,4750000.0,3.75438529051202,5.01055141666941,3720.0,26.68,1770.26,430.0,430.0,273423,13.605292897817668,2002-01-01
Barbados,11,2003,0.361941066389981,5.7548306152048605,14.651162790697676,4435345247.316588,9.94779968261719,1.0521328702,33.234,0.508729063434667,21270000.4577637,4.54793875044014,5.030419456787603,3730.0,26.93,2207.09,430.0,430.0,274331,13.596713459288232,2003-01-01
Barbados,11,2004,0.322502062447085,6.628959210335317,14.651162790697676,4497954520.305412,9.92990016937256,1.0521328702,33.037,0.513575997359813,30299999.237060502,4.10129209122466,4.940370455131628,3730.0,26.6,2923.49,430.0,430.0,275283,13.549692498265422,2004-01-01
Barbados,11,2005,0.343183353571483,10.212368002730726,14.651162790697676,4675869204.381987,9.90709972381592,1.0521328702,32.841,0.538520365626665,-629999.995231628,5.14771558655014,5.138969310943834,3770.0,26.94,2632.03,430.0,430.0,276320,13.643601621308628,2005-01-01
Barbados,11,2006,0.34397326324479,8.115411931594545,14.651162790697676,4951871749.474384,9.90310001373291,1.0521328702,32.646,0.605231099796031,-889999.985694885,4.66619412453878,5.297774574285972,3830.0,26.78,2010.27,430.0,430.0,277475,13.803045319398144,2006-01-01
Barbados,11,2007,0.346219497487046,10.192652480958492,14.651162790697676,5060916233.263252,9.71059989929199,1.0521328702,32.451,0.619448117589457,18700000.762939498,4.39993938528755,5.310350519015002,3850.0,26.61,2037.13,430.0,430.0,278701,13.814087498789023,2007-01-01
Barbados,11,2008,0.329141134944411,12.855232698641588,14.651162790697676,5096394821.290252,8.62860012054443,1.0521328702,32.256,0.630915967849768,9279999.73297119,4.46442392813374,6.358369114043422,4170.0,26.49,2256.76,430.0,430.0,279946,14.895729890764647,2008-01-01
Barbados,11,2009,0.369630093441185,7.972416417198522,14.651162790697676,4837609826.26978,9.40200042724609,1.0521328702,32.063,0.631023527368267,11750000.0,4.45967230176942,16.435022962786412,7010.0,26.81,1867.35,430.0,430.0,281107,24.93712358639237,2009-01-01
Barbados,11,2010,0.365713850763149,9.389344648675497,14.651162790697676,4727000110.656192,9.07750034332275,1.1410032016,31.87,0.651693383974354,15579999.9237061,4.15701762397755,5.63567987920505,4000.0,27.17,2747.71,430.0,430.0,282131,14.17781101686805,2010-01-01
Barbados,11,2011,0.345324555477303,9.866944420075148,14.651162790697676,4695173730.220206,4.65889978408813,1.1410032016,31.7,0.659988748632463,16584666.585922292,4.20613484734782,5.901331156554895,4090.0,26.76,2804.03,430.0,430.0,282987,14.452960736712289,2011-01-01
Barbados,11,2012,0.324697528723112,11.45435280927115,14.651162790697676,4673782228.615691,4.20949983596802,1.1410032016,31.553,0.513875822738754,17308311.02371221,3.74488308679599,7.78997384542718,4660.0,26.63,2391.9,430.0,430.0,283698,16.425917701217493,2012-01-01
Barbados,11,2013,0.318330225788373,2.225560212945863,14.651162790697676,4608042491.977427,3.50869989395142,1.1410032016,31.429,0.517910762537485,18072865.081787165,3.50607694462253,5.205878421633943,3940.0,26.71,2035.1,430.0,430.0,284294,13.85889255489036,2013-01-01
Barbados,11,2014,0.336263013365222,16.047854276893005,14.651162790697676,4602303308.620117,3.43359994888306,1.1410032016,31.328,0.514500439157772,18132389.400227923,3.65224495146455,4.529096813833055,3760.0,26.75,1976.36,430.0,430.0,284825,13.201088387606426,2014-01-01
Barbados,11,2015,0.344620299041311,14.60288320910085,14.651162790697676,4715000000.0,3.17829990386963,1.229873533,31.249,0.532546752277855,19380548.69182805,3.94373190544577,4.521128389532011,3770.0,27.07,1560.55,430.0,430.0,285327,13.212910099640062,2015-01-01
Barbados,11,2016,0.354963398738057,11.54635577101004,14.651162790697676,4831870642.912471,3.50169992446899,1.229873533,31.193,0.520076452448692,20552585.274462167,3.98774113558171,4.583656988502368,3820.0,27.04,2237.82,430.0,430.0,285798,13.366083737464924,2016-01-01
Barbados,11,2017,0.340644267979935,4.141369278826837,14.651162790697676,4854827376.341705,5.16109991073608,1.229873533,31.159,0.5308115731386,21901424.293236483,3.78578679857007,4.192447306177921,3720.0,26.89,2369.0,430.0,430.0,286229,12.996586649151553,2017-01-01
Barbados,11,2018,0.38573995287668,4.74975916445493,14.651162790697676,4826653203.496735,5.83559989929199,1.229873533,31.147,0.533544743839779,23044852.57945225,3.96965506871852,4.360870778677087,3790.0,26.56,2055.2,430.0,430.0,286640,13.222160200948926,2018-01-01
Barbados,11,2019,0.38573995287668,4.134577243232866,14.651162790697676,4822013073.75235,5.3921798872217765,1.229873533,31.158,0.539153767266404,23163176.054231487,4.010356491231776,4.375550507585633,3808.2608695652175,26.84,1524.45,430.0,430.0,287021,13.268230789960375,2019-01-01
Barbados,11,2020,0.3877041305602818,5.932548664554097,14.651162790697676,3906818634.5025992,4.895887229863227,1.2564682744166666,31.191,0.5417922431452717,22687387.84204289,4.049156498643265,4.391583776505274,3826.880907372401,26.92,1965.44,430.0,430.0,287371,13.316865332174787,2020-01-01
Belarus,12,1995,0.344961149535101,0.1089758902168809,39.57059751528298,19230432058.68577,2.52781588802276,0.27755516,67.926,0.37054092410345,45126355.658522,4.17972171953179,5.643609355501381,84520.0,7.15,589.46,202840.0,207600.0,10193831,8.291289113974912,1995-01-01
Belarus,12,1996,0.34350325549219,0.7081458931708359,39.81364622362453,19768885050.64778,3.1013098744797,0.27755516,68.308,0.377279638433442,51201931.581742935,4.77301717405618,5.756149694932925,85230.0,5.77,568.86,202840.0,207600.0,10159569,8.389135405251935,1996-01-01
Belarus,12,1997,0.344147927915891,2.492053539786822,40.05669493196608,22022539015.00001,3.3933728745475,0.27755516,68.687,0.374445740514375,55775136.3464106,4.97206021175622,5.8364606911654375,85610.0,6.53,660.56,202840.0,207600.0,10117433,8.461632510934345,1997-01-01
Belarus,12,1998,0.342137798767512,1.3312046667359765,40.29974364030763,23872430402.796616,3.64044443856747,0.27755516,69.064,0.377586771691813,58914794.10642203,3.85469854101021,5.682109833008719,83650.0,6.76,770.46,202840.0,207600.0,10071963,8.305233051392266,1998-01-01
Belarus,12,1999,0.344895148033471,3.653458750376727,40.54279234864918,24684092836.73428,3.97586400781194,0.2438012206,69.482,0.381235454818188,62129807.79197042,3.6524979065368,5.483338649119983,81180.0,7.9,578.24,202840.0,207600.0,10026738,8.096351974091673,1999-01-01
Belarus,12,2000,0.347652497299431,0.93257570781055,40.785841056990726,26115771070.41606,5.64370012283325,0.2438012206,69.973,0.382889754183086,66028487.31319586,3.82926264151681,5.309826736716164,78600.0,8.14,617.61,202840.0,207600.0,9979610,7.876059284881874,2000-01-01
Belarus,12,2001,0.347422608347214,0.7754058649523676,40.961841845789785,27349821166.15313,6.25390005111694,0.2438012206,70.458,0.380659971526857,68598588.28105314,3.65574514205291,5.211234793724642,77740.0,7.23,653.39,202840.0,207600.0,9928549,7.829945745345065,2001-01-01
Belarus,12,2002,0.349381684658296,1.6931326826916824,41.139870827786815,28729692799.293182,6.51889991760254,0.2100472812,70.939,0.377246654348036,62538015.76458677,3.7798084778055,5.247554418669901,76510.0,7.88,541.8,202830.0,207600.0,9865548,7.755271171961254,2002-01-01
Belarus,12,2003,0.349669289258373,0.9636639609679256,41.315880293842135,30753180384.68385,6.2463002204895,0.1762933418,71.415,0.401911819376529,41690814.83568465,3.93073602005805,5.364024330928555,77620.0,6.86,587.89,202830.0,207600.0,9796749,7.923036509356318,2003-01-01
Belarus,12,2004,0.348589163159364,0.7077320680591617,41.49598146048025,34274340535.469208,6.27120018005371,0.1762933418,71.887,0.39868701829346,46851427.07824707,4.16898865314225,5.731671446656607,81500.0,7.07,677.45,202810.0,207600.0,9730146,8.376030534382526,2004-01-01
Belarus,12,2005,0.348208528173697,1.01497746172797,41.66789922595277,37496129067.99924,6.82520008087158,0.1762933418,72.354,0.397658203100902,58009998.3215332,4.11270559316111,5.844422265717363,82280.0,7.1,621.92,202830.0,207600.0,9663915,8.514147734122247,2005-01-01
Belarus,12,2006,0.347403005605851,0.96632835858554,41.82947264662396,41245740029.677605,7.19309997558594,0.1762933418,72.816,0.350339817058226,74760002.1362305,4.39654330796357,6.12290112862944,85450.0,7.19,584.23,202900.0,207600.0,9604924,8.896478514561906,2006-01-01
Belarus,12,2007,0.348048061251474,3.991616142799951,42.005421389847214,44792876368.15378,7.27360010147095,0.1762933418,73.273,0.370886339315325,85430000.3051758,4.48153703278243,5.998356021622531,84270.0,8.08,621.52,202900.0,207600.0,9560953,8.81397492488458,2007-01-01
Belarus,12,2008,0.347144535761922,3.60068232879372,42.18137013307048,49361749506.66093,7.0802001953125,0.1762933418,73.726,0.392879509595226,111139999.389648,4.75676105902417,6.325576709031343,88530.0,8.25,665.5,202900.0,207600.0,9527985,9.291576340642854,2008-01-01
Belarus,12,2009,0.346013938505316,3.688518931137937,42.37402623015482,49460470690.61535,7.38759994506836,0.1762933418,74.172,0.434535897500195,98220001.2207031,4.39153242266456,6.018149349634802,85720.0,7.39,803.8,202820.0,207600.0,9504583,9.018807032354813,2009-01-01
Belarus,12,2010,0.342312659631942,2.4350565333339587,42.533267619517,53317530166.831535,7.29570007324219,0.1425394024,74.672,0.434138617954198,136259994.506836,4.51523674677643,6.481554510221391,90310.0,6.98,714.51,202900.0,207600.0,9483836,9.522518103434097,2010-01-01
Belarus,12,2011,0.33912312009682,6.480801965857866,42.53462126065743,56185324133.96967,7.51849985122681,0.1425394024,75.188,0.446390203169778,119800003.051758,4.22329979126194,6.167005032846832,87380.0,7.71,557.37,202910.0,207600.0,9461643,9.235182515341153,2011-01-01
Belarus,12,2012,0.338542064176384,2.2282069191827056,42.53807106598985,57133246703.69136,7.24160003662109,0.1425394024,75.697,0.474298801877896,102870002.746582,4.7163411256798,6.329103204501486,88970.0,7.09,748.85,202910.0,207600.0,9446836,9.41796809005682,2012-01-01
Belarus,12,2013,0.340549621174531,2.9738646182244066,42.5419401896426,57706562174.797485,6.96999979019165,0.1425394024,76.199,0.47796672229314,107139999.389648,4.62348077144754,6.346358246151653,89610.0,7.79,657.51,202908.0,207600.0,9443211,9.489356957077415,2013-01-01
Belarus,12,2014,0.341891579920981,2.36252922122526,42.53176530868637,58702799524.0454,6.69199991226196,0.1425394024,76.693,0.472827178136357,120610000.610352,4.7137256219318,6.294110767670898,88890.0,8.03,560.32,202973.0,207600.0,9448515,9.407827579254516,2014-01-01
Belarus,12,2015,0.346150442279831,2.9267695927730246,42.53416626432421,56454734396.5842,6.82399988174438,0.108785463,77.181,0.475399415087458,104580001.831055,4.03036927494612,5.80166568791964,84480.0,8.73,526.29,202978.0,207600.0,9461076,8.929216930505579,2015-01-01
Belarus,12,2016,0.351682226852752,2.612805021643198,42.9069698701401,55028435771.737366,6.73449993133545,0.108785463,77.661,0.491835897950898,-22309999.4659424,3.9267169487489,5.830371769891141,83590.0,7.92,698.07,202988.0,207600.0,9469379,8.82740040291977,2016-01-01
Belarus,12,2017,0.347743956588308,2.3321385044851826,42.97797921079856,56421856742.78415,7.28859996795654,0.108785463,78.134,0.516126470495291,-250169998.168945,4.30296370796615,5.945667132079337,85200.0,7.81,740.44,202990.0,207600.0,9458989,9.007305114743236,2017-01-01
Belarus,12,2018,0.344108101887453,2.376261877686096,43.05153217065721,58198692497.67677,7.21979999542236,0.108785463,78.595,0.521595444577093,119099998.474121,4.4029788498252,6.2836477364406536,88140.0,8.16,579.68,202980.0,207600.0,9438785,9.338066287133357,2018-01-01
Belarus,12,2019,0.344108101887453,1.9768777744872972,43.122967780076856,59013474192.64425,7.423799304439734,0.108785463,79.044,0.524911982828791,214229995.727539,4.412685681577087,6.311475492133665,88297.39130434782,8.91,560.7,202980.0,207600.0,9419758,9.373636913426845,2019-01-01
Belarus,12,2020,0.3440725582354677,2.30939373903106,43.1944033894965,58482352924.76475,7.611733627481474,0.1017533922916666,79.483,0.5313441102756803,225388566.97082517,4.397019094947561,6.335620092011959,88430.7561436673,9.2,592.21,202980.0,207600.0,9379952,9.427634186578706,2020-01-01
Belgium,14,1995,0.304107180977605,3.71102444734668,23.1139549055454,317457500204.91565,1.26038953981826,0.007539453,96.777,0.540501879672024,133265336.60888693,7.08042905275195,11.302371130328858,137110.0,10.62,850.92,32820.0,33120.0,10136811,13.525950123761804,1995-01-01
Belgium,14,1996,0.300997824953466,5.0371876095201245,23.085923217550278,321652545295.04016,1.18440709920024,0.0089408532,96.851,0.545092185353957,133265336.60888693,7.37041283289251,11.760782629132065,142470.0,8.86,651.66,32820.0,33120.0,10156637,14.027280880472542,1996-01-01
Belgium,14,1997,0.300249971383873,4.747889880255152,23.05789152955515,333854941620.1124,1.14847831145982,0.0103422534,96.924,0.544086140399023,133265336.60888693,7.37545047396981,11.45635921736487,139270.0,10.43,799.88,32820.0,33120.0,10181245,13.679073629993187,1997-01-01
Belgium,14,1998,0.299876467694065,8.77679407696031,23.029859841560025,340404535481.244,1.29195646368097,0.0117436536,96.996,0.536599736854746,133265336.60888693,7.71341823979829,11.703411386132402,142050.0,10.34,1024.54,32820.0,33120.0,10203008,13.92236485554064,1998-01-01
Belgium,14,1999,0.306875345137652,46.3641124511984,23.001828153564897,352464194911.9081,1.40065083845512,0.0131450538,97.065,0.53872365373843,133265336.60888693,7.40195567551414,11.29525398871296,138190.0,10.95,974.01,32820.0,33120.0,10226419,13.51303911955886,1999-01-01
Belgium,14,2000,0.30966365079935,37.56859062519015,22.03764861294584,365564158980.91626,1.44379997253418,0.014546454,97.129,0.547531286567369,133265336.60888693,7.61476954110485,11.440556029752468,138310.0,11.0,1028.77,30280.0,30530.0,10251250,13.492013169125716,2000-01-01
Belgium,14,2001,0.308962091988835,37.288733475980656,22.112186261558783,369583971520.01904,1.58050000667572,0.01339126,97.186,0.551712970457406,133265336.60888693,7.66707126339458,11.50432068220991,138690.0,10.48,1072.27,30280.0,30530.0,10286570,13.482628320227247,2001-01-01
Belgium,14,2002,0.308206530387651,7.045850147718907,22.18672391017173,375892343356.8011,1.68130004405975,0.012236066,97.241,0.559147899953088,133265336.60888693,7.57241042513762,10.727988630364418,131410.0,10.93,1017.27,30280.0,30530.0,10332785,12.717771636591683,2002-01-01
Belgium,14,2003,0.263920337069855,10.888865298062218,22.261261558784675,379794040283.981,1.88870000839233,0.011080872,97.296,0.551165056412593,133265336.60888693,7.74817110445629,11.13131452729066,134790.0,10.78,720.14,30280.0,30530.0,10376133,12.990388615874526,2003-01-01
Belgium,14,2004,0.239626538132731,12.074273611918668,22.33579920739762,393357261546.41815,2.0220000743866,0.011080872,97.35,0.550694728076362,133265336.60888693,7.58710041193159,10.94122455160123,133360.0,10.41,868.8,30280.0,30530.0,10421137,12.79706811262533,2004-01-01
Belgium,14,2005,0.239190585801444,8.730432334370755,22.410336856010566,402489982841.63007,2.45880007743835,0.011080872,97.403,0.544610163077792,133265336.60888693,7.81702927325101,10.55578231363929,129500.0,10.68,854.39,30280.0,30530.0,10478617,12.358501126627685,2005-01-01
Belgium,14,2006,0.238562433739126,14.419942628684426,22.48487450462352,412762935691.9397,2.82229995727539,0.011080872,97.454,0.570278548821435,133265336.60888693,7.76708713322749,10.30057192112445,126520.0,10.98,878.63,30280.0,30530.0,10547958,11.994738697290982,2006-01-01
Belgium,14,2007,0.237934269828468,20.528738142322982,22.559412153236455,427939738210.5889,3.33789992332459,0.011080872,97.505,0.576973136225226,133265336.60888693,7.69966938841398,9.843116218225624,121860.0,11.11,973.35,30280.0,30530.0,10625700,11.468420904034556,2007-01-01
Belgium,14,2008,0.238088763443386,36.95325149772594,22.633949801849408,429852323870.3165,3.90529990196228,0.011080872,97.555,0.586584045530013,133265336.60888693,7.5126005623189,9.984152154258464,124200.0,10.6,923.04,30280.0,30530.0,10709973,11.596667890759388,2008-01-01
Belgium,14,2009,0.243944896815963,16.070460874684457,22.708487450462357,421166112860.1764,4.82730007171631,0.011080872,97.603,0.593746826829001,133265336.60888693,7.03067057109079,9.231701442310944,117130.0,10.65,872.55,30280.0,30530.0,10796493,10.84889324709422,2009-01-01
Belgium,14,2010,0.248250236937596,26.09241494935696,22.783025099075296,433229543117.8878,5.82480001449585,0.009925678,97.651,0.588236071390221,133265336.60888693,7.32253791256015,9.771847058065532,124460.0,9.34,891.94,30280.0,30530.0,10895586,11.42297440449738,2010-01-01
Belgium,14,2011,0.238658087819822,31.306951916506964,22.779260237780715,440570677938.9194,6.63009977340698,0.009925678,97.698,0.59072215673232,133265336.60888693,7.22671374732116,8.658064347799618,112180.0,11.21,782.81,30280.0,30530.0,11038264,10.162829952246112,2011-01-01
Belgium,14,2012,0.232766258383353,2.3802334502780806,22.77549537648613,443827452534.3327,7.75899982452393,0.009925678,97.744,0.597358101086343,133265336.60888693,7.12618786887675,8.549615681450106,111590.0,10.43,987.64,30280.0,30530.0,11106932,10.046878832066318,2012-01-01
Belgium,14,2013,0.234735846348585,-5.682227348616001,22.771730515191543,445865695460.0778,8.09290027618408,0.009925678,97.789,0.60405941583823,133265336.60888693,7.12359413866331,8.657270050281346,112860.0,9.91,874.27,30280.0,30530.0,11159407,10.11344061561694,2013-01-01
Belgium,14,2014,0.228428152049526,-2.843930216221381,22.76796565389696,452903833237.19086,9.12479972839355,0.009925678,97.833,0.615875495978297,133265336.60888693,6.76764582380306,8.043495541150339,106460.0,11.73,880.96,30280.0,30530.0,11209057,9.49767674479664,2014-01-01
Belgium,14,2015,0.226056764862998,-4.222494729940307,22.764200792602377,462149679343.8218,9.37609958648682,0.008770484,97.876,0.616603298564047,133265336.60888693,6.42750031816637,8.444061110876554,111520.0,11.07,832.64,30280.0,30530.0,11274196,9.891614444169678,2015-01-01
Belgium,14,2016,0.225864395090618,12.0945056635852,22.764200792602377,468003666521.40393,9.20689964294434,0.008770484,97.919,0.607882879218545,133265336.60888693,6.37467905214539,8.323756718265368,110360.0,10.78,937.09,30280.0,30530.0,11331422,9.739289561363083,2016-01-01
Belgium,14,2017,0.22763983434422,-7.435122636511775,22.764200792602377,475583361606.5164,9.63799953460693,0.008770484,97.961,0.602281952784898,133265336.60888693,6.78277328769225,8.1554911149366,108250.0,11.07,866.97,30280.0,30530.0,11375158,9.516351333317743,2017-01-01
Belgium,14,2018,0.228330029737063,-7.661277368739494,22.764200792602377,484235191546.5194,10.6626996994019,0.008770484,98.001,0.595293480999005,133265336.60888693,6.86563365481813,8.179711061136143,108750.0,11.62,766.03,30280.0,30530.0,11427054,9.516888604884514,2018-01-01
Belgium,14,2019,0.228330029737063,-5.618551633277646,22.764200792602377,494644115983.8877,11.07149579329684,0.008770484,98.041,0.5955394333061,133265336.60888693,6.856294724473182,8.043943232040807,107516.95652173914,11.4,861.58,30280.0,30417.391304347828,11488980,9.358268229358842,2019-01-01
Belgium,14,2020,0.2251726484353737,-3.3669177085366044,22.764200792602377,466648941451.3215,11.5013692147793,0.0088217769583333,98.079,0.5978326647075198,133265336.60888693,6.833941763237559,7.882341519123796,105997.25897920606,11.92,832.86,30280.0,30299.886578449907,11544241,9.1818300552809,2020-01-01
Belize,13,1995,0.65082619377703,3.392849227743997,67.06115738711091,789854886.0569807,34.9202926308058,0.442089642,46.425,0.391051836424036,18829999.9237061,3.59925712194212,2.222630241300336,6090.0,25.45,2319.46,22810.0,22970.0,206962,29.425691672867483,1995-01-01
Belize,13,1996,0.652301130397155,2.5839229498488296,66.44419114423499,801142800.5001453,42.6821474315401,0.4281202598,46.214,0.399323199954559,21030000.6866455,3.78335123228507,1.6849199663016006,4920.0,25.06,1991.8,22810.0,22970.0,213660,23.02723953945521,1996-01-01
Belize,13,1997,0.647894294411649,1.8263538506734596,65.82722490135906,829540535.7633734,36.6576799937399,0.4141508776,46.003,0.394872025052571,13770000.4577637,4.47256313049766,2.076046485388695,3970.0,25.53,2147.89,22810.0,22970.0,221575,17.917183797811123,1997-01-01
Belize,13,1998,0.632064597062681,2.56116318890211,65.21025865848313,860569617.0749717,35.3246863594416,0.4001814954,45.793,0.396779129446624,14520000.4577637,3.86766934595838,1.9544143705917096,2920.0,25.77,2401.22,22810.0,22970.0,230248,12.681977693617316,1998-01-01
Belize,13,1999,0.626157527961133,8.007221190657134,64.59329241560718,936117775.203388,35.0321510431819,0.3862121132,45.582,0.392831418783503,47400001.5258789,3.76290559478705,1.7156319174488135,1830.0,25.0,2127.73,22810.0,22970.0,238979,7.657576607149582,1999-01-01
Belize,13,2000,0.617774682299903,3.5531343354375697,63.976326172731255,1057996353.265492,34.5526008605957,0.372242731,45.398,0.390201342726179,16149999.618530298,3.63862643293376,1.819578666451013,800.0,25.2,2086.68,22810.0,22970.0,247310,3.234806518135134,2000-01-01
Belize,13,2001,0.620427593721974,7.044886559486825,63.6786058746164,1107527887.1396348,29.6084003448486,0.3713324078,45.381,0.390285014570103,22489999.7711182,5.31390647421921,2.0778772719431684,900.0,25.54,2128.86,22810.0,22970.0,255068,3.528470839148776,2001-01-01
Belize,13,2002,0.56950701569995,2.7519707407738743,63.380885576501534,1159940620.645711,31.193000793457,0.3704220846,45.364,0.390839235867888,23280000.6866455,6.64653058814214,1.981805501034731,990.0,25.68,1923.49,22810.0,22970.0,262387,3.7730527808161223,2002-01-01
Belize,13,2003,0.561359726623415,-1.1107184596024444,63.08316527838668,1268204975.7465436,30.1749992370605,0.3695117614,45.347,0.399369461474263,12680000.3051758,4.11640634246788,1.892899030538771,1060.0,25.77,1909.53,22810.0,22970.0,269428,3.9342607301394064,2003-01-01
Belize,13,2004,0.606951178606161,10.60467827490126,62.78544498027181,1328951248.116095,32.0177001953125,0.3695117614,45.33,0.386336211781632,6690000.05722046,3.6236429288061,1.591227994040128,870.0,25.69,1917.57,22810.0,22970.0,276516,3.1462917154884344,2004-01-01
Belize,13,2005,0.595353387646296,11.510294398276509,62.48772468215695,1354744911.424426,31.0128002166748,0.3695117614,45.313,0.409024710664739,11720000.2670288,3.92740350205575,1.6561075130902965,930.0,25.64,2168.17,22810.0,22970.0,283798,3.2769786961148424,2005-01-01
Belize,13,2006,0.590539499307531,8.989609074840303,62.19000438404208,1420117861.8322024,36.8016014099121,0.3695117614,45.296,0.33672618516161,7730000.01907349,4.44742964077724,1.7505440416286238,1020.0,25.58,2736.18,22810.0,22970.0,291338,3.5010880832572475,2006-01-01
Belize,13,2007,0.59591815112408,11.039159525966795,61.892284085927216,1427374868.7031903,32.3106994628906,0.3695117614,45.279,0.338281192533039,21280000.6866455,6.53036790951187,1.7723914911831884,1110.0,25.51,2031.78,22810.0,22970.0,299031,3.7119897268176207,2007-01-01
Belize,13,2008,0.601039155128674,12.555583272156316,61.59456378781236,1477187471.9648476,34.0629005432129,0.3695117614,45.262,0.336306455657573,23370000.8392334,7.48929462573147,1.629609350046607,1120.0,25.54,2287.97,22810.0,22970.0,306822,3.6503249441044,2008-01-01
Belize,13,2009,0.581959589316389,8.262302105543538,61.29684348969749,1480399775.2769835,29.1802005767822,0.3695117614,45.245,0.33578218971027,26239999.7711182,6.10873904374134,4.640002542467147,2170.0,25.88,1823.91,22810.0,22970.0,314655,6.896442135036787,2009-01-01
Belize,13,2010,0.597370104510796,7.0034476382016,60.99912319158264,1524863986.0269787,32.9286994934082,0.3686014382,45.228,0.334715681416096,24200000.762939498,7.82493779522434,1.7366225791946412,1300.0,25.26,2309.12,22810.0,22970.0,322465,4.031445273130418,2010-01-01
Belize,13,2011,0.583548210723569,6.527153754851319,60.48566418237616,1554114720.1529715,44.3559989929199,0.3686014382,45.228,0.32444338513007,20989999.7711182,6.6831423072121,1.9380079700577768,1420.0,25.74,2481.48,22810.0,22970.0,330236,4.299955183565692,2011-01-01
Belize,13,2012,0.582600842034063,12.75209973181392,59.972205173169655,1591751697.6260974,50.0745010375977,0.3686014382,45.246,0.330889288745347,26209999.084472697,6.09646941045742,2.0414140786565724,1450.0,25.8,2074.39,22810.0,22970.0,338001,4.289928136307289,2012-01-01
Belize,13,2013,0.442831009364265,5.840640350455587,59.458746163963184,1612350313.6755786,40.9900016784668,0.3686014382,45.282,0.333529723071248,51270000.4577637,3.89582899359332,1.4463114718533323,1360.0,25.68,2936.73,22810.0,22970.0,345707,3.933967203441064,2013-01-01
Belize,13,2014,0.440866980757721,8.462428077450525,58.94528715475669,1677452112.5480125,40.2377014160156,0.3686014382,45.335,0.333875314893668,37560001.373291,5.12472916219024,1.3866642517955887,1310.0,25.61,2233.3,22810.0,22970.0,353366,3.707204428269839,2014-01-01
Belize,13,2015,0.44049433687525,3.43376835995794,58.43182814555019,1721700991.46912,32.7263984680176,0.367691115,45.406,0.334256805282014,28270000.4577637,5.58389329401921,1.8286296914048863,1480.0,26.12,1848.53,22810.0,22970.0,360926,4.100563550423079,2015-01-01
Belize,13,2016,0.436140887377155,1.829393405863752,57.94300745287154,1721128807.689968,35.4099998474121,0.367691115,45.495,0.331473421015531,34959999.0844727,5.30917956506944,1.764391325709353,1510.0,26.2,2079.64,22810.0,22970.0,368399,4.098816772032498,2016-01-01
Belize,13,2017,0.442371943647742,1.7127310852301414,57.453748355984224,1752344611.6414962,41.2033996582031,0.367691115,45.601,0.331080748686887,34200000.762939505,5.92078410639595,1.729758499101856,1530.0,25.98,2120.89,22810.0,22970.0,375775,4.0715853901936,2017-01-01
Belize,13,2018,0.552588817643424,6.369938959495052,56.96492766330557,1803268967.9860463,40.1162986755371,0.367691115,45.724,0.330396892909933,33790000.9155273,7.87246021937444,1.775127848362314,1560.0,25.42,2341.68,22810.0,22970.0,383071,4.072352122713544,2018-01-01
Belize,13,2019,0.552588817643424,4.736916189157911,56.47566856641824,1835056955.7167275,40.34221198182977,0.367691115,45.866,0.329853913649382,37659999.8474121,8.058251658393237,1.7556712225824,1363.0434782608695,25.94,1555.84,22810.0,22970.0,390351,3.491840621033043,2019-01-01
Belize,13,2020,0.5484955936378572,4.65707436255279,55.986409469530905,1577955710.9509828,40.24047565792932,0.364591176375,46.025,0.3273040002004381,38444583.17756652,8.244116894310984,1.758747364159826,1208.3931947069943,26.22,2045.02,22810.0,22970.0,397621,3.039057782931471,2020-01-01
Bhutan,15,1995,0.704207410673748,0.0172137896946248,64.23015075376884,498209325.9395325,94.3717497455821,1.699929816,20.537,0.36869141374357,69459999.0844727,4.39536466343989,0.4302048710414137,1270.0,12.02,1959.25,39800.0,40077.0,534629,2.375479070533024,1995-01-01
Bhutan,15,1996,0.707353322640911,0.4613830014312343,64.47959798994975,525935536.14327264,93.2400206314055,1.512463582,21.456,0.368714047667819,57099998.4741211,4.40857830607201,0.5171098729202488,1300.0,11.74,1830.05,39800.0,40077.0,541471,2.400867267129726,1996-01-01
Bhutan,15,1997,0.707579238222186,-0.1987163193156171,64.72904522613065,554198462.5704106,91.3500642374542,1.324997348,22.401,0.369769716013194,59340000.1525879,4.31272414696807,0.6706385385154963,1390.0,11.05,1862.22,39800.0,40077.0,551713,2.519425860909567,1997-01-01
Bhutan,15,1998,0.70744579312028,0.0321666120751175,64.97849246231155,586973930.5318139,91.5314709412851,1.137531114,23.377,0.370895573865806,52439998.626709,4.15395091820329,0.6378703634797954,1390.0,12.23,2144.62,39800.0,40077.0,564378,2.4628883478803214,1998-01-01
Bhutan,15,1999,0.707350354321609,0.2630495434658523,65.22793969849246,633837764.9209282,91.5656229447683,0.95006488,24.383,0.370559928008355,65620002.746582,4.37142869695206,0.6229602378323752,1430.0,12.38,2158.52,39800.0,40077.0,577886,2.4745365002786017,1999-01-01
Bhutan,15,2000,0.706242452632175,0.3305878903483156,65.47738693467336,655103454.7484965,91.3981018066406,0.762598646,25.418,0.37051241976712,47099998.4741211,4.26507893243315,0.6260426994961202,1410.0,11.53,2130.26,39800.0,40077.0,591014,2.3857302872689985,2000-01-01
Bhutan,15,2001,0.696568241272533,0.398126237230779,65.72685929648242,709797744.0008856,91.7484970092773,0.7806250942,26.48,0.371610678312706,54610000.6103516,4.12550470467432,0.5963789855924777,1350.0,12.18,2172.73,39800.0,40077.0,603643,2.2364211959717912,2001-01-01
Bhutan,15,2002,0.692547836092743,0.4656645841132424,65.97633165829147,787820712.5420489,91.200798034668,0.7986515424,27.57,0.372755207583589,60020000.4577637,4.135812130495,0.6493242969035348,1390.0,11.88,1903.3,39800.0,40077.0,616025,2.2564019317397834,2002-01-01
Bhutan,15,2003,0.69476795931458,0.557959009601783,66.2258040201005,849454308.9507173,91.9167022705078,0.8166779906,28.688,0.387193248677573,72860000.6103516,4.16184403266151,0.573394495412844,1360.0,11.93,2019.35,39800.0,40077.0,627840,2.1661569826707443,2003-01-01
Bhutan,15,2004,0.68510780205094,1.2981095749129707,69.41039431224912,900495828.7892877,93.4564971923828,0.8166779906,29.835,0.376191313012153,72129997.253418,4.02099048011325,0.4852780721624147,1320.0,11.96,2031.64,38117.0,38394.0,638809,2.066345339530282,2004-01-01
Bhutan,15,2005,0.681000443242735,0.7793433635206489,69.67088175879529,966117205.239206,91.6669998168945,0.8166779906,30.965,0.388618885731478,78769996.6430664,4.21511976320108,0.6319904307400145,1510.0,12.19,1716.14,38117.0,38394.0,648744,2.327574513213224,2005-01-01
Bhutan,15,2006,0.682436240603346,0.6997454683182075,69.93136920534145,1033742879.2967718,91.9231033325195,0.8166779906,31.712,0.377821138022697,92419998.1689453,4.30163814857849,0.608453857901686,1490.0,12.65,1798.04,38117.0,38394.0,657404,2.2664906206837805,2006-01-01
Bhutan,15,2007,0.673794182180768,6.321598166358454,70.1918566518876,1223546900.6740434,92.0721969604492,0.8166779906,32.469,0.397413502952429,95639999.3896484,4.20709282271404,0.5865781886164726,1510.0,12.51,2031.55,38117.0,38394.0,664873,2.271110422591984,2007-01-01
Bhutan,15,2008,0.680808449926425,0.2560660131595303,70.45234409843377,1282270552.2358446,91.8090972900391,0.8166779906,33.236,0.406953991966225,79019996.6430664,4.49294632791276,0.5955828597208801,1440.0,12.12,2163.13,38117.0,38394.0,671611,2.1440982949951684,2008-01-01
Bhutan,15,2009,0.686905440935134,1.4829412718839838,70.71283154497993,1368802448.6594288,92.3828964233398,0.8166779906,34.01,0.400643935246053,101370002.746582,4.16923581239378,0.545458029953017,1470.0,12.87,1477.64,38117.0,38394.0,678329,2.1670900108944187,2009-01-01
Bhutan,15,2010,0.697057466380656,4.862689355048625,70.97331899152609,1532318165.5995035,90.7985992431641,0.8347044388,34.793,0.392030613851974,97239997.8637695,4.44849461814917,0.6856289259549936,1570.0,12.78,2060.44,38117.0,38394.0,685502,2.2902923696794466,2010-01-01
Bhutan,15,2011,0.683880294862248,1.752382633892725,71.02521184773198,1654637256.602214,89.0147018432617,0.8347044388,35.585,0.391539074830309,118650001.525879,4.6156313820333,0.9663967967552144,1780.0,12.06,1813.07,38117.0,38394.0,693297,2.5674422361556446,2011-01-01
Bhutan,15,2012,0.664991374517167,1.3687155322137374,71.07710470393788,1739328224.1410177,87.3156967163086,0.8347044388,36.371,0.395829276909492,161649993.89648402,4.89017067817016,1.083266104318526,1870.0,11.76,1738.11,38117.0,38394.0,701582,2.665404756678478,2012-01-01
Bhutan,15,2013,0.667540059260075,1.1635035190255625,71.12899756014377,1776201506.490542,86.6952972412109,0.8347044388,37.149,0.403414533892938,136800003.05175802,4.85943326414942,1.1967869789576688,1970.0,11.86,2012.65,38117.0,38394.0,710235,2.7737298218195385,2013-01-01
Bhutan,15,2014,0.661728880770247,1.2340750417274855,71.18089041634967,1878803709.783501,86.5425033569336,0.8347044388,37.918,0.432427995985283,130639999.389648,4.99585720689574,1.3072749852931564,2030.0,12.17,1801.68,38117.0,38394.0,719053,2.823157681005433,2014-01-01
Bhutan,15,2015,0.658403237252996,0.3219684369808399,71.23278327255555,2003598212.9913533,86.6809997558594,0.852730887,38.678,0.43567755159207,97279998.7792969,5.02156182048439,1.3188896597676831,2040.0,11.92,1784.46,38117.0,38394.0,727885,2.8026405270063264,2015-01-01
Bhutan,15,2016,0.655127205278993,0.550454644081003,71.23427013422818,2166431311.735732,84.9516983032227,0.852730887,39.428,0.465134342494896,51599998.4741211,5.10063332303166,1.6695941121695763,2310.0,12.32,1882.05,38144.0,38394.0,736706,3.1355791862696925,2016-01-01
Bhutan,15,2017,0.656912766602141,-0.6755630462588795,71.28617869127517,2267210114.711526,83.5551986694336,0.852730887,40.167,0.48014569939219,118540000.915527,4.96116598037555,1.783886807687613,2420.0,12.28,2013.22,38144.0,38394.0,745563,3.245869229025582,2017-01-01
Bhutan,15,2018,0.653460375355253,0.1082794837448306,71.34556895647614,2336476327.3873334,81.0935974121094,0.852730887,40.895,0.480515370263431,107919998.168945,5.15876963843102,1.829277991929968,2470.0,11.89,1562.07,38140.0,38390.0,754396,3.2741424928021887,2018-01-01
Bhutan,15,2019,0.653460375355253,0.5131363166168957,71.3974829575249,2470944511.9254427,80.51628644108885,0.852730887,41.612,0.479546339671036,181410003.66210905,5.191961159082808,1.8901072580555571,2522.1739130434785,12.08,1800.24,38140.0,38316.65217391304,763094,3.3051942657699818,2019-01-01
Bhutan,15,2020,0.6513459155503157,-0.1203643408649853,71.44939695857367,2221963713.9157734,79.96308060672726,0.817430931625,42.316,0.4841652949180137,186074587.1861772,5.226021283126756,1.949802796539701,2575.3119092627603,11.96,2052.72,38140.0,38240.115311909256,771612,3.3375736889301364,2020-01-01
Bolivia,16,1995,0.724047840233869,5.84790923228249,52.11211575740793,14637304665.728975,33.5360108277007,0.458185293,59.15,0.310930828087734,678820007.324219,2.43547512522125,1.09152918253123,29270.0,21.22,842.88,1083300.0,1098580.0,7622334,3.840031150563594,1995-01-01
Bolivia,16,1996,0.714110665074588,6.40938403475409,51.86256992522846,15275687736.66376,33.1372674813617,0.4408193128,59.682,0.31115480995273,760099975.585938,2.37354074142245,1.0438000079184828,28760.0,20.74,1055.6,1083300.0,1098580.0,7779268,3.697005939376301,1996-01-01
Bolivia,16,1997,0.71345670970025,9.218144107946172,51.61302409304902,16032477194.066507,32.7611598603335,0.4234533326,60.212,0.316895419869373,628289978.027344,2.40718685602269,1.0431557830956606,29350.0,21.3,1141.63,1083300.0,1098580.0,7937453,3.697659690079425,1997-01-01
Bolivia,16,1998,0.70629738469594,11.171461088883111,51.36347826086956,16838806960.54568,31.4021360672862,0.4060873524,60.739,0.319821312073055,549390014.648438,2.47365691452735,1.0633881869552528,30420.0,21.33,1115.09,1083300.0,1098580.0,8096761,3.7570579148872,1998-01-01
Bolivia,16,1999,0.702475112973788,12.1966294042249,51.11393242869011,16910690072.302254,31.5448202635514,0.3887213722,61.264,0.313790565461092,519809997.558594,2.42532754097424,0.9640228139147732,30620.0,20.68,1109.29,1083300.0,1098580.0,8257066,3.708339015335472,1999-01-01
Bolivia,16,2000,0.698763144020816,8.768250433692549,50.86438659651067,17334777635.26142,29.7437992095947,0.371355392,61.787,0.306429660297415,426079986.5722661,2.64531515761827,0.9503140193887818,30520.0,20.84,1167.58,1083300.0,1098580.0,8418270,3.6254479839682014,2000-01-01
Bolivia,16,2001,0.695002968811698,8.668583324284308,50.67834579525524,17626660783.861137,29.911600112915,0.378236462,62.306,0.308052203197845,675960021.972656,2.40100101270746,0.919554269086054,30430.0,20.79,1181.39,1083300.0,1098580.0,8580244,3.546519189897164,2001-01-01
Bolivia,16,2002,0.702866000066908,8.557893430949177,50.49230499399982,18064782868.02491,28.284200668335,0.385117532,62.783,0.302446663672493,600330017.089844,2.42567245235142,0.941343653113377,33160.0,20.98,1078.51,1083300.0,1098580.0,8742822,3.792825703188284,2002-01-01
Bolivia,16,2003,0.697625221547182,2.4423544743932704,50.30626419274439,18554580679.574364,26.3125,0.391998602,63.248,0.302083941053935,762630004.882813,2.47155294875121,1.0229265805956107,33940.0,20.66,1112.29,1083300.0,1098580.0,8905820,3.810991014864437,2003-01-01
Bolivia,16,2004,0.69641548684099,0.7457726097678323,50.12022339148897,19328917940.810337,25.2252006530762,0.391998602,63.711,0.306913601614712,706659973.144531,2.43990671446702,1.03869823544797,36410.0,21.07,1126.86,1083300.0,1098580.0,9069044,4.014756130855689,2004-01-01
Bolivia,16,2005,0.70587117878539,-2.498880030835138,49.93418259023355,20183533438.724552,23.1347999572754,0.391998602,64.17,0.277325867008451,542880004.882813,2.51847420086442,1.0907356681719973,38560.0,20.79,989.3,1083300.0,1098580.0,9232301,4.176640254688404,2005-01-01
Bolivia,16,2006,0.701448671842658,2.451682366972633,49.74814178897813,21151739388.78619,21.7900009155273,0.391998602,64.628,0.268967003399505,807599975.585938,2.55875584138691,1.1878091190745643,39230.0,21.02,1136.33,1083300.0,1098580.0,9395449,4.175425783270176,2006-01-01
Bolivia,16,2007,0.699979412736904,2.7918378666141863,49.56210098772269,22117185733.26953,20.5972995758057,0.391998602,65.082,0.273799858408896,438790008.544922,2.64139773314586,1.2596200341520236,40330.0,20.67,1101.16,1083300.0,1098580.0,9558438,4.2193086359926175,2007-01-01
Bolivia,16,2008,0.6923055856859,3.0726018383087155,49.37606018646727,23477060277.695618,18.1714992523193,0.391998602,65.535,0.274979248294905,589159973.144531,2.71783441391745,1.3393054148159067,41580.0,20.46,1119.77,1083300.0,1098580.0,9721457,4.277136647315315,2008-01-01
Bolivia,16,2009,0.684091256410647,2.439678149612889,49.190019385211855,24265185486.780224,16.5165996551514,0.391998602,65.984,0.275774063679144,611690002.441406,2.79642633069247,1.4031658740347543,42910.0,20.79,1216.21,1083300.0,1098580.0,9884790,4.341012808567506,2009-01-01
Bolivia,16,2010,0.678319047654677,3.165443562819726,49.003978583956425,25266542224.071228,15.6388998031616,0.398879672,66.43,0.280654914920896,560270019.53125,2.81305317949456,1.4967263589135875,47730.0,20.96,1028.19,1083300.0,1098580.0,10048597,4.749916829185208,2010-01-01
Bolivia,16,2011,0.659636283582389,3.584442148731763,48.80850364626604,26581436404.48941,13.806300163269,0.398879672,66.874,0.28499123959145,545969970.703125,2.97815999647705,1.6106999827963533,47800.0,20.89,1154.99,1083300.0,1098580.0,10212951,4.68033186490369,2011-01-01
Bolivia,16,2012,0.65596362250403,3.913550146003366,48.61302870857565,27943010880.026108,13.0593004226685,0.398879672,67.315,0.277153211901221,661719970.703125,3.010183373305,1.6622217091551412,49130.0,20.89,1105.05,1083300.0,1098580.0,10377677,4.734200149031426,2012-01-01
Bolivia,16,2013,0.659733386456337,5.706622120014565,48.417553770885256,29842021040.57391,12.3093996047974,0.398879672,67.699,0.285858639997965,702299987.792969,2.98243696558572,1.760514115652308,50910.0,20.65,1161.16,1083300.0,1098580.0,10542375,4.829082630811368,2013-01-01
Bolivia,16,2014,0.661687331320379,1.9898248565794303,48.22207883319487,31471565392.24109,10.7698001861572,0.398879672,68.047,0.282745726885136,674559997.558594,3.02384109678174,1.8838993110457865,51870.0,21.25,1200.36,1083300.0,1098580.0,10706517,4.844712804360186,2014-01-01
Bolivia,16,2015,0.660761905363392,1.680727879642806,48.02660389550448,33000198248.336178,8.19859981536865,0.405760742,68.393,0.278752613546947,791309997.558594,3.0623185411122,1.8776911887064005,53400.0,21.5,1035.85,1083300.0,1098580.0,10869732,4.912724619153444,2015-01-01
Bolivia,16,2016,0.649894811730558,0.9880801492835491,47.771328348564566,34407300577.86814,8.14159965515137,0.405760742,68.738,0.283318159213821,696510009.765625,3.05249366624474,1.958878596844656,55780.0,21.13,940.78,1083300.0,1098580.0,11031822,5.056281727533312,2016-01-01
Bolivia,16,2017,0.658020703447623,1.899493281133623,47.53274254592449,35850757819.73814,7.46080017089844,0.405760742,69.08,0.288654315317652,949159973.144531,3.0854011603501,1.9878756560101345,56300.0,21.22,1077.8,1083300.0,1098580.0,11192853,5.029995480151486,2017-01-01
Bolivia,16,2018,0.654164179070471,0.7505247809406843,47.31213883504108,37364958855.951935,7.57250022888184,0.405760742,69.425,0.290694404895633,728849975.585938,3.108502042975,2.0003276626554416,56870.0,20.8,1230.39,1083300.0,1098580.0,11353140,5.009186885742623,2018-01-01
Bolivia,16,2019,0.654164179070471,-0.5297350114046662,47.10953567802086,38193230057.67373,6.443651941976673,0.405760742,69.773,0.282976267699059,716130004.882813,3.137764082877337,2.0398406400521463,58070.0,21.14,954.09,1083300.0,1098580.0,11513102,5.043818772733882,2019-01-01
Bolivia,16,2020,0.6512523598553294,-3.0516523502878754,46.92491461275731,34820961246.5927,5.283059962003411,0.4035763857083333,70.123,0.2818114943495308,717684588.114421,3.1709911846797234,2.0831467544927404,59344.34782608696,21.59,936.65,1083300.0,1098580.0,11673029,5.083885924217867,2020-01-01
Bosnia and Herzegovina,17,1995,0.587723778479299,1.511642336765279,42.20361328125,2944222749.6198387,33.222966322614,0.458185293,40.817,0.337900378263663,965799987.792969,1.11346330995966,0.8801140962155355,6210.0,9.45,1253.74,51200.0,51210.0,3829049,1.6218126224031084,1995-01-01
Bosnia and Herzegovina,17,1996,0.589253545593339,1.5755909640468404,42.0115234375,5563334594.9188175,32.8526731958455,0.4408193128,41.13,0.338019345635563,851809997.558594,1.41625566373647,1.113053568160186,7300.0,8.88,1267.53,51200.0,51210.0,3764419,1.939210273882902,1996-01-01
Bosnia and Herzegovina,17,1997,0.588461050005747,1.601293816795945,41.81943359375,7476541665.181557,27.598257427799,0.4234533326,41.442,0.334157870195088,862049987.792969,2.34519148772076,2.2724413621800448,12210.0,9.38,992.17,51200.0,51210.0,3736070,3.2681400509091105,1997-01-01
Bosnia and Herzegovina,17,1998,0.581115730724941,1.6211158811854625,41.62734375,8642881917.134161,26.7391462224776,0.4060873524,41.755,0.33032090271706,914969970.703125,2.60915886087043,2.8813674605780197,14990.0,9.77,1102.73,51200.0,51210.0,3734338,4.014098348890754,1998-01-01
Bosnia and Herzegovina,17,1999,0.544833458938769,3.772741434567088,41.43525390625,9472598556.669794,28.4310773248869,0.3887213722,42.069,0.332497717312828,1286239990.23438,2.59636662109243,2.8103147098336705,15020.0,9.9,1290.27,51200.0,51210.0,3743353,4.012445526777731,1999-01-01
Bosnia and Herzegovina,17,2000,0.541599293426383,2.623764485466875,41.2431640625,10681820232.28984,19.3526000976563,0.371355392,42.384,0.336795813709262,737929992.675781,2.91974633622437,3.718833773728559,18670.0,10.88,849.07,51200.0,51210.0,3751176,4.977105846273275,2000-01-01
Bosnia and Herzegovina,17,2001,0.540120540713101,2.042748177368014,41.22560546875,10940674188.967978,20.2737998962402,0.378236462,42.698,0.344560060450056,640080017.089844,2.99449385576033,3.6639458673300114,18450.0,9.93,1154.9,51200.0,51210.0,3755514,4.912776253796418,2001-01-01
Bosnia and Herzegovina,17,2002,0.534376476409728,3.979471978854802,41.208046875,11490710479.725172,21.2143001556396,0.385117532,43.014,0.345433572606516,555780029.296875,3.39113515003167,3.872969783121672,18590.0,10.58,1191.32,51200.0,51210.0,3759389,4.9449524909499925,2002-01-01
Bosnia and Herzegovina,17,2003,0.526564397570519,4.492344548457025,41.19048828125,11935072202.523186,20.1404991149902,0.391998602,43.33,0.343431751309193,541919982.910156,3.03127473906488,3.949838644041126,19070.0,9.98,839.36,51200.0,51210.0,3762179,5.068870992050086,2003-01-01
Bosnia and Herzegovina,17,2004,0.513238655709481,8.757987379026401,41.1729296875,12689997286.749117,20.0995998382568,0.391998602,43.648,0.357934239207597,686090026.855469,2.99198046081526,4.1363436634774935,20140.0,9.61,1257.72,51200.0,51210.0,3764194,5.350414989238068,2004-01-01
Bosnia and Herzegovina,17,2005,0.509415266658051,5.558366259930489,41.15537109375,13184549067.929993,19.7346992492676,0.391998602,43.965,0.343567577851167,539890014.648438,3.00997514897641,4.310376880445071,20820.0,9.09,1270.61,51200.0,51210.0,3765332,5.529392892844509,2005-01-01
Bosnia and Herzegovina,17,2006,0.506032400316386,6.575891687634537,41.1378125,13898361025.260853,18.1240005493164,0.391998602,44.282,0.321654192623041,536840026.855469,3.06953042111133,4.7564389861216085,22680.0,9.89,992.55,51200.0,51210.0,3765422,6.023229268857515,2006-01-01
Bosnia and Herzegovina,17,2007,0.497714491953975,11.673739667335562,41.12025390625,14712405590.001429,14.8403997421265,0.391998602,44.601,0.324273186596135,599099975.585938,3.13319249353866,5.020209732616029,23820.0,10.8,1053.36,51200.0,51210.0,3762791,6.33040740237765,2007-01-01
Bosnia and Herzegovina,17,2008,0.494271718570972,5.257502019645511,41.1026953125,15513324091.431698,14.2776002883911,0.391998602,44.92,0.332638783640397,465010009.765625,3.45068084072957,5.529716767161367,25710.0,10.77,1047.17,51200.0,51210.0,3754261,6.848218597481635,2008-01-01
Bosnia and Herzegovina,17,2009,0.479009169649191,0.7863762078090044,41.08513671875,15047233105.805857,17.4342002868652,0.391998602,45.239,0.332378126354368,417339996.33789104,3.26003108040932,5.511323105666706,25950.0,10.6,1155.41,51200.0,51210.0,3735945,6.946033734436669,2009-01-01
Bosnia and Herzegovina,17,2010,0.471122704503228,2.583954501804687,41.067578125,15177492377.319036,19.5678005218506,0.398879672,45.558,0.332434128862829,511179992.675781,3.1895428391203,5.624105715915734,25960.0,9.79,1469.67,51200.0,51210.0,3705478,7.005843780478524,2010-01-01
Bosnia and Herzegovina,17,2011,0.460359716176613,2.5294608594066967,41.293515625,15323122123.728598,14.1579999923706,0.398879672,45.878,0.340410211309527,625780029.296875,3.47287177440685,6.4842606454270255,29040.0,10.4,777.41,51200.0,51210.0,3661173,7.931884125661366,2011-01-01
Bosnia and Herzegovina,17,2012,0.449304469941649,2.276131267591994,41.519453125,15197191117.126995,15.2788000106812,0.398879672,46.199,0.345786344422633,568020019.53125,3.37155130281265,6.09158684172859,27260.0,10.73,997.05,51200.0,51210.0,3604972,7.561778565825199,2012-01-01
Bosnia and Herzegovina,17,2013,0.453142608540183,1.7240216788179958,41.745390625,15554303325.219006,19.4764995574951,0.398879672,46.519,0.358097822146565,521210021.972656,3.41582403798013,6.167789853661071,27050.0,10.54,1269.45,51200.0,51210.0,3542598,7.635639155218853,2013-01-01
Bosnia and Herzegovina,17,2014,0.451978640647134,2.9355660497033584,41.971328125,15733776823.990664,23.6758995056152,0.398879672,46.84,0.374527109993651,630200012.207031,3.31674522277344,5.59718744920459,24470.0,11.05,1485.33,51200.0,51210.0,3482106,7.027356433147067,2014-01-01
Bosnia and Herzegovina,17,2015,0.449704777269893,2.361861222491496,42.197265625,16219819017.360718,25.2754001617432,0.405760742,47.173,0.363194863391644,356390014.64843804,3.46563794767137,5.71826479677561,24640.0,10.96,1029.0,51200.0,51210.0,3429362,7.185009923128559,2015-01-01
Bosnia and Herzegovina,17,2016,0.468081988377144,1.8516780925900904,42.5099609375,16730711998.469269,23.0282001495361,0.405760742,47.518,0.367389943856072,446119995.117188,3.74135518610267,6.597243037531343,27200.0,10.59,1198.07,51200.0,51210.0,3386263,8.03245347452339,2016-01-01
Bosnia and Herzegovina,17,2017,0.468969978337643,2.8177825812398702,42.7326171875,17261315633.602997,18.5198993682861,0.405760742,47.876,0.374376986084738,440540008.544922,3.72849936262485,6.758099425516793,27460.0,10.64,956.96,51200.0,51210.0,3351534,8.193263144577976,2017-01-01
Bosnia and Herzegovina,17,2018,0.46985089755991,2.9824607642411927,42.7326171875,17906901109.716545,35.4009017944336,0.405760742,48.245,0.375440838857385,355950012.207031,3.89223293778533,6.781131606601706,27190.0,11.4,1065.7,51200.0,51210.0,3323929,8.180078455346068,2018-01-01
Bosnia and Herzegovina,17,2019,0.46985089755991,2.166756577276244,42.7326171875,18413845946.17709,35.49559464103445,0.405760742,48.626,0.369187399890051,464510009.765625,4.013049008560359,7.037697585314148,28102.17391304348,11.42,1249.57,51200.0,51210.0,3300998,8.513235667832419,2019-01-01
Bosnia and Herzegovina,17,2020,0.4649395275216021,2.0572012977548457,42.7326171875,17825164473.519627,35.61050426908614,0.4035763857083333,49.02,0.3704910257911505,443622927.347819,4.125953067030963,7.295290803451277,29006.61625708885,10.96,1007.32,51200.0,51210.0,3280815,8.841283722821569,2020-01-01
Botswana,18,1995,0.718215486276862,1.4884593080670414,32.13558484639952,5830149651.842758,47.1740351861578,0.145403673,48.981,0.373539668476858,89660003.6621094,2.44802892538724,2.1712895622231008,14260.0,22.23,325.87,566730.0,581730.0,1469173,9.706140801661888,1995-01-01
Botswana,18,1996,0.714560059138705,1.468356845368999,31.926843470435657,6170035720.818056,44.68880764665,0.1359897376,49.83,0.373886305577292,74569999.6948242,2.86111401938827,1.9405552114540607,15490.0,21.66,421.2,566730.0,581730.0,1504724,10.29424665254226,1996-01-01
Botswana,18,1997,0.704274321110103,1.99413279657563,31.7181020944718,6683746163.327436,43.9989959405707,0.1265758022,50.677,0.375369888918777,121620002.746582,2.59280971188576,1.992957783051939,15170.0,21.83,438.6,566730.0,581730.0,1540424,9.847937970325054,1997-01-01
Botswana,18,1998,0.692950371858637,1.989749586853874,31.50936071850793,6713399504.17263,37.3976014051366,0.1171618668,51.525,0.376995370656918,106250000.0,2.84251409251842,2.33528172826078,14900.0,22.43,376.0,566730.0,581730.0,1575827,9.455352649751529,1998-01-01
Botswana,18,1999,0.679515896841356,0.668733485559009,31.300619342544067,7362399996.180469,39.8346700409907,0.1077479314,52.372,0.377159565469701,60889999.3896484,2.85588697039558,2.397128414044937,15010.0,22.23,360.76,566730.0,581730.0,1610260,9.321476034926036,1999-01-01
Botswana,18,2000,0.674020894497308,0.9877001693962422,31.091877966580206,7508742115.687975,36.5603981018066,0.098333996,53.219,0.378075083884574,30620000.8392334,3.68079515583537,2.4523331546314715,14920.0,21.53,455.3,566730.0,581730.0,1643333,9.079109346675324,2000-01-01
Botswana,18,2001,0.678941226371325,0.5588845238802124,30.883136590616346,7527557061.149493,35.6713981628418,0.0937399356,54.062,0.377134197645499,28930000.3051758,3.21053535333318,2.310897523936002,16780.0,21.94,419.01,566730.0,581730.0,1674674,10.0198605818207,2001-01-01
Botswana,18,2002,0.672582817936851,7.50152806827716,30.67439521465248,7984444460.55594,34.2549018859863,0.0891458752,54.57,0.375196162986305,37310001.373291,3.71021283450279,2.364139696604028,17120.0,22.11,353.38,566730.0,581730.0,1704637,10.04319394686376,2002-01-01
Botswana,18,2003,0.670485003486235,5.565281274848307,30.465653838688617,8353796461.02019,34.2341003417969,0.0845518148,55.029,0.393333408053282,28049999.237060502,3.38779777014799,2.2601645422849685,9990.0,22.4,353.82,566730.0,581730.0,1734387,5.759960147302764,2003-01-01
Botswana,18,2004,0.669472853935909,4.363836573701255,30.25691246272476,8579835301.496779,32.1278991699219,0.0845518148,55.488,0.382315972274514,46610000.6103516,3.21245740400276,2.2486127418745503,10590.0,22.47,416.16,566730.0,581730.0,1765533,5.998188648980223,2004-01-01
Botswana,18,2005,0.671991282059771,4.242949051008693,30.048171086760888,8970787994.168371,30.7691993713379,0.0845518148,55.944,0.396857219706573,48270000.4577637,3.4477718727893,2.3789976749188613,11990.0,22.87,371.45,566730.0,581730.0,1799077,6.664528533242324,2005-01-01
Botswana,18,2006,0.66826114193057,4.802907024342221,29.839429710797027,9721093135.870125,29.4414005279541,0.0845518148,56.4,0.384582572626829,66610000.61035161,3.42594216981258,2.2277768366767234,13860.0,21.93,420.78,566730.0,581730.0,1835911,7.549385563897161,2006-01-01
Botswana,18,2007,0.663762857237793,4.521727882914247,29.630688334833167,10525685052.869282,27.8027000427246,0.0845518148,57.928,0.388077558619515,105069999.694824,2.67850791453047,2.303437347037364,12160.0,22.21,355.58,566730.0,581730.0,1875458,6.483749569438505,2007-01-01
Botswana,18,2008,0.661075186839813,4.7593837342446745,29.421946958869302,11183060119.86327,27.3376998901367,0.0845518148,59.444,0.392036990088194,723099975.585938,3.18003073244174,2.291667101683201,20940.0,22.33,400.36,566730.0,581730.0,1915636,10.931095469076588,2008-01-01
Botswana,18,2009,0.656987913210599,2.0326930078097587,29.21320558290544,10327297669.355349,28.4479007720947,0.0845518148,60.937,0.395083680868629,282350006.10351604,2.94015821239123,2.09368337262189,11830.0,22.47,397.8,566730.0,581730.0,1953495,6.055812786825664,2009-01-01
Botswana,18,2010,0.646778758302776,1.707873139111291,29.004464206941577,11211689312.571398,30.301399230957,0.0799577544,62.412,0.392060774205377,154669998.168945,2.82382072935694,1.6959336844637378,22420.0,22.49,466.93,566730.0,581730.0,1987106,11.282739823643029,2010-01-01
Botswana,18,2011,0.636749030830542,1.9099048225016773,28.79572283097772,11889812807.372477,29.9790992736816,0.0799577544,63.865,0.390989011498282,118500000.0,3.46913735324279,1.984711765272109,27490.0,21.92,466.23,566730.0,581730.0,2015406,13.639931606832567,2011-01-01
Botswana,18,2012,0.626266902744633,1.0158839554762071,28.58698145501385,12419640043.352455,29.6081008911133,0.0799577544,64.768,0.398897290928254,73069999.6948242,2.99470642197131,2.515259486033936,16490.0,22.19,362.2,566730.0,581730.0,2039551,8.085112850818636,2012-01-01
Botswana,18,2013,0.630999979121504,0.4505296471746211,28.378240079049988,13828449115.88259,28.7817993164063,0.0799577544,65.572,0.404471522940935,107370002.746582,2.87143073996269,2.6956909186730416,15950.0,22.06,386.6,566730.0,581730.0,2062551,7.733142113819246,2013-01-01
Botswana,18,2014,0.632005570459407,3.290933483372106,28.169498703086127,14402227735.528015,28.1471996307373,0.0799577544,66.368,0.426040536492148,99370002.746582,2.7516766044325,3.41373893467406,14760.0,22.16,373.59,566730.0,581730.0,2088619,7.0668705015132005,2014-01-01
Botswana,18,2015,0.617465972596988,2.787841796897299,27.960757327122263,13578754072.4652,28.2280006408691,0.075363694,67.155,0.422673428102263,65540000.9155273,2.58506875242921,3.399795163520245,14400.0,22.79,346.01,566730.0,581730.0,2120716,6.790159549887868,2015-01-01
Botswana,18,2016,0.603386655236863,0.9449485206391998,27.7520159511584,14534277003.72438,28.113000869751,0.075363694,67.933,0.438440897740942,90569999.6948242,2.55636245982013,3.296410755003067,13580.0,22.81,376.88,566730.0,581730.0,2159925,6.287255344514277,2016-01-01
Botswana,18,2017,0.5981143597079,1.6196422214053126,27.543274575194538,15116149478.604382,28.3668003082275,0.075363694,68.7,0.432417208375953,102089996.337891,2.47829961778033,3.5690379832713246,17460.0,22.24,440.62,566730.0,581730.0,2205076,7.918094433026344,2017-01-01
Botswana,18,2018,0.592639114714877,1.6906167569084376,27.33453319923068,15717831995.660583,28.1989002227783,0.075363694,69.446,0.427055865194186,85750000.0,2.36925585659503,3.642305219853713,16120.0,22.44,379.79,566730.0,581730.0,2254067,7.151517678933235,2018-01-01
Botswana,18,2019,0.592639114714877,0.564111762365876,27.12579182326681,16188225469.253649,27.37389435480528,0.075363694,70.172,0.429245230238493,68860000.6103516,2.365830940560586,3.706262422359392,16200.869565217392,23.12,378.29,566730.0,581730.0,2303703,7.032533953038822,2019-01-01
Botswana,18,2020,0.5874067658997942,0.5315573568783722,26.917050447302948,14813376718.864548,26.62107203776855,0.0724453615416666,70.877,0.4315662953118944,67993333.81652837,2.344296893655035,3.783032301094406,16231.776937618148,22.2,399.44,566730.0,581730.0,2351625,6.9023662095862,2020-01-01
Brazil,19,1995,0.456447129910072,0.6315857909951116,68.19618958284977,1066858717622.6407,46.1343566508084,0.136625124,77.61,0.386928216668597,264329986.572266,3.03516074747719,1.4905577425744316,677740.0,25.39,1781.74,8358140.0,8515770.0,162019889,4.183066685103086,1995-01-01
Brazil,19,1996,0.453070279537699,1.475965411336153,67.74382338654293,1090424176305.9906,44.5328823904229,0.1420709078,78.302,0.386234727195412,257799987.792969,3.01097155331947,1.5970628913889957,685170.0,25.17,1803.0,8358140.0,8515770.0,164614682,4.162265429033845,1996-01-01
Brazil,19,1997,0.44951542117626,2.1504523942888985,67.2914571902361,1127442397678.2292,43.7251083730704,0.1475166916,79.048,0.387609193003932,229789993.28613305,2.96184164335813,1.683581162229704,713090.0,25.48,1786.68,8358140.0,8515770.0,167209046,4.26466161406124,1997-01-01
Brazil,19,1998,0.444656305508357,3.3408871337384327,66.83909099392928,1131254256770.5005,43.8615767414815,0.1529624754,79.781,0.388854365990451,260609985.351563,2.90335967764493,1.712516221888835,736040.0,25.8,1749.18,8358140.0,8515770.0,169785253,4.335123263031566,1998-01-01
Brazil,19,1999,0.442004735985378,4.733769826738488,66.38672479762245,1136547820412.5903,44.0972758704006,0.1584082592,80.496,0.39423143822173,144380004.882813,2.90823288165081,1.7445584568507069,752070.0,25.27,1786.43,8358140.0,8515770.0,172318674,4.364413806944684,1999-01-01
Brazil,19,2000,0.432817433389563,5.033917141089801,65.93435860131561,1186418964175.1858,42.7639999389648,0.163854043,81.192,0.399487643504354,255679992.67578095,2.95123132704895,1.7888288436811144,765600.0,25.24,1887.69,8358140.0,8515770.0,174790339,4.380104783708898,2000-01-01
Brazil,19,2001,0.432447167955348,4.147593260739819,65.46167089807062,1202908958700.0657,41.4361000061035,0.163069709,81.553,0.402000839196957,252020004.272461,2.78558048898941,1.8034261948648052,796350.0,25.5,1777.83,8358140.0,8515770.0,177196051,4.494174647266829,2001-01-01
Brazil,19,2002,0.425664783674821,3.253580632637252,64.98898319482565,1239639324926.4375,42.9715003967285,0.162285375,81.88,0.406826674411344,236410003.66210905,2.78195910717056,1.767207181531629,823220.0,25.75,1812.64,8358140.0,8515770.0,179537523,4.585225340331781,2002-01-01
Brazil,19,2003,0.421982640899854,1.8134005941932727,64.51629549158065,1253781489825.3674,45.2484016418457,0.161501041,82.203,0.404775371272149,229300003.051758,2.85768387911649,1.7015086427618609,837390.0,25.59,1709.77,8358140.0,8515770.0,181809244,4.60587141542704,2003-01-01
Brazil,19,2004,0.420060592856221,2.7135320801157032,64.04360778833569,1325998860262.8047,45.3203010559082,0.161501041,82.521,0.399156323808716,178279998.779297,2.69088544194522,1.7758070355772635,883460.0,25.55,1798.37,8358140.0,8515770.0,184006479,4.801243982283906,2004-01-01
Brazil,19,2005,0.418099272598695,1.7338935718728197,63.5709200850907,1368459094911.19,46.2705993652344,0.161501041,82.834,0.419364134922236,217240005.493164,2.56718749969581,1.7757219974642275,888930.0,25.78,1798.19,8358140.0,8515770.0,186127108,4.775929790946948,2005-01-01
Brazil,19,2006,0.417787148995512,1.7531254345987624,63.09823238184572,1422677289738.7844,46.8240013122559,0.161501041,83.143,0.494037806864353,110199996.948242,2.55731811450774,1.7749093807999732,886910.0,25.59,1832.41,8358140.0,8515770.0,188167353,4.713410620172778,2006-01-01
Brazil,19,2007,0.3947613078351,3.1908265590155707,62.62554467860074,1509031960385.8162,47.3348999023438,0.161501041,83.448,0.500212980220913,328589996.33789104,2.64713873550963,1.848835939977945,911240.0,25.68,1712.26,8358140.0,8515770.0,190130445,4.792709552644238,2007-01-01
Brazil,19,2008,0.390573489416541,2.99060892552412,62.15285697535576,1585904997822.466,47.1814002990723,0.161501041,83.749,0.511258938122568,468630004.882813,2.78192093651038,1.9380268626478971,924380.0,25.39,1860.12,8358140.0,8515770.0,192030362,4.813717947373343,2008-01-01
Brazil,19,2009,0.435306277822422,1.8884824043261128,61.68016927211079,1583909738979.1648,49.038501739502,0.161501041,84.044,0.523361749929185,374809997.558594,2.6417920833122,1.8094606429673896,905490.0,25.56,1902.59,8358140.0,8515770.0,193886505,4.670206417924755,2009-01-01
Brazil,19,2010,0.374875437147835,3.730012269715172,61.2074815688658,1703150040884.7354,46.9241981506348,0.160716707,84.335,0.552958912133754,464779998.779297,2.87310945881778,2.0322038162317733,986440.0,25.79,1759.98,8358140.0,8515770.0,195713637,5.040221085871497,2010-01-01
Brazil,19,2011,0.461822936873008,3.915179541255662,61.023328156743005,1770840429187.2695,45.3432998657227,0.160716707,84.631,0.55787921140938,840690002.441406,3.00627935548761,2.1118445147792944,1004840.0,25.51,1836.31,8358140.0,8515770.0,197514541,5.087422905233089,2011-01-01
Brazil,19,2012,0.431191672590876,3.754962108402599,60.839174744620216,1804861390247.1616,43.5511016845703,0.160716707,84.923,0.556903074244443,1288540039.0625,2.95352034375719,2.2668781108230425,1042040.0,25.68,1675.27,8358140.0,8515770.0,199287292,5.2288331561051065,2012-01-01
Brazil,19,2013,0.402192631529573,3.0415092294480828,60.65502133249742,1859094274468.5984,42.4313011169434,0.160716707,85.209,0.555693790910531,1155729980.46875,2.98645723064657,2.4018595205759863,1070850.0,25.66,1797.92,8358140.0,8515770.0,201035904,5.32666045563682,2013-01-01
Brazil,19,2014,0.406660303762254,3.5713526131119453,60.47086792037463,1868463286781.874,41.8292007446289,0.160716707,85.492,0.356808053037645,914150024.414063,2.97881768964341,2.4993620161205943,1105900.0,25.8,1745.69,8358140.0,8515770.0,202763744,5.454130892355193,2014-01-01
Brazil,19,2015,0.400327785703261,3.592149731053348,60.28671450825184,1802211999538.684,43.7406005859375,0.159932373,85.77,0.350165413330058,1003190002.44141,2.78708017130218,2.347365730834252,1082700.0,26.11,1621.71,8358140.0,8515770.0,204471759,5.295107770848687,2015-01-01
Brazil,19,2016,0.396418118045806,4.137378538737663,60.07103255030426,1743173031958.0488,45.5766983032227,0.159932373,86.042,0.354293679137294,674630004.882813,2.70545377527384,2.143497523630033,1051690.0,25.97,1610.9,8358140.0,8515770.0,206163056,5.101253446689304,2016-01-01
Brazil,19,2017,0.377901331419109,3.3382602842802376,59.832881478415054,1766232928553.8943,45.4364013671875,0.159932373,86.309,0.347184582092121,273890014.64843804,2.74772618974015,2.164421503573829,1064920.0,25.88,1629.66,8358140.0,8515770.0,207833825,5.123901270642543,2017-01-01
Brazil,19,2018,0.380002240510018,4.077487084116653,59.70842795167346,1797736638228.8826,47.0616989135742,0.159932373,86.569,0.345184530523094,444829986.5722661,2.58795918509511,2.041874199047383,1032640.0,25.72,1764.38,8358140.0,8515770.0,209469320,4.929791150322157,2018-01-01
Brazil,19,2019,0.380002240510018,3.683753198927691,59.55852617926956,1823105452462.9456,47.1020181423901,0.159932373,86.824,0.349399829167988,290230010.986328,2.568515638904585,2.0658444797635984,1048070.4347826086,26.06,1662.23,8358140.0,8515770.0,211049519,4.965993003673269,2019-01-01
Brazil,19,2020,0.3768170367850157,2.6154507119429056,59.41747805133678,1749104722085.7463,47.21371969682346,0.1609035083749999,87.073,0.3478361463554626,291309178.67024726,2.5492784252343723,2.0862262879537985,1063848.7145557655,26.05,1679.26,8358140.0,8515770.0,212559409,5.004947649980366,2020-01-01
Brunei Darussalam,20,1995,0.59226108050951,12.310056966042024,76.85009487666035,10622767156.957678,0.0,0.025239889,68.644,0.462997949486234,50000.0007450581,5.79651499434029,15.145803602681816,15160.0,26.37,3305.12,5270.0,5770.0,297112,51.02452947036808,1995-01-01
Brunei Darussalam,20,1996,0.590851263483703,12.776597809510609,76.54648956356736,10928524149.281437,0.0,0.0268341934,69.158,0.464351225945709,19999.9995529652,5.71848770748043,15.461886941106952,15690.0,26.28,3465.85,5270.0,5770.0,304620,51.50679535158558,1996-01-01
Brunei Darussalam,20,1997,0.581356709014052,13.501924996760398,76.24288425047439,10767746808.7381,0.0,0.0284284978,69.666,0.457315297282872,119999.997317791,6.15076749200381,16.31608978016553,16400.0,26.59,2717.66,5270.0,5770.0,311962,52.57050538206576,1997-01-01
Brunei Darussalam,20,1998,0.572897618907798,14.15031268436578,75.9392789373814,10707607989.747532,0.0,0.0300228022,70.17,0.450512989524169,150000.005960464,6.78261342451528,13.505256396195968,15950.0,26.96,2820.24,5270.0,5770.0,319135,49.97884907640967,1998-01-01
Brunei Darussalam,20,1999,0.564390766301544,16.258014534782607,75.63567362428843,11034421011.701366,0.0,0.0316171066,70.669,0.454888158294239,140000.000596046,5.86541326165485,12.84432918268376,16160.0,26.46,3801.7,5270.0,5770.0,326214,49.53803331555359,1999-01-01
Brunei Darussalam,20,2000,0.555581494340452,9.15836044592086,75.33206831119544,11348838215.893469,0.0,0.033211411,71.164,0.458458088021471,109999.999403954,5.52782330883913,13.29667493081527,16720.0,26.52,3575.13,5270.0,5770.0,333166,50.185192966869366,2000-01-01
Brunei Darussalam,20,2001,0.5347511135801,1.0836218901056525,75.00948766603416,11660254934.820362,0.0,0.035230769,71.652,0.461721304046568,79999.9982118607,4.59969697227323,12.675091240070934,16700.0,26.6,3357.2,5270.0,5770.0,340037,49.1123024847296,2001-01-01
Brunei Darussalam,20,2002,0.513675634780533,3.930498375971706,74.68690702087287,12111751312.50102,0.0,0.037250127,72.046,0.461092548488345,100000.001490116,4.30825176791783,12.572921502867835,16830.0,26.67,2738.35,5270.0,5770.0,346777,48.53263048010681,2002-01-01
Brunei Darussalam,20,2003,0.50524477148285,1.888281555151046,74.36432637571157,12463471178.044228,0.0,0.039269485,72.421,0.463698674813475,90000.0035762787,5.28293888396067,14.860102746996136,17820.0,26.5,3068.05,5270.0,5770.0,353295,50.439434466946885,2003-01-01
Brunei Darussalam,20,2004,0.496813908185167,1.4380217893431413,74.04174573055028,12526326738.11353,0.0,0.039269485,72.794,0.472433134061553,29999.999329447703,6.67308780741677,13.688187539297896,17580.0,26.46,2760.35,5270.0,5770.0,359434,48.91023108554004,2004-01-01
Brunei Darussalam,20,2005,0.501810722155839,1.8367549809509185,73.719165085389,12574867157.150423,0.0,0.039269485,73.163,0.483780025947865,189999.997615814,5.73374418926062,13.20142860273012,17560.0,26.53,3194.04,5270.0,5770.0,365112,48.09483117509148,2005-01-01
Brunei Darussalam,20,2006,0.499375575428743,0.7657693543061875,73.39658444022771,13127874564.542648,0.0,0.039269485,73.529,0.552215090781637,270000.010728836,7.02289268705072,19.499705613862616,19480.0,26.49,3465.76,5270.0,5770.0,370262,52.61139409391188,2006-01-01
Brunei Darussalam,20,2007,0.501153084425277,2.103544653285101,73.07400379506642,13148167870.887836,0.0,0.039269485,73.892,0.444889645506495,439999.997615814,6.91268069126324,18.24160526126299,18640.0,26.4,3539.4,5270.0,5770.0,374967,49.71104123829564,2007-01-01
Brunei Darussalam,20,2008,0.504145775922953,1.5436880440439893,72.75142314990512,12893130934.087566,0.0,0.039269485,74.252,0.450436002959458,810000.002384186,7.32406397996168,19.029144637312932,18530.0,26.16,3997.29,5270.0,5770.0,379418,48.83795708163556,2008-01-01
Brunei Darussalam,20,2009,0.496495297227171,3.0336909783197465,72.42884250474383,12665627056.365894,0.0,0.039269485,74.608,0.475783432353652,1399999.97615814,6.59396917228759,19.353897609285703,18270.0,26.54,3566.4,5270.0,5770.0,383902,47.59027043360024,2009-01-01
Brunei Darussalam,20,2010,0.467360178713503,3.507036879799358,72.10626185958255,12994802365.1317,0.0,0.041288843,74.961,0.474265896294183,2539999.96185303,4.7167174241142,17.651569342877874,17220.0,26.49,3885.87,5270.0,5770.0,388634,44.30904141171385,2010-01-01
Brunei Darussalam,20,2011,0.47979265617264,3.7309491832285975,72.10626185958255,13481499082.926895,0.0157999992370605,0.041288843,75.31,0.475084727144151,3240000.00953674,5.58149062259141,17.806023566945314,17270.0,26.38,3701.1,5270.0,5770.0,393687,43.86733623411492,2011-01-01
Brunei Darussalam,20,2012,0.481594766743903,4.540677437230851,72.10626185958255,13604563824.426538,0.0148000000044703,0.041288843,75.656,0.476273208699252,4519999.98092651,5.57907274260234,17.869808544926403,17310.0,26.61,3272.94,5270.0,5770.0,398997,43.38378484048752,2012-01-01
Brunei Darussalam,20,2013,0.482602419653301,4.286776223657936,72.10626185958255,13315326917.851109,0.0135000003501773,0.041288843,75.997,0.485183146394991,4559999.94277954,6.70692246445706,17.35844950966089,17110.0,26.68,3419.15,5270.0,5770.0,404414,42.30812978779172,2013-01-01
Brunei Darussalam,20,2014,0.489072495370939,3.3565019910293827,72.10626185958255,12981331573.376566,0.0140000004321337,0.041288843,76.332,0.506752869380732,3880000.11444092,5.77988691704584,17.009209864853652,16960.0,26.51,3158.19,5270.0,5770.0,409778,41.38826388922782,2014-01-01
Brunei Darussalam,20,2015,0.486133768285357,1.3247017484599544,72.10626185958255,12930394937.81366,0.0148999998345971,0.043308201,76.663,0.495617762820906,3619999.88555908,4.8491517711816,14.412625266922785,15880.0,26.86,2842.32,5270.0,5770.0,414914,38.27299151149395,2015-01-01
Brunei Darussalam,20,2016,0.497309395881808,-1.3205223378443949,72.10626185958255,12609990390.59924,0.0074000000022351,0.043308201,76.99,0.500236653951642,5369999.88555908,4.43259146977382,15.269503157523625,16180.0,27.15,2525.2,5270.0,5770.0,419791,38.54298924941221,2016-01-01
Brunei Darussalam,20,2017,0.490561394748632,3.85820831655778,72.10626185958255,12777527044.68742,0.0109000001102686,0.043308201,77.312,0.500837907575848,5070000.17166138,6.23285254624563,15.80753908891093,16330.0,26.71,3723.22,5270.0,5770.0,424481,38.47050869179069,2017-01-01
Brunei Darussalam,20,2018,0.509589522952674,3.804741352753753,72.10626185958255,12784201742.531467,0.0109000001102686,0.043308201,77.629,0.522564097793431,5260000.228881841,5.41536894772703,16.64490861618799,16620.0,26.78,3565.55,5270.0,5770.0,428960,38.744871316672885,2018-01-01
Brunei Darussalam,20,2019,0.509589522952674,2.771141483907939,72.10626185958255,13278836553.322006,0.0113739131585411,0.043308201,77.942,0.516908483302804,4289999.96185303,5.398797380482975,16.710087095036084,16683.478260869564,26.98,2929.05,5270.0,5770.0,433296,38.50365168584424,2019-01-01
Brunei Darussalam,20,2020,0.5061448747211392,4.710565406218424,72.10626185958255,13429361905.774529,0.0118684311219559,0.0440610473333333,78.25,0.5191547555451611,4466666.626899196,5.384897801048303,16.764356666946046,16726.67296786389,26.81,3660.51,5270.0,5770.0,437483,38.23388101449403,2020-01-01
Bulgaria,21,1995,0.366658804034857,0.4762079458923019,30.290156377112897,33806871457.71936,3.10670719617277,0.200468702,67.782,0.390615063277023,133265336.60888693,3.51320138079137,6.506015238755532,71100.0,10.58,738.2,110630.0,110990.0,8406067,8.458176695474828,1995-01-01
Bulgaria,21,1996,0.364638933812861,0.8865953833816002,30.333544246587724,35566651552.93586,3.5463405513982,0.200468702,68.007,0.398724621748012,133265336.60888693,3.0999495618041,6.583898792106878,71630.0,10.21,602.24,110630.0,110990.0,8362826,8.565286423512818,1996-01-01
Bulgaria,21,1997,0.369820370489442,4.4609457462362645,30.376932116062548,30546283155.74701,3.80966278746104,0.200468702,68.231,0.420761701577852,133265336.60888693,3.32040751199996,6.420784815523645,69110.0,10.01,672.65,110630.0,110990.0,8312068,8.314417062035584,1997-01-01
Bulgaria,21,1998,0.366553558122961,3.5747997384733643,30.420319985537372,31703719111.31264,5.88973654891648,0.151556612,68.454,0.419612083723483,133265336.60888693,3.23085605936305,6.127081409158479,65260.0,10.78,700.2,110630.0,110990.0,8256786,7.903801794063695,1998-01-01
Bulgaria,21,1999,0.390552175891738,6.0084298124206885,30.463707855012203,29041845953.29858,6.62750782850445,0.151556612,68.677,0.417415036991885,133265336.60888693,3.09353279864892,5.395448628508625,58330.0,11.47,653.92,110630.0,110990.0,8210624,7.104210349907632,1999-01-01
Bulgaria,21,2000,0.378989668792746,7.560896911655764,30.507095724487023,30374060870.550903,7.9653000831604,0.151556612,68.899,0.411311686889728,133265336.60888693,2.9816477414089,5.30343792027879,57700.0,11.52,415.96,110630.0,110990.0,8170172,7.0622748211420765,2000-01-01
Bulgaria,21,2001,0.380334418716025,5.731605871045067,30.834312573443007,31535474948.991165,7.24350023269653,0.176012657,69.166,0.413397185073251,133265336.60888693,3.33941017477072,5.7659110051988085,60160.0,11.38,529.23,110630.0,110990.0,8009142,7.511416328990046,2001-01-01
Bulgaria,21,2002,0.38011629158617,5.515260999855816,31.68566176470588,33387216050.78214,8.69729995727539,0.151556612,69.524,0.42545565723602,133265336.60888693,3.36627745463362,5.567066951923024,57510.0,11.49,672.37,108800.0,110990.0,7837161,7.338116442931311,2002-01-01
Bulgaria,21,2003,0.379448078807489,9.916246541081629,32.02721338604395,35135756064.3845,9.16160011291504,0.127100567,69.879,0.43186989069097,133265336.60888693,3.46740808824527,6.159226486551627,62300.0,10.6,582.5,108770.0,110990.0,7775327,8.012524746547637,2003-01-01
Bulgaria,21,2004,0.378955535371176,11.746170678973272,32.36300110334682,37423243595.55657,9.5871000289917,0.127100567,70.233,0.434822288777827,133265336.60888693,4.05869471560209,6.113885699623941,60990.0,11.01,600.08,108760.0,111000.0,7716860,7.903473692667743,2004-01-01
Bulgaria,21,2005,0.377049643614353,13.72019166276386,32.7319587628866,40063957719.33804,9.87349987030029,0.127100567,70.584,0.437888674930253,133265336.60888693,3.66317500416394,6.251491714553859,60950.0,10.62,771.79,108640.0,111000.0,7658972,7.957987051003712,2005-01-01
Bulgaria,21,2006,0.377897132746131,22.904363084004327,33.068213200773265,42789344253.00388,9.97039985656738,0.127100567,70.932,0.43649720049491,133265336.60888693,4.09409870048172,6.442554698565535,61030.0,10.8,651.11,108630.0,111000.0,7601022,8.029183444015818,2006-01-01
Bulgaria,21,2007,0.378511916856395,31.24701891836361,33.407605192892,45609752890.50104,8.83740043640137,0.127100567,71.278,0.44142865914955,133265336.60888693,3.94249899182917,6.973842656220305,65210.0,11.9,658.95,108610.0,111000.0,7545338,8.64242264561243,2007-01-01
Bulgaria,21,2008,0.380736426946326,18.91424711172914,33.74090783537427,48399253570.61893,9.92049980163574,0.127100567,71.622,0.441718660684702,133265336.60888693,4.3609273810233,6.677289647691891,62760.0,11.82,487.37,108610.0,111000.0,7492561,8.376308180874336,2008-01-01
Bulgaria,21,2009,0.38936293160097,7.49020002576984,34.08990420044215,46815700521.42373,11.5978002548218,0.127100567,71.963,0.448011228127858,133265336.60888693,3.48987989706391,5.772090672196697,55350.0,11.77,713.95,108560.0,111000.0,7444443,7.435076069492371,2009-01-01
Bulgaria,21,2010,0.38184823746527,3.636197821681888,34.42336035372144,47537505667.64908,14.2405996322632,0.102644522,72.302,0.444462978796705,133265336.60888693,3.47623973494928,6.064417500191668,57040.0,11.74,748.22,108560.0,111000.0,7395599,7.712695077166839,2010-01-01
Bulgaria,21,2011,0.363796747606418,3.647493340046969,34.600221075902724,48536366470.18818,13.203200340271,0.102644522,72.638,0.448272050948684,133265336.60888693,3.41272726912472,6.759360768871503,62840.0,10.81,506.1,108560.0,111000.0,7348328,8.551605208695094,2011-01-01
Bulgaria,21,2012,0.352240124116418,3.292968260193896,34.77708179808401,48902782248.92316,15.6031999588013,0.102644522,72.975,0.452744183466003,133265336.60888693,3.33454490472686,6.175840637031391,57150.0,11.82,629.78,108560.0,111000.0,7305888,7.822457721771809,2012-01-01
Bulgaria,21,2013,0.354177126191503,3.5639402727225638,34.953942520265294,48628685105.41828,18.2063999176025,0.102644522,73.313,0.458006340408099,133265336.60888693,3.15817401480675,5.480986880455437,52060.0,11.93,576.39,108560.0,111000.0,7265115,7.165750301268459,2013-01-01
Bulgaria,21,2014,0.356145024121023,1.915839992063724,35.130803242446575,49098860802.53912,17.1172008514404,0.102644522,73.651,0.468414492485686,133265336.60888693,3.24279325697995,5.845841977049084,54660.0,11.96,903.67,108560.0,111000.0,7223938,7.566510122318325,2014-01-01
Bulgaria,21,2015,0.357856247226807,4.374365215619172,35.30766396462786,50781996712.76355,17.8199005126953,0.078188477,73.99,0.469956483741234,133265336.60888693,3.38821382231783,6.22597604260022,57310.0,11.8,720.66,108560.0,111000.0,7177991,7.984128149505899,2015-01-01
Bulgaria,21,2016,0.358252140815315,2.7587070916743683,35.38135593220339,52325680684.65201,17.6730003356934,0.078188477,74.329,0.468906816093288,133265336.60888693,3.44731315892996,5.855926256295402,54270.0,11.91,661.21,108560.0,111000.0,7127822,7.61382649566726,2016-01-01
Bulgaria,21,2017,0.352604704485403,3.3907242169143177,35.50110537951363,53771005440.94309,17.0799999237061,0.078188477,74.669,0.467991060841437,133265336.60888693,3.72794947717613,6.2239019031657525,56450.0,11.71,722.04,108560.0,111000.0,7075947,7.977730754625494,2017-01-01
Bulgaria,21,2018,0.346969238223514,2.7271950920822943,35.62085482682388,55214529018.36317,19.5275001525879,0.078188477,75.008,0.467203090624297,133265336.60888693,3.62106987906888,5.854773433933516,53330.0,12.29,686.68,108560.0,111000.0,7025037,7.591419091458166,2018-01-01
Bulgaria,21,2019,0.346969238223514,3.2231540116140147,35.74060427413412,57443866470.18816,20.24144767243204,0.078188477,75.347,0.468856959370573,133265336.60888693,3.6257598137765976,5.826458572854297,52557.391304347824,12.76,536.92,108560.0,111000.43478260867,6975761,7.534287843913778,2019-01-01
Bulgaria,21,2020,0.3461488396480414,3.866025509214434,35.86035372144436,54923717977.782814,20.96732189508568,0.073093467625,75.686,0.4721170383744709,133265336.60888693,3.64862112907975,5.793526389408533,51728.14744801512,12.47,599.28,108560.0,111000.88846880906,6934015,7.460057044586019,2020-01-01
Cabo Verde,24,1995,0.692654940171288,5.37425869038076,6.836228287841191,477669028.5589927,39.0786458287485,0.022178236,48.768,0.427706452877753,115730003.356934,1.74232286091534,0.3106490494139088,310.0,23.0,499.45,4030.0,4030.0,386288,0.8025100443192644,1995-01-01
Cabo Verde,24,1996,0.69332449090378,5.68310702222906,7.440198511166253,531867863.00499,36.1614118547227,0.022178236,49.704,0.427820371867556,116459999.084473,1.62828363309754,0.353952767531407,300.0,23.19,209.56,4030.0,4030.0,395533,0.7584702161387292,1996-01-01
Cabo Verde,24,1997,0.691726120041865,2.359642568971092,8.044168734491315,591003197.9609287,36.5797596817577,0.022178236,50.637,0.424362450022176,111010002.13623,1.57884989232896,0.371059349706121,310.0,23.44,234.35,4030.0,4030.0,404248,0.7668559893926501,1997-01-01
Cabo Verde,24,1998,0.689356738456751,1.3017068264142035,8.648138957816377,664980756.5550029,35.2536396321589,0.022178236,51.572,0.42091005257851,129770004.272461,1.52233146458893,0.3878665642052493,340.0,23.56,98.98,4030.0,4030.0,412513,0.8242164489361548,1998-01-01
Cabo Verde,24,1999,0.686059666228367,9.104237790127838,9.25210918114144,739609209.6696831,31.1712082646825,0.022178236,52.505,0.423916736342348,136970001.220703,1.76406145899202,0.45189032859562,380.0,22.91,396.18,4030.0,4030.0,420456,0.90378065719124,1999-01-01
Cabo Verde,24,2000,0.696482582944803,6.34282422287077,9.856079404466502,845261415.1412954,38.5195999145508,0.022178236,53.435,0.427188627507742,94650001.5258789,1.50696969849249,0.5138050063291435,400.0,23.1,400.77,4030.0,4030.0,428178,0.9341909205984428,2000-01-01
Cabo Verde,24,2001,0.695284339799724,1.6003190044683364,9.930521091811414,864124729.4886202,37.176399230957,0.022178236,54.291,0.417845308978625,78059997.55859381,1.48575034755688,0.5737879876337213,430.0,23.4,343.93,4030.0,4030.0,435701,0.9869153387300006,2001-01-01
Cabo Verde,24,2002,0.693690857093783,2.376755062997494,10.004962779156328,909498979.2650304,36.7927017211914,0.022178236,55.146,0.4099462337347,92500000.0,1.46715817696915,0.6321183867435745,470.0,23.3,343.93,4030.0,4030.0,442955,1.0610558634624283,2002-01-01
Cabo Verde,24,2003,0.686144260355749,4.817967255882698,10.07940446650124,947482014.9859266,34.089599609375,0.022178236,55.997,0.415432682082419,145330001.831055,1.55505530251348,0.689003722842696,500.0,23.27,341.02,4030.0,4030.0,449925,1.1112963271656386,2003-01-01
Cabo Verde,24,2004,0.682132697988532,7.317637208338275,10.153846153846152,1044097444.0126154,32.1259994506836,0.022178236,56.846,0.416434848095023,143779998.779297,1.76322275181581,0.74460326880835,540.0,23.34,340.17,4030.0,4030.0,456619,1.1826051916367912,2004-01-01
Cabo Verde,24,2005,0.679629314387579,8.283481402311653,10.228287841191069,1116270241.1850038,24.4512996673584,0.022178236,57.689,0.439129030981201,162869995.117188,2.0752807931696,0.9502541929966266,640.0,23.54,350.11,4030.0,4030.0,463034,1.3821879170860023,2005-01-01
Cabo Verde,24,2006,0.676666667532684,11.87300560276344,10.30272952853598,1205390471.5558467,22.5828990936279,0.022178236,58.529,0.386676440114461,139110000.61035198,1.63488425602287,1.0657095174254163,700.0,23.26,343.93,4030.0,4030.0,469171,1.4919933243955827,2006-01-01
Cabo Verde,24,2007,0.673949385466459,12.6666262392082,10.377171215880892,1388256498.7980976,21.8292007446289,0.022178236,59.363,0.390181350162775,166050003.05175802,2.05669967463036,0.9682844735584664,660.0,23.29,343.93,4030.0,4030.0,475067,1.3892777229317128,2007-01-01
Cabo Verde,24,2008,0.671434357853446,11.786716112912428,10.451612903225806,1480582782.1569517,23.8111000061035,0.022178236,60.194,0.396738636782036,221880004.882813,2.21805902637872,0.998240600940842,680.0,23.4,343.93,4030.0,4030.0,480846,1.4141741846661926,2008-01-01
Cabo Verde,24,2009,0.656731136531629,7.360806609952927,10.526054590570718,1461773074.0210829,22.0835990905762,0.022178236,61.016,0.399452204150553,196770004.272461,2.05989769968408,1.047944487709255,730.0,23.1,343.93,4030.0,4030.0,486667,1.4999989726034435,2009-01-01
Cabo Verde,24,2010,0.645229214068748,6.981903001419131,10.600496277915632,1483214216.7124507,21.2208003997803,0.022178236,61.821,0.397410755815868,326980010.986328,1.8129167489144,1.0961262087836248,770.0,23.69,343.93,4030.0,4030.0,492644,1.562994779191465,2010-01-01
Cabo Verde,24,2011,0.647756250787905,5.479689718313224,10.674937965260549,1542081303.2224948,20.7803993225098,0.022178236,62.322,0.413202008968874,251369995.117188,1.76465209375032,1.1426097206018546,760.0,23.21,247.86,4030.0,4030.0,498858,1.5234796274691396,2011-01-01
Cabo Verde,24,2012,0.648178163463339,7.349250423947501,10.74937965260546,1558765362.715573,24.2597007751465,0.022178236,62.821,0.419803610992761,245639999.389648,1.57761237327908,1.0490043365443422,730.0,23.26,273.66,4030.0,4030.0,505241,1.444855029579943,2012-01-01
Cabo Verde,24,2013,0.649071767127792,4.825662774780146,10.823821339950372,1571279093.6460357,25.9407005310059,0.022178236,63.317,0.422398737071276,245160003.66210905,2.20255643247711,0.9965998358541448,720.0,23.34,332.01,4030.0,4030.0,511740,1.4069644741470275,2013-01-01
Cabo Verde,24,2014,0.650513719753799,9.709658571408069,10.898263027295286,1580882950.4878764,26.1145992279053,0.022178236,63.81,0.441656498943842,231389999.389648,1.66761383962902,0.964736935532419,710.0,23.22,329.21,4030.0,4030.0,518276,1.369926448456035,2014-01-01
Cabo Verde,24,2015,0.638207338432007,6.016498970418698,10.972704714640198,1596800287.164049,26.3490009307861,0.022178236,64.3,0.443769499324647,153250000.0,1.76247004239857,0.9528528414071732,720.0,23.31,341.84,4030.0,4030.0,524740,1.3721080916263293,2015-01-01
Cabo Verde,24,2016,0.641241581728398,7.595436351299158,11.047146401985112,1671942379.4974322,24.6245994567871,0.022178236,64.784,0.441153144265785,115239997.86377,1.62438996110691,1.035508528824792,770.0,23.37,422.34,4030.0,4030.0,531140,1.4497119403547087,2016-01-01
Cabo Verde,24,2017,0.637175527810616,6.317390959490858,11.121588089330023,1733838341.5832849,22.8763999938965,0.022178236,65.261,0.44071860514332,123010002.13623,1.80392493578388,1.0976764607934155,800.0,23.54,340.45,4030.0,4030.0,537499,1.4883748620927666,2017-01-01
Cabo Verde,24,2018,0.634266216572111,5.73076133865228,11.196029776674935,1812401360.1856568,22.99880027771,0.022178236,65.732,0.438187646319886,84279998.7792969,1.83415222311775,1.1402005281703091,830.0,22.96,343.93,4030.0,4030.0,543764,1.5263974812602523,2018-01-01
Cabo Verde,24,2019,0.634266216572111,5.21125321691475,11.27047146401985,1915123782.86887,22.29967655809963,0.022178236,66.195,0.438741155142955,152539993.28613302,1.838144804083072,1.1762679837684136,852.6086956521739,23.13,474.03,4030.0,4030.0,549936,1.550378036084515,2019-01-01
Cabo Verde,24,2020,0.6318333530888119,4.350253549834657,11.344913151364764,1632003277.602339,21.696992414768197,0.022178236,66.652,0.439200934404005,154073742.86651632,1.8472692028215736,1.212020819256979,876.6351606805292,23.73,343.93,4030.0,4030.0,555988,1.5767159735111715,2020-01-01
Canada,25,1995,0.315186219872485,2.261072613335276,38.8192466976518,933745184781.2164,21.9235763153267,0.060962819,77.675,0.591209925839181,105819999.6948242,8.25467576834484,15.340086998598848,605760.0,-4.6,528.22,8965590.0,9879750.0,29302311,20.67277219192712,1995-01-01
Canada,25,1996,0.315465066586203,1.402868239485416,38.81399372489708,933745184781.2164,21.5792375247257,0.0617457336,77.951,0.592984052798037,215509994.5068362,8.5955433833375,15.641897671945545,626130.0,-5.38,550.93,8965590.0,9879750.0,29610218,21.1457409736058,1996-01-01
Canada,25,1997,0.314600669375085,2.3179697345197257,38.80874075214236,933745184781.2164,21.3111503833538,0.0625286482,78.34,0.596159411117859,136980003.3569336,8.47386001874554,16.00116471813567,641550.0,-4.47,542.8,8965590.0,9879750.0,29905948,21.452254247215304,1997-01-01
Canada,25,1998,0.243822634855297,3.939938217376168,38.80348777938764,959857765527.965,21.5240367061502,0.0633115628,78.724,0.593434257638254,79139999.38964841,8.38415796601877,16.141840738237516,650070.0,-3.0,530.7,8965590.0,9879750.0,30155173,21.55749529276453,1998-01-01
Canada,25,1999,0.312519765794352,4.047103639647167,38.79823480663292,997968751447.1335,21.7050808564312,0.0640944774,79.103,0.6009945339445,79520000.4577636,8.87422946295234,16.28681102503361,653800.0,-3.5,556.39,8965590.0,9879750.0,30401286,21.505669200967358,1999-01-01
Canada,25,2000,0.278112368075391,9.171024286715111,38.7929818338782,1047046486898.1938,22.0380992889404,0.064877392,79.478,0.606838781947539,126320003.5095215,8.96159569100876,16.783045409054957,671760.0,-4.4,525.54,8965590.0,9879750.0,30685730,21.89160890094516,2000-01-01
Canada,25,2001,0.243814833266068,3.841921292924778,38.78763070807387,1061763014138.3568,21.5272006988525,0.0609163938,79.81,0.607776566500743,237689994.812012,8.32268784864645,16.341884578340114,660900.0,-3.57,520.72,8965590.0,9879750.0,31020902,21.304989777537735,2001-01-01
Canada,25,2002,0.246932468636937,3.219147678071452,38.782279582269545,1098098096475.2368,21.7672996520996,0.0569553956,79.888,0.608520699699442,183360004.4250492,8.39820608791497,16.75601646284118,679480.0,-4.66,514.51,8965590.0,9879750.0,31360079,21.66703725459365,2002-01-01
Canada,25,2003,0.244172148518379,0.7829675554532156,38.77692845646522,1139947604898.3594,21.1805992126465,0.0529943974,79.967,0.607093348416266,120400001.525879,9.09402859149532,17.23421556825825,698410.0,-4.2,526.66,8965590.0,9879750.0,31644028,22.070831184955345,2003-01-01
Canada,25,2004,0.241472289677366,0.1414658960480341,38.7715773306609,1184565482255.9944,21.5790996551514,0.0529943974,80.045,0.619481582046147,119660003.662109,9.34196201133545,16.820256190738732,693310.0,-5.05,527.62,8965590.0,9879750.0,31940655,21.70619231196104,2004-01-01
Canada,25,2005,0.253935869988642,2.178163809175939,38.766226204856565,1243744725655.2766,21.9923000335693,0.0529943974,80.122,0.632139104605221,123459999.084473,9.50808024425796,17.05663729653307,705080.0,-3.58,561.62,8965590.0,9879750.0,32243753,21.86718152815524,2005-01-01
Canada,25,2006,0.240132407237571,4.874101289551048,38.76087507905224,1295556862674.0784,21.9150009155273,0.0529943974,80.213,0.677596353058555,196509994.506836,8.78899945980275,16.61192808094667,691000.0,-2.93,532.18,8965590.0,9879750.0,32571174,21.2150780932858,2006-01-01
Canada,25,2007,0.250250011798795,8.200559048862143,38.75552395324792,1384543596091.5762,21.8414993286133,0.0529943974,80.396,0.678504824763293,162910003.66210902,8.58016789450553,17.37084027270495,722540.0,-4.37,546.62,8965590.0,9879750.0,32889025,21.96903070249118,2007-01-01
Canada,25,2008,0.23644526799816,4.515137141697704,38.7501728274436,1398494571594.299,21.9081993103027,0.0529943974,80.578,0.682499543496275,241059997.558594,8.47503548363595,16.54880281653285,698190.0,-4.66,549.54,8965590.0,9879750.0,33247118,21.000015700609,2008-01-01
Canada,25,2009,0.244875346502977,1.5241311807692717,38.74482170163927,1357541054226.4065,22.5,0.0529943974,80.758,0.684100944885765,168830001.831055,7.93556677772849,15.486681914466711,661010.0,-4.55,529.39,8965590.0,9879750.0,33628895,19.656013080417896,2009-01-01
Canada,25,2010,0.235861171302769,1.8372563874088144,38.73947057583494,1399482212058.6858,21.8761005401611,0.0490333992,80.937,0.66466608370537,131550003.051758,8.30896452484737,15.733914026303689,674200.0,-2.64,543.1,8965590.0,9879750.0,34004889,19.826560821886524,2010-01-01
Canada,25,2011,0.249226792321325,2.137833107608349,38.73486407475693,1443522257095.402,21.8441009521484,0.0490333992,81.096,0.672745294042954,133265336.60888693,8.40865013752491,15.95022476852197,689760.0,-4.02,536.0,8965590.0,9879750.0,34339328,20.08658992977381,2011-01-01
Canada,25,2012,0.231652417480163,2.7001690089567414,38.73025757367892,1468960331816.3938,22.1692008972168,0.0490333992,81.137,0.671648071839525,127782359.4156903,8.24098090778571,15.76126349598156,694210.0,-3.64,524.81,8965590.0,9879750.0,34714222,19.99785563392433,2012-01-01
Canada,25,2013,0.230595382396652,3.6298039835700577,38.72565107260091,1503174217512.0295,22.3980007171631,0.0490333992,81.178,0.674192135487044,127169183.15294077,8.73127335584389,15.858128708318004,705420.0,-4.56,526.41,8965590.0,9879750.0,35082954,20.107200779045,2013-01-01
Canada,25,2014,0.229779958761377,3.553903370110022,38.7210445715229,1546315859831.5889,22.4167995452881,0.0490333992,81.218,0.686883843132553,130371128.73716024,7.74644132868305,15.854138427343852,712310.0,-4.62,539.59,8965590.0,9879750.0,35437435,20.100495422425467,2014-01-01
Canada,25,2015,0.228288675085457,3.853894537061533,38.716438070444894,1556508816217.14,22.6422004699707,0.045072401,81.259,0.679602330960162,133761203.95578668,7.77700068983313,15.651386155996033,707930.0,-4.11,515.88,8965590.0,9879750.0,35702908,19.82835683860821,2015-01-01
Canada,25,2016,0.227354704972464,2.238350121409034,38.71201337558376,1572095608554.6626,22.3330001831055,0.045072401,81.3,0.669312527570176,134257283.98553768,8.19336642670819,15.24474717682918,695200.0,-3.35,534.69,8965590.0,9879750.0,36109487,19.252558198902133,2016-01-01
Canada,25,2017,0.231537852642371,1.5375207195393437,38.7078876013737,1619885432081.6416,22.7698993682861,0.045072401,81.35,0.666556511364906,127361769.93043938,8.03935133606104,15.385315886316892,709370.0,-3.97,534.35,8965590.0,9879750.0,36545236,19.41073796869173,2017-01-01
Canada,25,2018,0.248854017410346,2.4693120725486337,38.7037629425392,1664870307455.5747,22.1828994750977,0.045072401,81.411,0.658769965012313,123628554.2974654,8.06504970635452,15.497064568908032,724930.0,-4.86,516.58,8965590.0,9879750.0,37065084,19.5582991259375,2018-01-01
Canada,25,2019,0.248854017410346,2.7868584402793157,38.69963716832913,1696163077026.0835,22.194174395087742,0.045072401,81.482,0.655440675810248,123843791.14890447,8.056805094963636,15.503889680660604,730111.304347826,-4.58,524.08,8965590.0,9879750.0,37601230,19.417218648108747,2019-01-01
Canada,25,2020,0.2460901756410902,1.6140852617554342,38.69551250949464,1607402450990.0857,22.220910780755656,0.04441030025,81.562,0.6581169570590425,124122710.31469086,8.033381691121294,15.497889333213433,734632.2306238185,-4.35,519.12,8965590.0,9879750.0,38037204,19.31351817088918,2020-01-01
Chile,26,1995,0.459368018053596,4.026028906213383,20.88888575071416,106131657641.8601,34.1675251282244,0.074555892,84.545,0.4410223282476,160740005.493164,3.8742193943245,2.6597845581461588,57480.0,8.86,514.59,743532.0,756096.0,14380864,3.996978206594541,1995-01-01
Chile,26,1996,0.458649816629762,6.169454627875641,20.965682714395616,113351705792.91936,32.2306622953979,0.0769106596,84.861,0.442505850357878,196600006.103516,3.83794147403486,3.0204217114713026,63880.0,8.84,451.53,743532.0,756096.0,14587367,4.379131614361934,1996-01-01
Chile,26,1997,0.455086102557991,6.2051247814162975,21.04247967807707,121771345594.63837,29.9535581039468,0.0792654272,85.172,0.436474809995135,130729995.727539,3.59763198185704,3.41939833603258,71060.0,9.2,688.69,743532.0,756096.0,14786227,4.805823689843257,1997-01-01
Chile,26,1998,0.454276964250026,5.672914637916296,21.119276641758525,127037444239.31204,29.7452065833357,0.0816201948,85.477,0.432798494855154,107559997.558594,3.49418312345944,3.4324279717575474,72330.0,9.32,381.94,743532.0,756096.0,14977736,4.829167772752838,1998-01-01
Chile,26,1999,0.453406687243781,11.654348801275251,21.19607360543998,126513927800.7972,29.0542007097036,0.0839749624,85.778,0.443117735195605,71180000.3051758,3.48404370708992,3.546178572151676,75120.0,8.8,490.86,743532.0,756096.0,15162801,4.954229762693582,1999-01-01
Chile,26,2000,0.45360268235857,6.241918165116036,21.27287056912144,133253246826.454,31.3633003234863,0.08632973,86.073,0.454550670576909,50540000.9155273,3.55186716229631,3.2472209276936064,71480.0,8.42,593.43,743532.0,756096.0,15342350,4.658999436201103,2000-01-01
Chile,26,2001,0.45134100347265,5.916832273864485,21.395017295825863,137654664614.5973,32.1473999023438,0.087331066,86.363,0.463040442120677,55860000.6103516,3.27007361823452,3.085180101819322,69330.0,8.74,583.87,743532.0,756096.0,15516112,4.468258543119565,2001-01-01
Chile,26,2002,0.448499048478217,3.656495170822339,21.517164022530302,141931554480.4515,33.0705986022949,0.088332402,86.606,0.474677454641415,-7070000.17166138,3.3799225010053,3.104355897794836,70050.0,8.61,728.69,743532.0,756096.0,15684413,4.466217511614875,2002-01-01
Chile,26,2003,0.446945120358661,5.322995327417836,21.63931074923473,147738042053.83023,31.6151008605957,0.089333738,86.665,0.4656124111379,80330001.8310547,3.43158475802948,3.1489656332452536,70920.0,9.05,527.89,743532.0,756096.0,15849649,4.474547038865024,2003-01-01
Chile,26,2004,0.447376794520083,6.851351402391857,21.761457475939167,158389274861.6494,31.4356002807617,0.089333738,86.725,0.469716343369213,54110000.6103516,3.67141481960899,3.417427142551358,76250.0,9.19,538.34,743532.0,756096.0,16014972,4.761169735420081,2004-01-01
Chile,26,2005,0.443872275610458,6.068571208004981,21.8836042026436,167485302430.46457,32.2631988525391,0.089333738,86.783,0.482351945980032,170750000.0,3.72778407581148,3.443180386378971,76810.0,8.75,624.6,743532.0,756096.0,16182713,4.746422926736697,2005-01-01
Chile,26,2006,0.438774828663653,4.90101892525671,22.00575092934803,178065644333.88715,32.9082984924316,0.089333738,86.842,0.497919977181105,98889999.3896484,3.70430699285348,3.4883350503931423,78180.0,9.17,641.85,743532.0,756096.0,16354507,4.780333641362592,2006-01-01
Chile,26,2007,0.434164912809095,7.761691958993231,22.127897656052465,186800342017.8452,30.4647998809814,0.089333738,86.9,0.510366599561899,106260002.13623,3.75433431253273,3.916467803386057,86380.0,8.37,407.79,743532.0,756096.0,16530201,5.225586791110405,2007-01-01
Chile,26,2008,0.434467289658379,10.283487668180364,22.250044382756897,193393517162.91696,30.8292999267578,0.089333738,86.959,0.515286951684989,102940002.441406,3.79019322900972,4.084807180642144,90920.0,9.12,565.95,743532.0,756096.0,16708255,5.441621521816611,2008-01-01
Chile,26,2009,0.433286142451826,8.037105618323013,22.37219110946133,190368379487.21365,31.5270004272461,0.089333738,87.017,0.512673282367798,75959999.0844727,3.2729419585027,3.8712121104448474,88350.0,9.02,558.62,743532.0,756096.0,16886184,5.232087960192782,2009-01-01
Chile,26,2010,0.427547646470701,7.330402954648085,22.49433783616576,201493845099.57376,27.0442008972168,0.090335074,87.074,0.524877677420715,181910003.66210905,3.96089765814281,4.086146422239467,93170.0,8.7,472.69,743532.0,756096.0,17062531,5.460502899599128,2010-01-01
Chile,26,2011,0.402836281717889,10.13468503098478,22.72857657773976,213806970419.3128,28.7917995452881,0.090335074,87.132,0.53096195550585,161199996.94824198,4.15427459558222,4.4372662122980335,99620.0,8.95,499.97,743532.0,756096.0,17233584,5.780573559162157,2011-01-01
Chile,26,2012,0.395097462672099,11.743021847089729,22.96281531931376,225178567814.91724,30.3050003051758,0.090335074,87.189,0.546495693403111,128080001.831055,4.12391533446206,4.510826472028537,101900.0,9.16,511.84,743532.0,756096.0,17400359,5.85620101286416,2012-01-01
Chile,26,2013,0.393618965373476,7.978337278649383,23.19705406088776,234287050561.5369,30.229700088501,0.090335074,87.246,0.552573554312652,80559997.55859381,4.16381664284546,4.720140459178497,104980.0,9.18,467.71,743532.0,756096.0,17571511,5.974443518260894,2013-01-01
Chile,26,2014,0.325127069364931,9.041948960621909,23.431292802461765,238426293091.72275,26.9461002349854,0.090335074,87.303,0.570831211626117,245580001.831055,3.84522915272629,4.301488447893568,98660.0,9.07,510.02,743532.0,756096.0,17758969,5.555502687121082,2014-01-01
Chile,26,2015,0.324063702350241,8.559863146848674,23.66553154403576,243919079437.4217,25.0650997161865,0.09133641,87.36,0.565606306753907,54330001.8310547,4.0414693712947,4.561654852850597,104020.0,9.35,525.06,743532.0,756096.0,17969356,5.7887439037882045,2015-01-01
Chile,26,2016,0.327107327467838,4.922782666155952,23.830864038131512,248092752678.6989,24.5543994903564,0.09133641,87.422,0.550635274394304,178440002.44140598,4.03675813997725,4.731707359935751,108150.0,9.33,408.24,743532.0,756700.0,18209072,5.939347156186762,2016-01-01
Chile,26,2017,0.321127946835257,2.2119328498614963,23.99619653222726,251031522247.9624,24.107400894165,0.09133641,87.49,0.546066180048464,70309997.55859381,4.23998709312009,4.71239578277393,109350.0,9.37,553.89,743532.0,756700.0,18470435,5.920272045569041,2017-01-01
Chile,26,2018,0.315317818001672,2.607656422277314,24.161529026323013,260354479474.3811,25.4606990814209,0.09133641,87.564,0.550781131576245,66199542.65247698,4.2932063437119,4.6248722447118045,109590.0,9.07,459.47,743532.0,756700.0,18729166,5.851301654328869,2018-01-01
Chile,26,2019,0.315317818001672,4.505104335947163,24.32686152041876,262807032486.856,25.08214142721205,0.09133641,87.643,0.545581479618678,60272248.85924794,4.311423167598309,4.710310839779876,111855.65217391304,9.17,407.64,743532.0,756726.2608695652,18952035,5.902039130568989,2019-01-01
Chile,26,2020,0.3093157263328419,3.371548090530132,24.49215366655369,247639120221.1829,24.771336172073536,0.09203559825,87.727,0.5499381109258062,57069624.00159834,4.3320093281880245,4.783784280141118,113941.55009451797,9.46,458.96,743532.0,756753.663516068,19116209,5.960467898970865,2020-01-01
China,27,1995,0.479173589915069,4.880444159825624,17.726847057525315,1831411871441.188,29.4721113943924,0.264357244,30.961,0.379119664944428,3463699951.17188,1.76164899631975,2.5603661851426107,4266840.0,7.08,599.39,9424720.0,9600000.0,1204855000,3.54137219831432,1995-01-01
China,27,1996,0.473274796341994,4.651826650751458,17.937588106159232,2013134753753.5125,30.5371754582264,0.2592201784,31.916,0.380048730527904,2655899902.34375,1.78564313667606,2.517251858239908,4302870.0,6.75,611.55,9424710.0,9600000.0,1217550000,3.5340396698287546,1996-01-01
China,27,1997,0.467045288035096,4.72533415242342,18.14831034588863,2199083579879.566,30.1834816771978,0.2540831128,32.883,0.377468066869763,2060830078.125,1.78136175896413,2.543462796983924,4311650.0,7.12,598.54,9424710.0,9600000.0,1230075000,3.5051927727984067,1997-01-01
China,27,1998,0.463365385090619,4.435577101510741,18.35903258561802,2371622617326.3745,29.7399014806871,0.2489460472,33.867,0.375010296526408,2456879882.8125,1.8007409962267,2.602487247722304,4451040.0,7.82,668.53,9424710.0,9600000.0,1241935000,3.5839556820606555,1998-01-01
China,27,1999,0.462243960543105,3.74900388024567,18.569754825347413,2553328077173.825,30.506048980242,0.2438089816,34.865,0.375535817413754,2407000000.0,1.78018324590784,2.513859675031032,4401290.0,7.63,603.02,9424710.0,9600000.0,1252735000,3.513344801574156,1999-01-01
China,27,2000,0.461499797088779,3.4750822457556043,18.78049699194669,2770108015881.172,29.6030006408691,0.238671916,35.877,0.37901216615306,1749020019.53125,1.81153115729014,2.648479976557148,4597430.0,7.08,609.78,9424700.0,9600000.0,1262645000,3.641110525919796,2000-01-01
China,27,2001,0.461061360647953,3.513002120086423,19.031006736957004,3001016837141.709,28.3349990844727,0.2243018282,37.093,0.375833223165137,1497660034.17969,1.86088390631439,2.772929197625506,4791440.0,7.44,582.46,9424700.2,9600000.2,1271850000,3.7672996029405983,2001-01-01
China,27,2002,0.460476729642403,3.6090998846163775,19.281516880505123,3275118634989.963,26.9783992767334,0.2099317404,38.425,0.374814858630445,1511520019.53125,1.94213134639654,2.974328334895345,5100860.0,7.65,638.23,9424700.2,9600000.2,1280400000,3.9838019368947206,2002-01-01
China,27,2003,0.517487064059052,3.4874033098369144,19.532028060268065,3603876041862.7046,23.8414993286133,0.1955616526,39.776,0.38381104250056,1361550048.82813,2.08789419484497,3.4254113629307668,5717660.0,7.35,603.64,9424699.7,9599999.7,1288400000,4.437798820242161,2003-01-01
China,27,2004,0.510246879953209,3.483641113737494,19.782536537898476,3968358419670.8135,20.1608009338379,0.1955616526,41.144,0.387161812709733,1709949951.17188,2.30606916073803,3.9518006288216343,6467060.0,7.61,573.5,9424700.5,9600000.5,1296075000,4.9897266747680495,2004-01-01
China,27,2005,0.504172944408534,4.554254033922313,20.033048161385462,4420536663139.3,17.4407997131348,0.1955616526,42.522,0.416667142983693,1798339965.82031,2.46056203243619,4.4634737520326455,7194480.0,7.3,596.21,9424699.8,9599999.8,1303720000,5.518424201515663,2005-01-01
China,27,2006,0.496788710302515,4.508579015715752,20.28355788513162,4982871172219.99,16.3850994110107,0.1955616526,43.868,0.497991878045415,1268520019.53125,2.59559346512167,4.906034995652241,7879330.0,7.82,575.13,9424700.0,9600000.0,1311020000,6.010076123934036,2006-01-01
China,27,2007,0.487497384939155,4.40096483008318,20.53406803399578,5691976639213.165,14.8837003707886,0.1955616526,45.199,0.512937601938436,1453219970.70313,2.71630483485451,5.302594687700369,8497040.0,8.02,579.83,9424700.0,9600000.0,1317885000,6.447482139943926,2007-01-01
China,27,2008,0.476466359036999,3.733634889698617,20.78457818285993,6241291028839.821,14.1378002166748,0.1955616526,46.539,0.532409703989258,1305540039.0625,2.80830170752962,5.4316104948080834,8786120.0,7.47,619.24,9424700.0,9600000.0,1324655000,6.632760983048416,2008-01-01
China,27,2009,0.464009916446296,2.5688882906732515,21.03508721576882,6827892848558.81,13.4319000244141,0.1955616526,47.88,0.545673339970046,1141390014.64844,3.05270843631387,5.795344260324805,9377660.0,7.64,554.26,9424700.5,9600000.5,1331260000,7.044198729023631,2009-01-01
China,27,2010,0.45081107851457,4.003562900263897,21.285596899644784,7554098728366.116,12.2613000869751,0.1811915648,49.226,0.584608805169391,671890014.648438,3.21949590128493,6.332165911019246,10203820.0,7.4,639.78,9424700.7,9600000.7,1337705000,7.627855169861815,2010-01-01
China,27,2011,0.442142962572228,3.708828902121095,21.491096232030028,8275578020537.936,11.3381996154785,0.1811915648,50.511,0.588015582207928,-603609985.351563,3.39310346147677,6.898147631846012,11074550.0,7.22,540.06,9424700.9,9600000.9,1345035000,8.233651912403767,2011-01-01
China,27,2012,0.43499307237763,2.827090555799848,21.69659601611336,8926347665676.434,11.5367002487183,0.1811915648,51.765,0.5935008958656,-180529998.779297,3.45113939793543,7.039787622120972,11399830.0,6.94,640.01,9424700.9,9600000.9,1354190000,8.418190948094432,2012-01-01
China,27,2013,0.428871533656426,3.0398754692668564,21.90209487063532,9619581223621.035,11.5220003128052,0.1811915648,53.013,0.601194062973568,-656549987.792969,3.55584890478746,7.289017341040463,11854530.0,7.56,615.57,9424701.3,9600001.3,1363240000,8.695849593615211,2013-01-01
China,27,2014,0.422403452908992,2.5592334466060573,22.10759464599689,10333908590028.102,12.0614004135132,0.1811915648,54.259,0.436652247040653,-947070007.324219,3.52530721972215,7.212791392707711,11865310.0,7.55,612.21,9424701.3,9600006.3,1371860000,8.649067689122797,2014-01-01
China,27,2015,0.416255025423863,2.1921816030395536,22.31309418460727,11061553079871.54,12.2453002929688,0.166821477,55.5,0.450824863616718,-306290008.544922,3.51004007754871,7.124222747235227,11859290.0,7.8,632.39,9424701.4,9600007.4,1379860000,8.594560317713391,2015-01-01
China,27,2016,0.410714075608162,1.5556421495761752,22.542877304164733,11819132546495.385,12.5896997451782,0.166821477,56.736,0.452533354296251,-791429992.675781,3.44864776802886,7.071898486082189,11857180.0,7.79,674.29,9424700.5,9600010.5,1387790000,8.54392955706555,2016-01-01
China,27,2017,0.404321599357335,1.3491326788394566,22.742310291696477,12640231416523.486,12.8635997772217,0.166821477,57.96,0.463377520760731,-989940002.441406,3.6222954981979,7.174947984372034,12058050.0,7.94,634.22,9424700.8,9600010.8,1396215000,8.63624155305594,2017-01-01
China,27,2018,0.404349093529829,1.6939052938254544,22.94173538351007,13493418449040.549,13.12380027771,0.166821477,59.152,0.467454584995522,-705450012.207031,3.79673334803674,7.352262682140922,12355240.0,7.58,641.09,9424702.9,9600012.9,1402760000,8.807807465282728,2018-01-01
China,27,2019,0.404349093529829,1.3107187814487538,23.14116554273557,14296238286985.148,12.41300414220207,0.166821477,60.308,0.531585297156329,-589979980.46875,3.885215276372261,7.560606008097371,12706909.56521739,7.85,614.16,9424702.9,9600013.460869566,1407745000,9.026428483295902,2019-01-01
China,27,2020,0.401231406180444,1.4431813572692442,23.340595701961064,14631844421164.191,11.624996693679272,0.1627574867083333,61.428,0.5379380318318249,-758883310.9537762,3.976501021576444,7.779882275482477,13072302.58979206,7.76,643.78,9424702.9,9600014.046124764,1410929362,9.265029803662175,2020-01-01
Colombia,28,1995,0.583592785004821,1.0468022409757367,57.54557908968003,150006355333.88797,33.6999018210568,0.127112432,71.777,0.287002394540581,181750000.0,2.20803476059481,1.621572437639612,138850.0,24.77,2685.45,1109500.0,1141750.0,36421438,3.812315153509315,1995-01-01
Colombia,28,1996,0.57073904449172,3.202627717224476,57.34525101397027,153090268058.58,33.7753983146372,0.138543118,72.223,0.287446819088324,195059997.558594,2.1618507240699,1.587263613361248,139460.0,24.43,2805.54,1109500.0,1141750.0,37076387,3.7614236791734856,1996-01-01
Colombia,28,1997,0.568582705082814,5.214927812597766,57.14492293826048,158341713845.84958,25.8003477214614,0.149973804,72.662,0.289734882918318,190779998.779297,2.15706045465433,1.6856731014102688,144130.0,24.84,2365.69,1109500.0,1141750.0,37723803,3.820664634474949,1997-01-01
Colombia,28,1998,0.564784702088675,2.8735461120261387,56.9445948625507,159243919738.96478,25.9386837606884,0.16140449,73.098,0.29260553251093,179309997.55859402,2.10423721314425,1.6705632138748134,145830.0,25.13,2806.83,1109500.0,1141750.0,38364307,3.801189475415261,1998-01-01
Colombia,28,1999,0.562783770450982,1.7495931521454142,56.744266786840925,152549281078.47446,29.1354698846611,0.172835176,73.53,0.291857432996803,318380004.88281304,1.92115573258636,1.4325836444743296,135760.0,24.27,2945.43,1109500.0,1141750.0,38999468,3.481073126433417,1999-01-01
Colombia,28,2000,0.565406561978189,2.439226559301733,56.54393871113113,157011136243.55478,28.0340003967285,0.184265862,73.957,0.293305169108888,202369995.117188,1.98156004990825,1.4690903713894272,139710.0,24.23,2730.15,1109500.0,1141750.0,39629965,3.525362689570884,2000-01-01
Colombia,28,2001,0.569440385199476,2.588226584574272,56.37019287967553,159645623441.48523,27.2402992248535,0.1698542836,74.379,0.297039415923473,399920013.427734,1.96043863587854,1.4546915740865776,142190.0,24.64,2451.02,1109500.0,1141750.0,40255956,3.5321481372843317,2001-01-01
Colombia,28,2002,0.558246595891054,2.178065230014147,56.19644704821991,163643118666.49667,28.7980003356934,0.1554427052,74.797,0.300686979482184,458260009.765625,1.95440742050479,1.3805381985231544,141230.0,24.8,2689.96,1109500.0,1141750.0,40875363,3.455137511561671,2002-01-01
Colombia,28,2003,0.567748204244935,1.817908275697308,56.022701216764304,170055101007.37808,30.6993999481201,0.1410311268,75.211,0.298558900378434,816000000.0,1.95028358117958,1.3504043209852734,143240.0,24.89,2673.87,1109500.0,1141750.0,41483872,3.4529081566927986,2003-01-01
Colombia,28,2004,0.565862919508437,2.661082475691919,55.8489553853087,179124177070.92996,29.1770000457764,0.1410311268,75.62,0.303979726260007,536030029.296875,1.88464911817225,1.3361551192910592,145070.0,24.67,2729.44,1109500.0,1141750.0,42075953,3.4478125783627527,2004-01-01
Colombia,28,2005,0.551273656278471,7.028893103948847,55.67520955385308,187773655668.26804,29.0806999206543,0.1410311268,76.024,0.315471920122744,643070007.324219,1.92400925411242,1.3578682532958202,147790.0,24.77,2756.09,1109500.0,1141750.0,42647731,3.4653660707060827,2005-01-01
Colombia,28,2006,0.549670572995514,4.176886876661203,55.50146372239747,200386165569.774,29.6888999938965,0.1410311268,76.423,0.29624068127683,1004739990.23438,1.94584836107001,1.3360832451156517,149020.0,24.62,2810.73,1109500.0,1141750.0,43200901,3.449465093332197,2006-01-01
Colombia,28,2007,0.547839218895172,4.309673909860523,55.32771789094186,213888575539.51407,30.4218997955322,0.1410311268,76.816,0.302154897554963,741770019.53125,1.93981650873575,1.3533005718295086,154390.0,24.55,2815.7,1109500.0,1141750.0,43737512,3.5299218666118914,2007-01-01
Colombia,28,2008,0.541819297283872,4.36198389576359,55.15397205948626,220911491815.70972,29.9662990570068,0.1410311268,77.204,0.314071813109129,979289978.027344,1.9082677678743,1.3557798658193705,155750.0,24.31,3067.75,1109500.0,1141750.0,44254972,3.519378568356116,2008-01-01
Colombia,28,2009,0.536919082879774,3.45732401234812,54.980226228030645,223429106639.8985,30.9104995727539,0.1410311268,77.587,0.32894804552692,1059280029.29688,1.91541265764281,1.4069256765589602,159900.0,24.78,2502.07,1109500.0,1141750.0,44750054,3.573180045771565,2009-01-01
Colombia,28,2010,0.532573337250808,2.2438302406988933,54.80648039657504,233471483024.66412,29.7450008392334,0.1266195484,77.964,0.342779157256126,673090026.855469,2.02623081304127,1.4302551910933046,164350.0,24.98,3026.06,1109500.0,1141750.0,45222699,3.634236868524809,2010-01-01
Colombia,28,2011,0.522736088013117,4.372986003289035,54.68514105452908,249692829473.37387,28.906400680542,0.1266195484,78.335,0.356915763096602,1013590026.85547,1.98948691351944,1.5310073220080256,166910.0,24.63,3160.38,1109500.0,1141750.0,45662747,3.655277243832921,2011-01-01
Colombia,28,2012,0.520565541731829,4.054762643266979,54.5638017124831,259462400427.38577,28.903600692749,0.1266195484,78.701,0.356952092016887,764250000.0,1.90035167074029,1.5255322862988947,165340.0,24.79,2422.87,1109500.0,1141748.0,46075721,3.58844086237956,2012-01-01
Colombia,28,2013,0.522597258662399,4.242275552891127,54.44246237043713,272783183252.0519,32.2916984558105,0.1266195484,79.061,0.359516196091093,857489990.234375,1.93110594423429,1.6730654232027482,172010.0,24.98,2457.9,1109500.0,1141749.0,46495492,3.6994984373968975,2013-01-01
Colombia,28,2014,0.524687087967593,4.242505257844488,54.32112302839116,285055780504.5438,32.3832015991211,0.1266195484,79.415,0.38275134811688,1224170043.94531,1.97266716491731,1.6994655859922134,175230.0,25.1,2399.83,1109500.0,1141749.0,46967706,3.73086137100245,2014-01-01
Colombia,28,2015,0.523760138881816,3.9595418506828057,54.19978368634519,293481748240.7792,31.5995006561279,0.11220797,79.764,0.383080364925212,1355920043.94531,1.97503898246079,1.7051528338185993,176980.0,25.43,2180.39,1109500.0,1141749.0,47520667,3.724274324684879,2015-01-01
Colombia,28,2016,0.525136794973269,4.899827538702094,54.04190175754845,299607834899.029,30.7357997894287,0.11220797,80.108,0.382375305798255,1106500000.0,1.9962739535377,1.738659398948601,180940.0,25.48,2469.63,1109500.0,1141749.0,48175048,3.75588624218911,2016-01-01
Colombia,28,2017,0.527718111312384,4.392944901256246,53.84386660657954,303680586563.77124,32.5289993286133,0.11220797,80.446,0.381330071914494,850419982.910156,1.80723451973984,1.55510616635784,177470.0,24.9,2731.28,1109500.0,1141749.0,48909844,3.628512902228844,2017-01-01
Colombia,28,2018,0.523644336792776,3.380835766516942,53.66424515547544,311467941587.1058,30.7182006835938,0.11220797,80.778,0.377885445455172,1781020019.53125,1.85662795631671,1.6006506184644966,184100.0,24.82,2593.66,1109500.0,1141750.0,49661056,3.707130190707181,2018-01-01
Colombia,28,2019,0.523644336792776,4.325250852499862,53.484632717440284,321687568559.23285,30.588561503704103,0.11220797,81.104,0.376896620984179,902539978.027344,1.8413493996089667,1.599740974152535,186067.39130434784,25.22,2532.39,1109500.0,1141750.0,50339443,3.696254471952497,2019-01-01
Colombia,28,2020,0.5211464847839408,2.747823104115985,53.30501126633619,299826459539.86224,30.45000338148962,0.11158695075,81.425,0.3806422137526622,932572893.7784832,1.827414559415013,1.6002834680999822,188093.7996219282,25.13,2544.11,1109500.0,1141750.0,50882884,3.6966025672194247,2020-01-01
Costa Rica,30,1995,0.491298441567038,2.90967964186728,56.449471210340775,24537079084.49732,34.9735667623955,0.164864862,54.561,0.392107303635401,46090000.1525879,2.52562957953225,1.3566400904351514,10240.0,24.87,3378.06,51060.0,51100.0,3545524,2.888148550115582,1995-01-01
Costa Rica,30,1996,0.474895630378039,3.655886971147545,56.3511946729338,24868442409.72885,36.6542171344287,0.1626446036,55.467,0.390856760994818,-209999.993443489,3.15356561009956,1.2471227391770807,10200.0,24.36,3514.4,51060.0,51100.0,3632361,2.8080909358954136,1996-01-01
Costa Rica,30,1997,0.459492215555211,3.245762233240654,56.25291813552683,26230279541.468903,33.5639135254827,0.1604243452,56.367,0.399878417810753,3750000.0,2.57381914182973,1.2073293766631028,10290.0,24.92,3040.32,51060.0,51100.0,3718952,2.766908526918336,1997-01-01
Costa Rica,30,1998,0.453178610903309,4.490562018087216,56.15464159811986,28107136983.194336,28.8905112182284,0.1582040868,57.264,0.406330479840691,29780000.6866455,2.51199994167546,1.3197006330093932,11010.0,25.1,3239.84,51060.0,51100.0,3803893,2.894403181162036,1998-01-01
Costa Rica,30,1999,0.444906070907827,4.34566834782021,56.056365060712885,29291799732.2661,29.8904981839825,0.1559838284,58.157,0.402201458217177,3450000.04768372,2.59109321991013,1.2971543932869172,10840.0,24.18,3050.51,51060.0,51100.0,3885428,2.789911433180592,1999-01-01
Costa Rica,30,2000,0.440615713507179,4.81846450003137,55.95808852330592,30425016886.920547,32.9464988708496,0.15376357,59.052,0.399714664612437,25459999.084472697,2.36653428373749,1.2492526566808897,10700.0,24.42,2746.58,51060.0,51100.0,3962369,2.7004047326233374,2000-01-01
Costa Rica,30,2001,0.447918091344806,3.892336175361677,55.98546807677243,31487205910.134247,32.1076011657715,0.147021152,60.41,0.395037010371373,14270000.4577637,2.38224492661428,1.3435549273513574,11020.0,24.85,2804.35,51060.0,51100.0,4034074,2.731729760039107,2001-01-01
Costa Rica,30,2002,0.446963653696017,4.362026940349628,56.01284763023894,32563084814.86533,32.538200378418,0.140278734,61.753,0.39720785077626,13239999.7711182,2.35454772683276,1.3460387688427138,11060.0,25.0,3206.2,51060.0,51100.0,4100922,2.696954489746452,2002-01-01
Costa Rica,30,2003,0.439998186434856,4.483539703138383,56.04022718370545,33968891756.298573,33.304500579834,0.133536316,63.08,0.397207588765169,40009998.3215332,2.39507758390651,1.3928737218282286,11430.0,25.06,3401.03,51060.0,51100.0,4164053,2.744921834568388,2003-01-01
Costa Rica,30,2004,0.440710100956558,5.823126533287391,56.06760673717195,35471879204.01396,39.1584014892578,0.133536316,64.388,0.390524384159921,25760000.2288818,2.34958471160401,1.4058652508925116,11430.0,24.88,3268.05,51060.0,51100.0,4225156,2.70522555853559,2004-01-01
Costa Rica,30,2005,0.440107682841065,7.628435395108997,56.09498629063846,36882477494.4683,41.7294006347656,0.133536316,65.672,0.399328426783872,32610000.6103516,2.25215854205999,1.463071788055734,11960.0,24.76,3157.55,51060.0,51100.0,4285504,2.790803602096743,2005-01-01
Costa Rica,30,2006,0.422333392961556,7.9285043309670735,56.12236584410498,39584744288.31888,42.3958015441895,0.133536316,66.935,0.377100841256452,31860000.6103516,2.5696124454822,1.5096350848398807,12280.0,24.93,3019.97,51060.0,51100.0,4345421,2.825963238084411,2006-01-01
Costa Rica,30,2007,0.420766181362601,8.337426091509085,56.14974539757148,42836683276.92231,41.1853981018066,0.133536316,68.174,0.377968241893402,64410003.662109405,2.75038891335756,1.7254586427996383,13660.0,24.73,3208.98,51060.0,51100.0,4404626,3.101284876400402,2007-01-01
Costa Rica,30,2008,0.41832402033644,7.909007193187915,56.177124951038,44866360242.48737,40.6983985900879,0.133536316,69.39,0.388159017061405,77129997.253418,2.65915070940181,1.68491883374041,13860.0,24.69,3716.95,51060.0,51100.0,4463123,3.105448807931128,2008-01-01
Costa Rica,30,2009,0.42761291551827,5.251511066355345,56.204504504504506,44474472352.608376,40.7164001464844,0.133536316,70.575,0.396974047609292,112610000.610352,2.13610870244848,1.5926599611258248,13450.0,25.1,2837.53,51060.0,51100.0,4520739,2.975177288491992,2009-01-01
Costa Rica,30,2010,0.410666326752969,5.063711991031825,56.231884057971016,46858456852.14513,40.3856010437012,0.126793898,71.736,0.40940598590186,101129997.253418,2.39948372261239,1.553293364247731,13560.0,24.92,3662.29,51060.0,51100.0,4577371,2.962399158818457,2010-01-01
Costa Rica,30,2011,0.393372898579304,6.391724890843308,56.5524089306698,48921709324.66007,38.0176010131836,0.126793898,72.868,0.404192919938472,35549999.237060495,2.43554385951402,1.6036827289629418,14270.0,24.74,3100.39,51060.0,51100.0,4633086,3.0800205305923525,2011-01-01
Costa Rica,30,2012,0.390626173124037,5.70866167990468,56.87293380336859,51310356970.767525,38.0648002624512,0.126793898,73.946,0.417386623260649,28459999.084472697,2.50001511666855,1.589162805569877,14230.0,24.76,2258.5,51060.0,51100.0,4688003,3.035407613860315,2012-01-01
Costa Rica,30,2013,0.402492536873608,6.291276936687826,57.193458676067365,52590430366.27167,37.7997016906738,0.126793898,74.97,0.431526491959839,32819999.6948242,2.49932101510857,1.640619546864255,14720.0,24.9,2486.36,51060.0,51100.0,4742111,3.1041027930387965,2013-01-01
Costa Rica,30,2014,0.391232170851869,6.232936610515591,57.51398354876616,54453241194.90787,37.6165008544922,0.126793898,75.941,0.455366372910077,54549999.237060495,2.48607646016214,1.632818185799278,14770.0,25.05,2948.97,51060.0,51100.0,4795390,3.080041456482163,2014-01-01
Costa Rica,30,2015,0.400733278141342,5.236394870580308,57.83450842146494,56441917653.0156,38.326301574707,0.12005148,76.862,0.462038089145919,111300003.051758,2.5235662027995,1.5553430882636574,14630.0,25.06,2811.38,51060.0,51100.0,4847805,3.0178606606495104,2015-01-01
Costa Rica,30,2016,0.400364388736003,4.452962387454494,58.1551116333725,58814918320.653725,36.8058013916016,0.12005148,77.735,0.456275312157548,100720001.220703,2.66812402390783,1.6492030756820923,15540.0,25.16,2691.01,51060.0,51100.0,4899336,3.1718583906064004,2016-01-01
Costa Rica,30,2017,0.384777829329948,4.833275305949578,58.47571484528007,61260265569.68875,36.2042007446289,0.12005148,78.56,0.453847491479292,99260002.1362305,2.52434289001733,1.6525402756186671,15710.0,24.93,2848.56,51060.0,51100.0,4949955,3.1737662261576114,2017-01-01
Costa Rica,30,2018,0.381055495621895,4.829438712973152,58.79612220916569,62862775554.896095,35.7047996520996,0.12005148,79.34,0.456153126503876,99360000.6103516,2.44624710569229,1.652184053303538,15810.0,24.54,3455.53,51060.0,51100.0,4999443,3.1623522860446656,2018-01-01
Costa Rica,30,2019,0.381055495621895,4.243654591855597,59.11672542107325,64281157838.92244,35.736592386434566,0.12005148,80.076,0.45860651141845,59759998.3215332,2.4427956937862048,1.6650337908195547,16052.173913043478,24.9,3364.5,51060.0,51100.0,5047561,3.1801842341367403,2019-01-01
Costa Rica,30,2020,0.3764620395408474,3.400338278706868,59.437328632980815,61668979511.365776,35.69669565826091,0.11818425575,80.771,0.4613773117427437,60329581.57857259,2.4118926539464938,1.6832038365431403,16306.616257088846,25.09,3341.05,51060.0,51100.0,5094114,3.2010701482316346,2020-01-01
Cote d'Ivoire,29,1995,0.715690465370126,1.9250728512064343,20.35426100628931,24468419356.03034,74.8826030239666,0.176229731,41.21,0.309048239718124,1212439941.40625,1.15885156900786,0.2295813612047922,31860.0,26.6,1399.34,318000.0,322460.0,14199759,2.243700051529044,1995-01-01
Cote d'Ivoire,29,1996,0.714574610298864,1.4896366398731935,19.487465408805036,26359663602.99281,74.0417289026024,0.2041526898,41.587,0.308285017236528,964770019.53125,1.03879438666129,0.2645732648034026,31580.0,26.59,1393.76,318000.0,322460.0,14665125,2.1534081707452204,1996-01-01
Cote d'Ivoire,29,1997,0.712877636062869,2.302018342123926,18.62066981132076,28903065381.484844,72.1351437379043,0.2320756486,41.964,0.304497695636302,447000000.0,1.11318148450781,0.3165754546030137,32220.0,26.61,1190.14,318000.0,322460.0,15130674,2.129449091296264,1997-01-01
Cote d'Ivoire,29,1998,0.712573897554329,3.874171938156196,17.75387421383648,30135464902.93292,73.4473042431981,0.2599986074,42.342,0.300100576047875,967270019.53125,1.21926130218118,0.3098257682283873,31810.0,27.17,1228.2,318000.0,322460.0,15589407,2.0404881340258805,1998-01-01
Cote d'Ivoire,29,1999,0.711491902005367,1.2471456747831902,16.887078616352202,30487103583.769756,61.9308464416233,0.2879215662,42.741,0.285653158972416,447779998.779297,1.14846528488634,0.4172755053103453,33080.0,26.51,1411.55,318000.0,322460.0,16032573,2.063299509068195,1999-01-01
Cote d'Ivoire,29,2000,0.713200636378862,1.4157819892059698,16.020283018867925,30406072074.58649,63.717601776123,0.315844525,43.155,0.271386192201731,350920013.427734,1.13845972445981,0.3846934546201501,32420.0,26.52,1316.6,318000.0,322460.0,16454660,1.9702625274542287,2000-01-01
Cote d'Ivoire,29,2001,0.713965567679681,1.6220772732337925,15.665292452830188,29751121484.18664,64.727897644043,0.3013930994,43.568,0.2655839333906,186080001.831055,1.06826782145479,0.3714466249890895,31480.0,26.58,1444.45,318000.0,322460.0,16853027,1.867913698826923,2001-01-01
Cote d'Ivoire,29,2002,0.713198163155186,1.1774448645147753,15.310301886792455,28938759235.7763,65.3227996826172,0.2869416738,43.983,0.259787630382012,1067500000.0,1.09651007945961,0.3702513164958742,30860.0,26.84,1353.65,318000.0,322460.0,17231539,1.790902135903241,2002-01-01
Cote d'Ivoire,29,2003,0.715325836396687,0.7782442857625685,14.955311320754715,27571152082.82212,70.3217010498047,0.2724902482,44.399,0.249561965238808,253699996.948242,1.0682882153304,0.2926200706799632,28080.0,26.8,1462.29,318000.0,322460.0,17599613,1.5954896280957995,2003-01-01
Cote d'Ivoire,29,2004,0.715683737473387,1.2036277531504986,14.60032075471698,28449303816.65824,75.4001007080078,0.2724902482,44.817,0.237271101431771,160710006.71386698,1.03442237610823,0.3016055263481085,25700.0,26.8,1352.44,318000.0,322460.0,17970493,1.430122145229961,2004-01-01
Cote d'Ivoire,29,2005,0.711830033792038,1.4521811857285731,14.245330188679246,28732677534.70577,77.9194030761719,0.2724902482,45.234,0.218906790386997,91279998.7792969,1.05162303187631,0.3165434027042831,26210.0,26.98,1313.3,318000.0,322460.0,18354513,1.427986675538599,2005-01-01
Cote d'Ivoire,29,2006,0.718299793806457,1.388231734168361,13.890339622641507,29541668653.31793,74.7872009277344,0.2724902482,45.652,0.180943298379532,247139999.389648,1.10915711938248,0.3001879933973571,24390.0,26.75,1425.2,318000.0,322460.0,18754914,1.3004591756592432,2006-01-01
Cote d'Ivoire,29,2007,0.738440846678861,1.5431165897876378,13.535349056603774,29867049384.831024,76.3303985595703,0.2724902482,46.071,0.198973169361498,171080001.831055,1.06698970807329,0.2894959900893264,23190.0,26.87,1300.04,318000.0,322460.0,19171250,1.209623785616483,2007-01-01
Cote d'Ivoire,29,2008,0.732854423517253,1.3744186812496386,13.180358490566038,31295490595.27189,74.2099990844727,0.2724902482,46.491,0.197215115087781,584630004.882813,1.15016061409725,0.3243976405070233,22260.0,26.45,1394.17,318000.0,322460.0,19605568,1.1353917417745816,2008-01-01
Cote d'Ivoire,29,2009,0.7266983600988,1.1733907283957783,12.825367924528305,32423167757.12779,73.5680999755859,0.2724902482,46.91,0.202773808739332,2403010009.76563,1.09100164668816,0.2956257312437064,20370.0,26.84,1409.43,318000.0,322460.0,20059147,1.0154968204779595,2009-01-01
Cote d'Ivoire,29,2010,0.720375986080842,1.0260624708188033,12.470377358490566,34643522302.33774,75.3377990722656,0.2580388226,47.33,0.185606411087543,845309997.558594,1.13924227820492,0.3029278217483085,19320.0,27.12,1632.52,318000.0,322460.0,20532944,0.9409269318613054,2010-01-01
Cote d'Ivoire,29,2011,0.709446928342478,0.8229542318593688,12.11538993710692,32783010214.67286,78.9539031982422,0.2580388226,47.751,0.18641238227378,1437709960.9375,1.15776951632524,0.2848494520713929,18210.0,26.79,1384.69,318000.0,322460.0,21028652,0.8659613559632828,2011-01-01
Cote d'Ivoire,29,2012,0.709366666233767,0.9097370411975402,11.760402515723271,35281210581.22616,74.7774963378906,0.2580388226,48.172,0.199990243688931,2908350097.65625,1.23783848955304,0.3661730709362168,19130.0,26.52,1275.89,318000.0,322460.0,21547188,0.8878188652737424,2012-01-01
Cote d'Ivoire,29,2013,0.70300531921609,0.9532035960187653,11.405415094339624,39077544035.23138,72.4468002319336,0.2580388226,48.593,0.213225083857362,1273459960.9375,1.25721518542578,0.3830219672605861,20460.0,26.76,1214.85,318000.0,322460.0,22087506,0.9263155378429778,2013-01-01
Cote d'Ivoire,29,2014,0.696648051179036,0.8995288658929043,11.050427672955976,42739891439.62189,72.1634979248047,0.2580388226,49.014,0.252299761393296,925039978.027344,1.19717807223041,0.3956256519433874,20410.0,26.8,1501.36,318000.0,322460.0,22647672,0.9011963790362206,2014-01-01
Cote d'Ivoire,29,2015,0.697614106777249,1.0791501966776946,10.695440251572329,45814637971.47452,64.8336029052734,0.243587397,49.444,0.272516928619734,651669982.910156,1.29529764059295,0.4116050582300604,21460.0,26.99,1140.18,318000.0,322460.0,23226148,0.9239586348971855,2015-01-01
Cote d'Ivoire,29,2016,0.694491824235644,1.2047967187565929,10.340440251572328,49103766045.22543,64.2783966064453,0.243587397,49.881,0.289536439820545,615789978.027344,1.29433704505842,0.3912230699375042,22730.0,27.26,1278.31,318000.0,322460.0,23822726,0.9541309420256944,2016-01-01
Cote d'Ivoire,29,2017,0.688744489769821,1.8899976720124445,9.985440251572328,52717625513.83879,62.6884994506836,0.243587397,50.326,0.285744008188353,829159973.144531,1.36567474481076,0.4247574677825757,23120.0,27.13,1190.21,318000.0,322460.0,24437475,0.9460879243866234,2017-01-01
Cote d'Ivoire,29,2018,0.682127620340054,1.069324208318731,9.630440251572328,56350019798.32268,63.532600402832,0.243587397,50.779,0.294940347275564,960010009.765625,1.39638284371307,0.3953053835806498,22900.0,26.98,1501.52,318000.0,322460.0,25069226,0.9134705634709264,2018-01-01
Cote d'Ivoire,29,2019,0.682127620340054,1.4501016032561618,9.275471698113208,59861589342.700775,63.03912202800007,0.243587397,51.239,0.302745790059985,1201229980.46875,1.4067102904393836,0.402510775857861,22510.434782608696,26.78,1472.48,318000.0,322460.0,25716554,0.8753285833945207,2019-01-01
Cote d'Ivoire,29,2020,0.680729168463801,0.8289206154957176,8.920471698113207,61033878289.11372,62.56074781606083,0.2463939664166666,51.706,0.3024831879908958,1200762898.7630208,1.4227066340819094,0.4085080589471853,22116.10586011342,27.13,1368.42,318000.0,322460.0,26378275,0.8384212333866949,2020-01-01
Croatia,31,1995,0.445335986368642,0.4756470924515,33.40189590413164,33557915391.58176,30.384527442502,0.058292776,52.279,0.392339497778626,53279998.779296905,2.5868063465441,3.33331168845224,25460.0,10.97,1229.7,55910.0,56540.0,4620030,5.510786726493118,1995-01-01
Croatia,31,1996,0.442306511413167,2.045793484078391,33.4226509467667,35563229390.11456,34.1265044303859,0.058292776,52.509,0.393461928040898,133309997.558594,2.53515037223255,3.3661780734533413,24800.0,10.25,1210.9,55980.0,56610.0,4557097,5.44206103139784,1996-01-01
Croatia,31,1997,0.440503180420704,2.4760723030499405,33.48517327617006,37743975503.16037,29.211150683095,0.058292776,52.739,0.399246668822726,40360000.6103516,3.23585851546216,3.7597135120354936,26280.0,11.01,1020.62,55980.0,56610.0,4534920,5.79503056283242,1997-01-01
Croatia,31,1998,0.434483484930035,3.892846981209469,33.58969772849222,38576544470.77208,28.1143994570977,0.0510026074,52.968,0.404391414566688,39380001.0681152,3.31812117977928,4.075341974588135,26580.0,11.29,1118.21,55910.0,56540.0,4532135,5.864785581188557,1998-01-01
Croatia,31,1999,0.433463091169426,6.144034042130208,33.65229833661241,38238440780.244514,27.810841837998,0.0510026074,53.198,0.416954036765604,48470001.220703095,3.14403460053067,4.101850885421411,26260.0,11.31,1190.11,55910.0,56540.0,4512597,5.819265491689154,1999-01-01
Croatia,31,2000,0.432632890327184,4.647803008281533,33.71489894473261,39345635026.65931,26.7880992889404,0.0510026074,53.428,0.431766875392376,65510002.1362305,3.16967853243602,4.03956581269574,25330.0,12.31,911.53,55910.0,56540.0,4468302,5.668820057373025,2000-01-01
Croatia,31,2001,0.431204085629057,4.454645403189413,33.777499552852795,40538790726.388855,26.945499420166,0.0510026074,53.642,0.446192400495724,112129997.253418,3.42889481532762,4.465488056912646,26130.0,11.35,1059.63,55910.0,56540.0,4299642,6.077250152454553,2001-01-01
Croatia,31,2002,0.428495101751625,3.622532213735585,33.840100160972995,42858450411.79883,24.6315994262695,0.0437124388,53.81,0.455358210680034,130600006.103516,3.79073781095983,4.71389581174541,27130.0,12.01,1193.91,55910.0,56540.0,4302174,6.306114071629832,2002-01-01
Croatia,31,2003,0.426388419654312,5.277674533776048,33.90270076909319,45226785549.95511,24.8409004211426,0.0364222702,53.979,0.470648536416924,120400001.525879,3.88225369236,5.021611986246221,28230.0,11.49,784.05,55910.0,56540.0,4303399,6.5599308825419165,2003-01-01
Croatia,31,2004,0.423788099307271,3.132069713152663,33.9349535382416,47103397210.07165,26.5853004455566,0.0364222702,54.147,0.478063863596509,119660003.662109,4.06823963764606,4.904056126004739,28000.0,11.0,1180.96,55960.0,56590.0,4304600,6.504669423407518,2004-01-01
Croatia,31,2005,0.422041662156938,3.96400030206868,33.997498213009294,49134684669.976006,26.8369998931885,0.0364222702,54.315,0.467402179155002,123459999.084473,4.20388050674509,4.9812709317203945,27890.0,10.54,1183.7,55960.0,56590.0,4310145,6.470779985360121,2005-01-01
Croatia,31,2006,0.420332368238931,6.579944999412163,34.06004288777698,51561130579.32189,25.5172996520996,0.0364222702,54.483,0.450419864417584,196509994.506836,4.44302982442635,5.014892746938816,28620.0,11.38,943.14,55960.0,56590.0,4311159,6.638586050758044,2006-01-01
Croatia,31,2007,0.417514498635126,7.673608297393499,34.12258756254467,54094231717.70439,22.6728992462158,0.0364222702,54.651,0.461528818517324,162910003.66210902,4.53194792090152,5.310637492265471,30120.0,12.18,1032.85,55960.0,56590.0,4310217,6.9880472375288765,2007-01-01
Croatia,31,2008,0.414860338115393,7.4198899860551215,34.18513223731237,55119557345.0005,24.1562995910645,0.0364222702,54.819,0.46255976370768,241059997.558594,4.68912718522809,5.044428795010331,29300.0,12.1,1041.59,55960.0,56590.0,4309705,6.798609185547503,2008-01-01
Croatia,31,2009,0.405756978402245,4.865891552494605,34.24767691208005,51105916787.32544,27.1781005859375,0.0364222702,54.987,0.458508490588121,168830001.831055,4.08792809206938,4.719894471335817,26740.0,11.95,1118.35,55960.0,56590.0,4305181,6.211120972614159,2009-01-01
Croatia,31,2010,0.402452782513559,2.5569290239290736,34.31022158684775,50466734849.77215,29.7745990753174,0.0291321016,55.155,0.472490153216716,131550003.051758,3.88606947837195,4.530399422455556,26180.0,11.06,1334.79,55960.0,56590.0,4295427,6.0948538992747405,2010-01-01
Croatia,31,2011,0.386306588075888,1.9771746063534588,34.31736954967834,50423715213.78286,27.1821994781494,0.0291321016,55.322,0.470582427333637,136768003.33658874,4.00330824822068,4.447951722903821,25890.0,11.96,752.81,55960.0,56590.0,4280622,6.048186455146005,2011-01-01
Croatia,31,2012,0.373149958506708,2.561706457844024,34.32451751250893,49276219375.41247,29.426399230957,0.0291321016,55.506,0.470080987080305,136998537.05512172,3.89193504554978,4.091332795008293,23950.0,12.14,981.5,55960.0,88073.0,4267558,5.612108845386518,2012-01-01
Croatia,31,2013,0.378733858320417,1.65646363838925,34.33166547533953,49097288862.41776,32.8404998779297,0.0291321016,55.706,0.47983474734692,143441106.15143973,3.82094824720629,4.004051987821479,22830.0,11.84,1234.44,55960.0,88073.0,4255689,5.364583737204481,2013-01-01
Croatia,31,2014,0.381965791036634,5.46442649739322,33.95652942215939,48927438241.11421,33.6200981140137,0.0291321016,55.923,0.488041255255054,150378513.1569947,3.54861162922503,3.8552383936443775,22100.0,12.5,1452.64,56590.0,88073.0,4238389,5.214245318209348,2014-01-01
Croatia,31,2015,0.377990848050711,0.0889936437342337,33.96359780880014,50163192883.15147,33.1091003417969,0.021841933,56.155,0.492306739690548,157172413.95274746,3.71102286040587,3.9680236292476647,22690.0,12.36,1065.99,56590.0,88073.0,4203604,5.397749169522153,2015-01-01
Croatia,31,2016,0.36191030572723,0.8221570337796554,34.001063792189434,51935173677.19357,31.8474006652832,0.021841933,56.403,0.495485662763637,163283241.40718192,3.86929561015721,4.058117804716376,22730.0,12.0,1185.81,56590.0,88073.0,4174349,5.445160431003733,2016-01-01
Croatia,31,2017,0.361599605889995,0.8185802755082923,34.133387524297575,53708288421.74494,29.8036003112793,0.021841933,56.667,0.492792650698404,166693457.68409953,3.69822575279321,4.2380576118836295,23400.0,12.0,1012.62,56590.0,88073.0,4124531,5.673372317967789,2017-01-01
Croatia,31,2018,0.361362974188363,2.11957998153972,34.177593214348825,55265833941.436455,32.8473014831543,0.021841933,56.947,0.492847003461289,169099687.78947175,3.88086457270814,4.055928762430455,22550.0,12.77,1068.09,56590.0,88070.0,4087843,5.516356670253725,2018-01-01
Croatia,31,2019,0.361362974188363,6.272031312994352,34.221770630853506,57190160216.54085,32.95437861535657,0.021841933,57.242,0.498552710310725,172346333.54037791,3.937127973845707,4.087346896081682,22423.478260869564,12.71,1236.29,56590.0,89440.86956521739,4065253,5.515887513241996,2019-01-01
Croatia,31,2020,0.3578640986808514,2.0606375426770502,34.26594804735819,52557893779.4932,32.90341662339877,0.020323147875,57.553,0.5029782608328958,175858755.5322625,3.9980835217419313,4.118702062282914,22320.15122873346,12.36,1069.92,56590.0,90868.2986767486,4047680,5.514307264589458,2020-01-01
Cyprus,32,1995,0.400224425441691,2.4477353979412,18.004329004329005,12660962666.371395,3.3542984702649,0.03319978,68.038,0.456174203783928,5980000.01907349,4.9862416463789,6.780524929535148,6770.0,18.93,285.86,9240.0,9250.0,855391,7.914509271198785,1995-01-01
Cyprus,32,1996,0.397711810043727,2.3347119248790618,18.117965367965365,12819045113.624483,3.35706908272827,0.0333310742,68.161,0.458736132639096,7300000.19073486,4.88506631432919,7.052686775983311,7150.0,19.22,458.16,9240.0,9250.0,873426,8.186154293552057,1996-01-01
Cyprus,32,1997,0.404872683472495,5.724021703477153,18.231601731601728,13157582588.868069,3.29407078061674,0.0334623684,68.283,0.458997288471858,8079999.923706049,4.80383192228368,7.013094850705237,7230.0,18.4,407.36,9240.0,9250.0,891190,8.112748123295818,1997-01-01
Cyprus,32,1998,0.403688136527824,3.370192499361085,18.34523809523809,13961622296.408182,3.26216821210761,0.0334623684,68.405,0.458195661013956,21250000.0,5.11776247431567,7.208020160447227,7560.0,19.8,410.92,9240.0,9250.0,908710,8.319485864577258,1998-01-01
Cyprus,32,1999,0.400892305685157,7.744916952570711,18.458874458874455,14659418653.118813,3.2266425227618,0.0334623684,68.527,0.462112164922446,31149999.6185303,4.92758939261545,7.3538225299093245,7840.0,19.9,272.37,9240.0,9250.0,926049,8.466074689352292,1999-01-01
Cyprus,32,2000,0.410041033439526,8.560861195385773,18.57251082251082,15533898466.135565,3.09730005264282,0.0334623684,68.648,0.465761458369697,56139999.3896484,5.26569051775427,7.495059833264072,8100.0,19.22,469.82,9240.0,9250.0,943288,8.58698509893055,2000-01-01
Cyprus,32,2001,0.410224773547397,9.085903295432106,18.58582251082251,16147885207.365751,3.04809999465942,0.0334623684,68.769,0.468567797199575,95010002.1362305,5.36521851219599,7.216690236328381,8020.0,20.27,482.1,9240.0,9250.0,960274,8.351782928622455,2001-01-01
Cyprus,32,2002,0.408079318018376,9.66223911887501,18.5991341991342,16749063949.117077,3.17709994316101,0.0334623684,68.694,0.474411605320803,47610000.6103516,5.64077068445191,7.277618100081067,8250.0,19.53,414.89,9240.0,9250.0,976968,8.444493576043433,2002-01-01
Cyprus,32,2003,0.408122898296132,6.242711400367875,18.612445887445887,17188439819.424297,3.25780010223389,0.0334623684,68.553,0.485578578128158,29909999.8474121,5.44478318487418,7.820347396538918,8920.0,19.65,553.72,9240.0,9250.0,993562,8.977799070415333,2003-01-01
Cyprus,32,2004,0.409582627725974,6.459619625566332,18.62575757575757,18052389920.22082,3.30909991264343,0.0334623684,68.41,0.479010328075359,52680000.3051758,5.4870921790264,7.630565809918745,8860.0,19.47,467.83,9240.0,9250.0,1010410,8.768717649271087,2004-01-01
Cyprus,32,2005,0.413458471785285,6.303627115954891,18.639069264069263,18928473095.96425,3.36509990692139,0.0334623684,68.268,0.505672630237746,43810001.373291,5.49474682250455,7.658197238962027,9000.0,19.37,369.03,9240.0,9250.0,1027657,8.757785914950222,2005-01-01
Cyprus,32,2006,0.408063498799616,9.325550994965267,18.652380952380952,19820728886.728077,3.51670002937317,0.0335936626,68.125,0.582842423866007,30879999.1607666,5.43241506137687,7.594394304012977,9110.0,19.24,347.99,9240.0,9250.0,1045508,8.713467520095493,2006-01-01
Cyprus,32,2007,0.407910709120031,9.573441367742811,18.66569264069264,20831203213.18008,4.35690021514893,0.0335936626,67.982,0.58761008002859,18569999.6948242,5.54321242811502,7.7464868178109025,9430.0,19.68,424.32,9240.0,9250.0,1063708,8.865214889800585,2007-01-01
Cyprus,32,2008,0.404779477946361,44.16386872113852,18.67900432900433,21590878029.7395,5.49849987030029,0.0335936626,67.839,0.60740587280173,16819999.6948242,5.59020293064374,7.766501967513832,9620.0,19.78,266.2,9240.0,9250.0,1081568,8.89449391993846,2008-01-01
Cyprus,32,2009,0.392261257597034,249.10804856727205,18.692316017316017,21155765191.81373,6.34380006790161,0.0335936626,67.695,0.506571705947443,36860000.6103516,5.17791718000346,7.449305110970058,9440.0,19.78,582.98,9240.0,9250.0,1098089,8.596753086498452,2009-01-01
Cyprus,32,2010,0.381257378412012,120.59452219694153,18.705627705627705,21581989484.914948,6.5806999206543,0.0335936626,67.551,0.501588889088337,34979999.5422363,5.05637035127966,7.028474308769325,9130.0,21.07,394.38,9240.0,9250.0,1112617,8.205878572770324,2010-01-01
Cyprus,32,2011,0.378947143513507,146.7265455969333,18.70281385281385,21668627779.15868,7.70100021362305,0.0335936626,67.406,0.494108991811152,41319999.6948242,4.59842437085889,6.712083617448573,8880.0,19.28,488.78,9240.0,9250.0,1124837,7.894477155356732,2011-01-01
Cyprus,32,2012,0.370407688266705,280.13183314098586,18.7,20921748731.1558,8.72959995269775,0.0335936626,67.261,0.500478712852881,44209999.0844727,3.98317107929154,6.184771366094414,8370.0,20.05,669.83,9240.0,9250.0,1135046,7.374150474958724,2012-01-01
Cyprus,32,2013,0.377825486179013,108.6417072590968,18.697186147186144,19550730164.49053,9.85980033874512,0.0335936626,67.137,0.504822350704389,40740001.6784668,3.22531431410588,5.57757639443781,7700.0,20.09,324.85,9240.0,9250.0,1143866,6.731557717424943,2013-01-01
Cyprus,32,2014,0.382667864013156,223.4283966709069,18.694372294372293,19193086876.67248,9.62689971923828,0.0335936626,67.031,0.521691309280397,38430000.3051758,3.3208323447378,5.85786476923918,8080.0,20.21,429.51,9240.0,9251.0,1152297,7.012081086733716,2014-01-01
Cyprus,32,2015,0.378531883760203,145.95273655077187,18.69155844155844,19842404304.892933,10.5434999465942,0.033856251,66.946,0.523479371492103,39759998.3215332,3.40083521107898,5.8398586719747945,8140.0,19.58,464.69,9240.0,9251.0,1160987,7.011275750719,2015-01-01
Cyprus,32,2016,0.367324292110684,40.60527748110572,18.68073593073593,21123143098.16756,10.4071998596191,0.033856251,66.881,0.511658289725221,26170000.0762939,3.54844136115428,6.110124091065631,8540.0,20.31,378.76,9240.0,9251.0,1170189,7.297966396881187,2016-01-01
Cyprus,32,2017,0.371523029606951,62.991008368046366,18.67857142857143,22359383572.21794,11.0761995315552,0.033856251,66.836,0.52533934027467,33799999.237060495,3.89585800076444,6.188092584037264,8680.0,19.86,324.78,9240.0,9251.0,1179685,7.357896387594994,2017-01-01
Cyprus,32,2018,0.375485554261783,-4.350091921628222,18.676406926406926,23632267889.55553,12.1436004638672,0.033856251,66.81,0.520821342267088,44029998.779296905,3.85016788334156,6.079400502160163,8600.0,20.8,518.13,9240.0,9250.0,1189262,7.231375424422877,2018-01-01
Cyprus,32,2019,0.375485554261783,163.0435572636783,18.674242424242426,24880804888.151165,12.52574402880643,0.033856251,66.805,0.52228985277439,21430000.3051758,3.8007733719051537,6.048916831404728,8679.565217391304,20.16,591.41,9240.0,9250.0,1198574,7.241576421139875,2019-01-01
Cyprus,32,2020,0.3744547679626201,-1.3295772041403542,18.67207792207792,23579790561.36694,12.924382069940265,0.0338836039583333,66.821,0.5250446714823259,22073750.31709673,3.753630200495413,6.005274659901311,8746.068052930057,20.47,457.48,9240.0,9250.0,1207361,7.243954420368106,2020-01-01
Czech Republic,33,1995,0.305324728109158,4.268803449262236,34.079914585220656,115863001168.75864,5.30287772828777,0.048285287,74.643,0.460181872842866,133265336.60888693,5.55268846887492,12.121325971194858,149130.0,8.18,736.33,77270.0,78870.0,10327253,14.44043251385436,1995-01-01
Czech Republic,33,1996,0.30478653376309,2.129880141891718,34.0900996505759,120805040906.5502,5.24157422806943,0.048285287,74.513,0.460949960616997,133265336.60888693,5.83547790036799,12.286673670542452,150740.0,6.57,684.3,77270.0,78870.0,10315241,14.613327987198748,1996-01-01
Czech Republic,33,1997,0.303057859797254,2.068976480679513,34.10028471593115,120178870877.5853,5.64848453410906,0.048285287,74.382,0.457286605723148,133265336.60888693,5.87493188869276,12.11067677613959,148230.0,7.9,681.92,77270.0,78870.0,10304131,14.38549257574462,1997-01-01
Czech Republic,33,1998,0.300485473819103,5.538559713515016,34.1104697812864,119750353168.3521,5.96694071239026,0.043344027,74.251,0.455975791509733,133265336.60888693,5.85726930820705,11.551942017255444,141600.0,8.44,689.37,77270.0,78870.0,10294373,13.755087366661378,1998-01-01
Czech Republic,33,1999,0.299309113480772,9.68588830944053,34.12065484664165,121407876416.48463,6.47714948058027,0.043344027,74.12,0.445578874156414,133265336.60888693,5.45497619269033,10.885990279914353,133490.0,8.62,648.47,77270.0,78870.0,10283860,12.980534546366831,1999-01-01
Czech Republic,33,2000,0.29512283363005,8.066031085652348,34.130839911996894,126265440317.08934,5.94159984588623,0.043344027,73.988,0.4367610619645,133265336.60888693,5.51129659398267,12.010652689310636,144130.0,9.42,658.92,77270.0,78870.0,10255063,14.054521166764165,2000-01-01
Czech Republic,33,2001,0.292682121043606,8.31864159453878,34.15683965316423,130107668072.56471,6.28719997406006,0.043344027,73.877,0.452606588456592,133265336.60888693,5.86994540567273,12.011818015867306,143850.0,8.18,756.2,77270.0,78870.0,10216605,14.080019732582398,2001-01-01
Czech Republic,33,2002,0.291343833486246,10.337010228186202,34.182839394331566,132150170232.2273,7.27600002288818,0.038402767,73.809,0.46700395178311,133265336.60888693,5.8449519055657,11.624102816969366,138240.0,8.94,800.48,77270.0,78870.0,10196916,13.55704018744491,2002-01-01
Czech Republic,33,2003,0.291872707866989,2.0194487994711747,34.2088391354989,136886020631.12968,6.72429990768433,0.033461507,73.74,0.474033279638032,133265336.60888693,5.60827836325594,12.043361201365745,142580.0,8.55,513.02,77270.0,78870.0,10193998,13.98666156300992,2003-01-01
Czech Republic,33,2004,0.289990464476735,5.361178046212353,34.239269997411334,143476070938.564,7.13409996032715,0.033461507,73.671,0.469724630668753,133265336.60888693,7.17904584992775,12.105401329260149,143130.0,8.23,651.02,77260.0,78870.0,10197101,14.03634228983316,2004-01-01
Czech Republic,33,2005,0.289078301794394,10.011533579016607,34.265273103805335,152947812388.84094,7.53490018844604,0.033461507,73.602,0.476650893157898,133265336.60888693,6.06747559822474,11.751783529013586,140060.0,8.02,716.9,77260.0,78870.0,10211216,13.716290008947023,2005-01-01
Czech Republic,33,2006,0.287808608972908,4.564069805908539,34.295715210355986,163297687890.6449,7.88129997253418,0.033461507,73.533,0.487026157556372,133265336.60888693,6.36430136963548,11.778603278377911,141040.0,8.55,677.09,77250.0,78870.0,10238905,13.774910500683422,2006-01-01
Czech Republic,33,2007,0.28683962995356,7.264370540227372,34.321721682847894,172393922455.40936,8.32209968566895,0.033461507,73.463,0.496302732850203,133265336.60888693,6.41053919956259,12.004278545092705,144010.0,9.33,750.59,77250.0,78870.0,10298828,13.983144489839038,2007-01-01
Czech Republic,33,2008,0.28477678189667,3.72245749433628,34.34772815533981,177025133390.92438,8.9931001663208,0.033461507,73.394,0.505550440678395,133265336.60888693,6.38776211567609,11.392828401817576,138950.0,9.18,644.41,77250.0,78870.0,10384603,13.380386327719991,2008-01-01
Czech Republic,33,2009,0.294788120844462,2.541341418936106,34.37373462783172,168780486813.35437,10.2510004043579,0.033461507,73.324,0.504909394116513,133265336.60888693,5.61449083715227,10.644454351309696,131310.0,8.78,753.11,77250.0,78870.0,10443936,12.572846099401604,2009-01-01
Czech Republic,33,2010,0.289366391462234,4.863365019369009,34.40419471776281,172890126530.8197,10.9521999359131,0.028520247,73.255,0.517735311820513,133265336.60888693,6.1380850558642,10.876984956670592,134400.0,7.56,868.6,77240.0,78870.0,10474410,12.831271642030432,2010-01-01
Czech Republic,33,2011,0.283618944207903,1.8246587454655585,34.43270326255826,175933614512.93262,12.1571998596191,0.028520247,73.185,0.528712968460076,133265336.60888693,5.97808158562705,10.573463179805657,131780.0,9.02,594.71,77240.0,78870.0,10496088,12.555153882093975,2011-01-01
Czech Republic,33,2012,0.286007362718872,4.516567467776547,34.46567396089603,174552528075.61365,12.8043003082275,0.028520247,73.197,0.532861214631322,133265336.60888693,5.24785134254544,10.19619371911803,128370.0,8.8,668.43,77230.0,78870.0,10510785,12.213169615780362,2012-01-01
Czech Republic,33,2013,0.281510217786759,3.475710240020008,34.4986531986532,174472402052.9499,13.9561996459961,0.028520247,73.29,0.546484872883385,133265336.60888693,5.38633428883067,9.76957796031908,123090.0,8.42,735.54,77220.0,78870.0,10514272,11.70694461775385,2013-01-01
Czech Republic,33,2014,0.277516096844263,3.863539822657049,34.527169127169124,178419147314.3961,14.8607997894287,0.028520247,73.384,0.563012021393869,133265336.60888693,5.41777553345234,9.477122226944156,120360.0,9.89,726.71,77220.0,78870.0,10525347,11.435252443458634,2014-01-01
Czech Republic,33,2015,0.275811733306606,0.9040509699996148,34.560160600958426,188033050459.8811,14.8454999923706,0.023578987,73.477,0.56651084407558,133265336.60888693,5.5007005448305,9.575140818006044,122290.0,9.75,567.52,77210.0,78870.0,10546059,11.59580085793186,2015-01-01
Czech Republic,33,2016,0.273377924488636,5.528352753864185,34.57459207459208,192803983942.27356,14.7812995910645,0.023578987,73.57,0.557798567515965,133265336.60888693,5.40224226916722,9.734693174509374,124090.0,9.2,737.97,77220.0,78870.0,10566332,11.743905075100802,2016-01-01
Czech Republic,33,2017,0.27221100940333,5.138725411736494,34.602512627897944,202769490319.6301,14.4653997421265,0.023578987,73.675,0.56543561907469,133265336.60888693,5.34577145552971,9.76172591693868,124120.0,9.08,711.13,77210.0,78870.0,10594438,11.71558132673012,2017-01-01
Czech Republic,33,2018,0.325969591902552,3.3439103978570293,34.630440414507774,209255388993.3432,14.7252998352051,0.023578987,73.792,0.56129931131497,133265336.60888693,5.71763294449601,9.640704998190015,122840.0,10.02,578.77,77200.0,78870.0,10629928,11.55605193186633,2018-01-01
Czech Republic,33,2019,0.325969591902552,4.25829887665939,34.6538860103627,215594735504.8529,15.13497036159281,0.023578987,73.921,0.560701217776821,133265336.60888693,5.724804443436057,9.532851912407198,121696.95652173914,9.91,629.89,77200.0,78870.0,10671870,11.403526890951552,2019-01-01
Czech Republic,33,2020,0.32682979456061,2.6208391492691563,34.67733160621762,203094954011.8909,15.565118019572088,0.0225495578333333,74.061,0.5648895238157359,133265336.60888693,5.719992554004234,9.41312053161871,120434.21550094518,9.77,729.4,77200.0,78870.0,10697858,11.257787820790403,2020-01-01
Denmark,37,1995,0.225012093816231,2.237442891738651,12.998350223898184,226658693444.80527,7.51217803184753,0.021132948,84.979,0.650182384896824,133265336.60888693,8.47456328581426,11.449594745109897,75770.0,8.35,655.28,42430.0,43090.0,5233373,14.47823420956236,1995-01-01
Denmark,37,1996,0.227169561293154,0.4122125692709514,13.0930002356823,233232021689.2273,7.26118110006918,0.0223723894,85.006,0.65258435971253,133265336.60888693,7.9965468133461,13.92722199991868,89240.0,6.82,513.29,42430.0,43090.0,5263074,16.95587027657221,1996-01-01
Denmark,37,1997,0.2266480971944,1.6086834220127837,13.187650247466417,240837461729.20795,8.10272954731514,0.0236118308,85.033,0.655746839007126,133265336.60888693,8.23324205616023,12.056784959520272,79570.0,8.43,601.11,42430.0,43090.0,5284991,15.0558439929226,1997-01-01
Denmark,37,1998,0.227478937878246,3.771167013499119,13.282300259250531,246179618941.1375,8.51784339219747,0.0248512722,85.06,0.660878454042402,133265336.60888693,8.54593345122109,11.262732553086517,75510.0,8.14,851.79,42430.0,43090.0,5304219,14.235837547431585,1998-01-01
Denmark,37,1999,0.22867076497564,9.46697462674685,13.376950271034646,253437048662.4989,9.06635346755708,0.0260907136,85.086,0.667124489189411,133265336.60888693,8.43596729894163,10.70314756344612,72670.0,8.86,872.28,42430.0,43090.0,5321799,13.655156837001924,1999-01-01
Denmark,37,2000,0.227891208335067,21.938093643481437,13.47160028281876,262932986641.7248,10.7161998748779,0.027330155,85.1,0.672241862495329,133265336.60888693,8.72233579800667,9.87149637726758,68470.0,9.23,742.77,42430.0,43090.0,5339616,12.823019483048968,2000-01-01
Denmark,37,2001,0.227567542475566,5.635246990161271,13.506693377327364,265097327404.03503,11.1043996810913,0.0248469078,85.15,0.675780334327886,133265336.60888693,8.28765945362006,10.048923421605242,69710.0,8.22,734.62,42430.0,43090.0,5358783,13.008550635470778,2001-01-01
Denmark,37,2002,0.228525061279215,2.480308516389926,13.541786471835964,266333597050.53333,11.8464002609253,0.0223636606,85.25,0.683267982272273,133265336.60888693,8.04309576658924,10.041051494150503,69450.0,9.08,834.41,42430.0,43090.0,5375931,12.918692594826831,2002-01-01
Denmark,37,2003,0.228393439945879,0.5432584631672026,13.57687956634457,267372454034.6235,12.6991996765137,0.0198804134,85.36,0.686320262065964,133265336.60888693,8.38011700208301,11.00810414623749,74880.0,8.59,615.86,42430.0,43090.0,5390574,13.89091402882142,2003-01-01
Denmark,37,2004,0.228355264733443,-3.5024308050685646,13.611972660853173,274506537368.94223,14.4167995452881,0.0198804134,85.566,0.690712807829545,133265336.60888693,8.36187920978851,9.971277761238134,68560.0,8.63,757.4,42430.0,43090.0,5404523,12.685670872341555,2004-01-01
Denmark,37,2005,0.227526970531038,4.857700582033001,13.647065755361773,280920770514.86786,16.096700668335,0.0198804134,85.856,0.696138414084341,133265336.60888693,8.41962034307555,9.275879833901412,64700.0,8.7,639.76,42430.0,43090.0,5419432,11.938520494398675,2005-01-01
Denmark,37,2006,0.227524003475677,0.8431870651840901,13.682158849870374,291913222677.84625,15.2462997436523,0.0198804134,86.098,0.757439833060345,133265336.60888693,8.17008949571839,10.705736258918074,72470.0,9.29,770.34,42430.0,43090.0,5437272,13.328374964504258,2006-01-01
Denmark,37,2007,0.227019688607275,3.697114116274724,13.717251944378974,294567411335.2952,17.6800003051758,0.0198804134,86.293,0.764110161105052,133265336.60888693,8.08851063870421,9.777644642308491,67670.0,9.45,855.07,42430.0,43090.0,5461438,12.390509605711902,2007-01-01
Denmark,37,2008,0.22384793254233,0.6201067534479224,13.752345038887578,293059176864.38995,18.5280990600586,0.0198804134,86.487,0.76213864232518,133265336.60888693,7.90680775081652,9.123308651980178,64190.0,9.48,743.37,42430.0,43090.0,5493621,11.684460941153384,2008-01-01
Denmark,37,2009,0.225993941268848,1.1739024205971125,13.787438133396185,278680088475.4147,19.3188991546631,0.0198804134,86.654,0.75863666758609,133265336.60888693,7.09716127005112,8.670862985337026,61370.0,8.82,708.57,42430.0,43090.0,5523095,11.111523520779564,2009-01-01
Denmark,37,2010,0.219695610659447,-3.654669083017719,13.822531227904785,283894168259.7569,21.1816997528076,0.0173971662,86.795,0.766873635979602,133265336.60888693,7.13489970609958,8.684706750547932,61800.0,7.03,735.62,42430.0,43090.0,5547683,11.139785744787508,2010-01-01
Denmark,37,2011,0.217322345401814,3.941503187586579,14.0025453688428,287689202382.5883,23.8097991943359,0.0173971662,86.957,0.777173265456017,133265336.60888693,6.93173546359493,7.735291815634014,56460.0,9.01,809.13,42430.0,43090.0,5570572,10.135404407303236,2011-01-01
Denmark,37,2012,0.212813142861923,-4.997670325554282,15.04415,288340817827.0245,26.9120006561279,0.0173971662,87.142,0.7800844066932,133265336.60888693,6.58984757738311,6.833498701259682,51390.0,8.4,756.05,40000.0,42920.0,5591572,9.19061759376433,2012-01-01
Denmark,37,2013,0.222092388301245,0.1980121805520809,15.2351,291032020819.8744,27.0977993011475,0.0173971662,87.292,0.790890295191254,133265336.60888693,6.88753440614519,7.120299943080344,52940.0,8.53,686.88,40000.0,42920.0,5614932,9.428431190261966,2013-01-01
Denmark,37,2014,0.230111342561277,1.863305283018756,15.42605,295744975353.14795,30.2283992767334,0.0173971662,87.41,0.799143920942929,133265336.60888693,6.81988397600012,6.336521380886777,48690.0,10.1,819.77,40000.0,42920.0,5643475,8.62766292045238,2014-01-01
Denmark,37,2015,0.228125446738534,0.6114751833331019,15.617,302673070846.85724,32.9777984619141,0.014913919,87.526,0.799194467684759,133265336.60888693,7.10334148191026,5.911867775446852,46610.0,9.23,859.22,40000.0,42920.0,5683483,8.200957053975529,2015-01-01
Denmark,37,2016,0.228248348179808,2.492374260307158,15.6165,312497708532.4633,32.1296005249023,0.014913919,87.642,0.77662797399272,133265336.60888693,6.82508558900213,6.176665194369423,48330.0,9.02,678.68,40000.0,42920.0,5728010,8.43748526975337,2016-01-01
Denmark,37,2017,0.225587476024856,1.0861329474786836,15.64,321315569939.8231,35.5056991577148,0.014913919,87.757,0.77558978605195,133265336.60888693,6.79576633156464,5.781459779565584,46160.0,8.9,961.37,40000.0,42920.0,5764980,8.006966199362356,2017-01-01
Denmark,37,2018,0.223147877094375,2.456000967184958,15.664,327708263102.56616,35.3287010192871,0.014913919,87.874,0.773888318516869,133265336.60888693,6.65338735373052,5.761494163596056,45870.0,9.51,600.64,40000.0,42920.0,5793636,7.917307887482058,2018-01-01
Denmark,37,2019,0.223147877094375,-1.0938310020973134,15.687499999999998,334638192450.4458,36.538115062219255,0.014913919,87.994,0.771425450840527,133265336.60888693,6.574205791466009,5.514185442660671,44570.0,9.56,850.86,40000.0,42912.608695652176,5814422,7.665422289610214,2019-01-01
Denmark,37,2020,0.223070201397631,0.4444787410630316,15.711,327737534762.37634,37.81102523448665,0.0146547927916666,88.116,0.776477245254848,133265336.60888693,6.512364877471223,5.148401244519019,42627.82608695652,9.98,730.58,40000.0,42904.89603024575,5831404,7.310045074386292,2020-01-01
Djibouti,34,1995,0.453106444038941,0.6466491815139721,0.2415875754961173,2107763479.4148307,31.174132909155,0.0872513009,76.3,0.335957221818524,105559997.558594,1.23954406301659,0.5234896134901688,1100.0,28.07,264.19,23180.0,23200.0,630385,1.7449653783005623,1995-01-01
Djibouti,34,1996,0.453106444038941,0.6606298764166527,0.2415875754961173,2107763479.4148307,32.0265621333044,0.0872513009,76.347,0.335969476689855,97080001.8310547,1.28293149518438,0.5282382167920715,1150.0,28.15,251.7,23180.0,23200.0,643649,1.786688086208477,1996-01-01
Djibouti,34,1997,0.453106444038941,0.6167726336527259,0.2415875754961173,2107763479.4148307,31.5595951813661,0.0872513009,76.393,0.331836313080063,85650001.5258789,1.26669886831025,0.5296145314121945,1180.0,28.14,220.15,23180.0,23200.0,660858,1.785557563046827,1997-01-01
Djibouti,34,1998,0.453106444038941,0.6170934896636839,0.2415875754961173,2107763479.4148307,31.9498945928494,0.0872513009,76.439,0.327661229728642,80980003.3569336,1.32595445226764,0.514354154879384,1190.0,28.5,272.02,23180.0,23200.0,680465,1.7488041265899057,1998-01-01
Djibouti,34,1999,0.453106444038941,0.599332232633272,0.2415875754961173,2107763479.4148307,32.6810786028729,0.0872513009,76.485,0.333475268898074,75150001.5258789,1.474136697967,0.500019286458192,1230.0,27.89,322.32,23180.0,23200.0,699973,1.7572106352673602,1999-01-01
Djibouti,34,2000,0.453106444038941,0.5961294458343923,0.2415875754961173,2107763479.4148307,31.4431991577148,0.0872513009,76.532,0.339311782160922,72239997.8637695,1.34719928528777,0.5156241072386657,1270.0,28.17,293.16,23180.0,23200.0,717577,1.7698449086300143,2000-01-01
Djibouti,34,2001,0.453106444038941,0.5927420068298033,0.2415875754961173,2107763479.4148307,31.6751003265381,0.0872513009,76.578,0.342262990253022,59400001.5258789,1.32517169644647,0.5184040249979878,1280.0,28.23,255.69,23180.0,23200.0,733019,1.7462030315721693,2001-01-01
Djibouti,34,2002,0.453106444038941,0.5806493372982476,0.2415875754961173,2107763479.4148307,32.4446983337402,0.0872513009,76.624,0.345275713365621,74099998.4741211,1.46628084632708,0.5355132291849355,1310.0,28.78,195.54,23180.0,23200.0,746947,1.7538058255806637,2002-01-01
Djibouti,34,2003,0.453106444038941,2.286739803745616,0.2415875754961173,2107763479.4148307,32.8811988830566,0.0872513009,76.67,0.333133292266404,79260002.1362305,1.38928992927111,0.5397300559871202,1330.0,28.51,205.96,23180.0,23200.0,759639,1.75083164503139,2003-01-01
Djibouti,34,2004,0.453106444038941,5.786694825765575,0.2415875754961173,2107763479.4148307,33.6212005615234,0.0872513009,76.716,0.347533879392976,64330001.8310547,1.49125601982402,0.5184039896371042,1320.0,28.4,245.66,23180.0,23200.0,771599,1.710733165802444,2004-01-01
Djibouti,34,2005,0.453106444038941,3.133262928878263,0.2415875754961173,2107763479.4148307,33.0945014953613,0.0872513009,76.761,0.356343210770406,74169998.1689453,1.65634770733271,0.5489959757318243,1360.0,28.49,205.44,23180.0,23200.0,783248,1.736359365105305,2005-01-01
Djibouti,34,2006,0.453106444038941,14.083940136850895,0.2415875754961173,2107763479.4148307,33.0068016052246,0.0872513009,76.807,0.290297259230988,115379997.253418,1.50320091881679,0.5411841108345059,1360.0,28.41,274.26,23180.0,23200.0,794554,1.7116520714765768,2006-01-01
Djibouti,34,2007,0.453106444038941,23.03889364469486,0.2415875754961173,2107763479.4148307,32.5238990783691,0.0872513009,76.853,0.297817699688404,112669998.168945,1.58937717417415,0.5835203909338312,1400.0,28.22,210.0,23180.0,23200.0,805456,1.7381458453348166,2007-01-01
Djibouti,34,2008,0.453106444038941,22.785843817933976,0.2415875754961173,2107763479.4148307,33.1433982849121,0.0872513009,76.899,0.313866598055317,140820007.32421902,1.78745492874289,0.5757256899827404,1410.0,28.19,203.14,23180.0,23200.0,816361,1.7271770699482214,2008-01-01
Djibouti,34,2009,0.453106444038941,9.232551528836302,0.2415875754961173,2107763479.4148307,34.0,0.0872513009,76.944,0.319981845928283,165830001.831055,1.91264967230882,0.5556763547631127,1400.0,28.97,204.06,23180.0,23200.0,827820,1.691188905800778,2009-01-01
Djibouti,34,2010,0.453106444038941,3.234153296971752,0.2415875754961173,2107763479.4148307,32.5443000793457,0.0872513009,76.999,0.302320708918739,132029998.779297,1.74876387488959,0.6189046815378353,1460.0,28.58,250.79,23180.0,23200.0,840194,1.7376939135485376,2010-01-01
Djibouti,34,2011,0.453106444038941,6.375384838935257,0.2415875754961173,2107763479.4148307,33.9337997436523,0.0872513009,77.064,0.296483914432202,141399993.89648402,2.11828294699766,0.5622775050341409,1420.0,28.49,235.84,23180.0,23200.0,853671,1.663404285726,2011-01-01
Djibouti,34,2012,0.453106444038941,8.126150917200476,0.2415875754961173,2107763479.4148307,32.4827995300293,0.0872513009,77.138,0.298418154747309,148460006.71386698,2.48430978870773,0.5874655583917727,1460.0,28.47,220.34,23180.0,23200.0,868136,1.681764147552918,2012-01-01
Djibouti,34,2013,0.453106444038941,14.000492695927605,0.2415875754961173,2107763479.4148307,34.0399017333984,0.0872513009,77.222,0.293847765574264,149250000.0,2.96250598492394,0.6339890591602362,1520.0,28.84,317.6,23180.0,23200.0,883296,1.7208274462920696,2013-01-01
Djibouti,34,2014,0.453106444038941,6.90837061258158,0.2415875754961173,2256604108.9599423,30.8171997070313,0.0872513009,77.314,0.303139897932578,166110000.61035198,2.49788535153131,0.511846463864196,1430.0,28.54,246.82,23180.0,23200.0,898707,1.591174876795218,2014-01-01
Djibouti,34,2015,0.453106444038941,5.918351967959403,0.2415875754961173,2430274292.2896,28.1802005767822,0.0872513009,77.417,0.308951039600296,173389999.38964802,3.09923180020779,0.590810920811643,1520.0,29.1,196.68,23180.0,23200.0,913998,1.6630233326549948,2015-01-01
Djibouti,34,2016,0.453106444038941,6.145400438031435,0.2415875754961173,2591951944.030894,24.9108009338379,0.0872513009,77.528,0.299750944477059,185350006.103516,2.61431195754447,0.5273824502188637,1470.0,28.97,263.06,23180.0,23200.0,929117,1.582147350656591,2016-01-01
Djibouti,34,2017,0.453106444038941,5.994298544458292,0.2420189818809318,2731997695.451493,24.1291007995605,0.0872513009,77.648,0.320278122816933,142610000.61035198,2.64628427760763,0.4978286198495922,1460.0,28.76,268.08,23180.0,23200.0,944100,1.5464463510221376,2017-01-01
Djibouti,34,2018,0.453106444038941,5.642585134425029,0.2433132010353753,2961694845.7308216,27.8358001708984,0.0872513009,77.777,0.327020638274269,179210006.71386698,2.43838824586951,0.5109899334983101,1480.0,28.35,283.88,23180.0,23200.0,958923,1.5433981664846916,2018-01-01
Djibouti,34,2019,0.453106444038941,5.26373689608601,0.2459016393442623,3191833262.486859,27.69065526923507,0.0872513009,77.915,0.328808977484479,272480010.986328,2.4905119059935497,0.510446469150838,1496.5217391304348,28.46,257.86,23180.0,23200.0,973557,1.5371691016863265,2019-01-01
Djibouti,34,2020,0.453106444038941,4.675295537235934,0.2502157031924072,3207792428.7992926,27.502137579492924,0.0872513009,78.062,0.3285111339705605,279435011.5458169,2.5430154021156874,0.509672914905567,1511.5879017013233,28.17,251.51,23180.0,23200.0,988002,1.5299441718754854,2020-01-01
Dominica,35,1995,0.674613836532492,19.70426734663591,65.45333333333333,381458920.260123,15.6474218349225,0.194501598,64.831,0.599971491348092,25000000.0,1.99916168394176,1.406370859995781,210.0,22.43,3589.4,750.0,750.0,71105,2.95337880599114,1995-01-01
Dominica,35,1996,0.675425662068034,6.089942597919333,65.128,393300176.695378,20.848308508173,0.1923951768,64.918,0.599971491348092,43130001.0681152,2.11795392624769,1.1278248488009812,180.0,22.15,4086.09,750.0,750.0,70933,2.537605909802208,1996-01-01
Dominica,35,1997,0.681356130045078,6.9688412971995,64.80266666666667,401896254.3077302,15.5173123814242,0.1902887556,65.005,0.586530252753313,14560000.4196167,2.24689063771282,1.416591115140526,200.0,22.29,2989.74,750.0,750.0,70592,2.833182230281052,1997-01-01
Dominica,35,1998,0.680857177816174,2.0195058069407588,64.47733333333333,417064730.6035457,15.0051374629333,0.1881823344,65.092,0.573089014158534,19350000.3814697,2.22596050427556,1.5673311200718123,190.0,22.78,4358.11,750.0,750.0,70183,2.7072082983058574,1998-01-01
Dominica,35,1999,0.681931420628445,5.4122243929668015,64.152,418541469.2813836,14.0768097719289,0.1860759132,65.179,0.567075131001431,9930000.30517578,2.40527510141592,1.575299306868305,190.0,22.31,3472.17,750.0,750.0,69828,2.720971530045254,1999-01-01
Dominica,35,2000,0.68526467999694,5.276719570843099,63.82666666666667,428336257.6106226,11.0342998504639,0.183969492,65.265,0.561061247844329,15279999.7329712,2.68834084818655,1.866475233309404,200.0,22.14,3374.6,750.0,750.0,69650,2.8715003589375447,2000-01-01
Dominica,35,2001,0.688598872357185,5.031081595993678,63.82666666666667,428062787.4850971,9.3858003616333,0.1744951036,65.382,0.5692744962448,19690000.5340576,2.42051479157751,2.152976130671298,220.0,22.5,3289.01,750.0,750.0,69671,3.1576983249845703,2001-01-01
Dominica,35,2002,0.698668275691573,6.035672443115492,63.82666666666667,415957176.5951674,13.5750999450684,0.1650207152,65.689,0.577487744645271,29600000.3814697,2.27126761843126,1.718213058419244,190.0,22.51,3268.73,750.0,750.0,69840,2.720504009163803,2002-01-01
Dominica,35,2003,0.693603079277521,9.16723628282304,63.82666666666667,442383506.39178354,10.5381002426147,0.1555463268,65.994,0.582585252601872,10970000.2670288,2.35236018567345,1.9970899546375285,200.0,22.54,3610.43,750.0,750.0,70102,2.852985649482183,2003-01-01
Dominica,35,2004,0.700672027453119,7.1279815218268245,63.82666666666667,455879257.086468,11.5346002578735,0.1555463268,66.299,0.582389934870474,29399999.6185303,2.32903857530511,2.2731470299913337,220.0,22.28,5000.09,750.0,750.0,70387,3.125577166238084,2004-01-01
Dominica,35,2005,0.705041526510384,5.280786789901281,63.82666666666667,458869197.1255471,10.771900177002,0.1555463268,66.601,0.617041370130921,21110000.6103516,2.45369442511738,2.266931141966563,230.0,22.7,4602.24,750.0,750.0,70580,3.258713516576934,2005-01-01
Dominica,35,2006,0.712798025176273,6.6386682863867525,63.82666666666667,480250003.1062174,9.84379959106445,0.1555463268,66.903,0.547102470878005,19659999.8474121,2.31010376262659,2.4039141378432647,240.0,22.51,3640.76,750.0,750.0,70718,3.393761135778727,2006-01-01
Dominica,35,2007,0.710513175032853,9.608273813186134,63.82666666666667,510760153.4440146,8.63020038604736,0.1555463268,67.203,0.539292902854184,19450000.762939498,2.74747011599951,2.542480613585321,250.0,22.42,3361.34,750.0,750.0,70797,3.5312230744240574,2007-01-01
Dominica,35,2008,0.706315834720146,12.341692331320589,63.82666666666667,547131680.1389089,8.27970027923584,0.1555463268,67.502,0.543812122100586,21379999.1607666,2.48750898553566,2.5413319403069363,250.0,22.13,4061.7,750.0,750.0,70829,3.529627694870745,2008-01-01
Dominica,35,2009,0.707727084139871,8.67367292692163,63.82666666666667,540732479.2016116,9.05239963531494,0.1555463268,67.799,0.541011652007623,35950000.762939505,2.90543910607668,7.057362240289069,570.0,22.57,3170.86,750.0,750.0,70848,8.04539295392954,2009-01-01
Dominica,35,2010,0.70747335448795,4.92920762301906,63.82666666666667,544369631.871101,10.1045999526978,0.1460719384,68.094,0.539674571117153,32450000.7629395,2.34236644767338,2.5396108751781257,250.0,22.88,4459.27,750.0,750.0,70877,3.527237326636285,2010-01-01
Dominica,35,2011,0.720747736970829,2.832782069383563,63.82666666666667,543152689.8125124,13.6196002960205,0.1460719384,68.389,0.535284961882699,24440000.5340576,2.36032900718803,2.3973375451263537,240.0,22.47,4701.74,750.0,750.0,70912,3.384476534296029,2011-01-01
Dominica,35,2012,0.732548584089087,4.763904236429166,63.82666666666667,537400701.5056256,11.144100189209,0.1460719384,68.685,0.528611089134214,25680000.3051758,2.60650056536867,3.523409532936832,320.0,22.55,3986.9,750.0,750.0,70954,4.5099642021591455,2012-01-01
Dominica,35,2013,0.724633113955448,3.5954024825330744,63.82666666666667,532027013.5390491,11.3922996520996,0.1460719384,68.982,0.536783678123223,20079999.9237061,2.52314676513744,2.39372562272068,240.0,22.61,3405.78,750.0,750.0,71019,3.3793773497233133,2013-01-01
Dominica,35,2014,0.715510911073626,2.374032477684082,63.82666666666667,555691295.0678575,9.79660034179688,0.1460719384,69.28,0.542148449696059,16290000.9155273,2.65936766450422,2.53196607165464,250.0,22.59,3377.44,750.0,750.0,71091,3.5166195439647776,2014-01-01
Dominica,35,2015,0.704344586487779,1.3241882871800494,63.82666666666667,540737037.037037,8.62759971618652,0.13659755,69.579,0.543341899434084,11710000.038147,2.58936132813684,2.5289778714436246,250.0,22.81,2697.64,750.0,750.0,71175,3.512469265893924,2015-01-01
Dominica,35,2016,0.697161812555651,7.334736697657823,63.82666666666667,554560951.882352,10.7102003097534,0.13659755,69.88,0.534979272596919,8569999.69482422,2.4741917222074,2.524296352391771,250.0,22.8,4135.88,750.0,750.0,71307,3.5059671560996817,2016-01-01
Dominica,35,2017,0.688516143284941,4.362368603634779,63.82666666666667,516853979.4078081,9.65670013427734,0.13659755,70.181,0.536843920708862,19219999.3133545,2.21839370185221,2.378953260565351,230.0,22.63,4042.82,750.0,750.0,71460,3.2185838231178283,2017-01-01
Dominica,35,2018,0.682010446741758,14.21721987769507,63.82666666666667,528298704.1610512,8.16709995269775,0.13659755,70.483,0.530360450471633,26940000.5340576,2.45839865678177,2.513053918967972,240.0,22.28,3612.46,750.0,750.0,71626,3.3507385586239637,2018-01-01
Dominica,35,2019,0.682010446741758,10.308815014415703,63.82666666666667,568298267.854584,7.841868566514066,0.13659755,70.786,0.515193013931098,51389999.3896484,2.4783654816878578,2.5611705737058936,241.30434782608697,22.62,2986.9,750.0,750.0,71808,3.3604103696814698,2019-01-01
Dominica,35,2020,0.6823186388338108,4.35925018903994,63.82666666666667,473932843.2065777,7.276371177746286,0.1341848813333333,71.09,0.5116605773720565,52489582.697550416,2.494035549315691,2.6234899530495857,243.9697542533081,22.68,3421.05,750.0,750.0,71991,3.3888924206263025,2020-01-01
Dominican Republic,36,1995,0.600712416230103,2.5088098596536,36.92154833367833,26116601780.766937,22.336344797758,0.117748004,57.598,0.314192696554308,107809997.558594,1.32850645269457,1.515492748079449,21600.0,24.3,1546.3,48310.0,48670.0,7819239,2.7624171610562103,1995-01-01
Dominican Republic,36,1996,0.597509094493146,0.7356773760318459,37.703125646864,27677806561.030487,20.3109488079126,0.108824719,58.441,0.314272117991746,82709999.0844727,1.3953506843365,1.6007009385162343,22520.0,23.89,1271.14,48310.0,48670.0,7952766,2.831719177956449,1996-01-01
Dominican Republic,36,1997,0.592419453951086,2.041715535024614,38.48470296004968,30137054145.518456,18.251133604809,0.099901434,59.276,0.308462173129546,64519996.643066406,1.50934321449597,1.7935762016929628,24180.0,24.33,1168.19,48310.0,48670.0,8084407,2.9909429349610925,1997-01-01
Dominican Republic,36,1998,0.585648059985045,3.0864380161093545,39.26628027323535,32160599929.10388,19.7510920020737,0.090978149,60.107,0.30499999142714,107400001.525879,1.59039052589933,2.0220521772242908,26090.0,24.53,1848.65,48310.0,48670.0,8214427,3.176119283791797,1998-01-01
Dominican Republic,36,1999,0.576631573445545,6.075452886510206,40.047857586421024,34070955367.416862,19.5372902109007,0.082054864,60.933,0.307959048907772,185490005.493164,1.65227831655793,2.132252895980577,26740.0,24.01,1145.92,48310.0,48670.0,8343288,3.204971469281655,1999-01-01
Dominican Republic,36,2000,0.575230440919174,4.0690014532827,40.82943489960671,35659262313.17571,19.1387004852295,0.073131579,61.753,0.311362165740172,61299999.237060495,1.6735052681299,2.202727155647699,27500.0,23.98,1451.7,48310.0,48670.0,8471317,3.246248487690875,2000-01-01
Dominican Republic,36,2001,0.576995799278764,4.249316338076066,41.03777685779341,36536307706.37975,18.9281005859375,0.0713688256,62.565,0.318046534338098,117290000.915527,1.71591560201959,2.20617335451973,28290.0,24.21,1467.38,48310.0,48670.0,8598599,3.29007085921788,2001-01-01
Dominican Republic,36,2002,0.581420669774471,3.4122513297335684,41.246118815980125,38178652517.39092,17.9902000427246,0.0696060722,63.371,0.320150262884766,161020004.272461,1.63618075818777,2.391984205339752,30690.0,24.35,1353.51,48310.0,48670.0,8724974,3.517488991944274,2002-01-01
Dominican Republic,36,2003,0.595653835207606,2.880554899042445,41.45446077416684,37664880029.09013,18.9782009124756,0.0678433188,64.605,0.309255743174727,85709999.0844727,1.45586311699375,2.1151784732682453,28360.0,24.34,1611.91,48310.0,48670.0,8850317,3.204404994758945,2003-01-01
Dominican Republic,36,2004,0.587711580893502,4.1862890814059535,41.66280273235355,38632918021.97574,20.7947998046875,0.0678433188,66.003,0.312473802156804,104110000.610352,1.37423531458318,1.922124646384779,27620.0,24.03,1362.17,48310.0,48670.0,8974444,3.077627984530295,2004-01-01
Dominican Republic,36,2005,0.591984740493204,3.125980875066678,41.87114469054026,42275321072.54938,19.5373001098633,0.0678433188,67.37,0.308285517742474,95000000.0,1.48543109159653,2.0511666037539644,28850.0,24.04,1510.46,48310.0,48670.0,9097262,3.171283843424538,2005-01-01
Dominican Republic,36,2006,0.590488161410265,4.035652720351168,42.07948664872696,46153809276.70536,18.1331996917725,0.0678433188,68.71,0.314331655980863,75000000.0,1.65003754372972,2.2042198878559742,30820.0,24.2,1418.85,48310.0,48670.0,9218681,3.3432114637658032,2006-01-01
Dominican Republic,36,2007,0.589718001241389,5.12425446246048,42.28782860691368,49576553487.21343,18.034200668335,0.0678433188,70.02,0.322809808127891,144630004.882813,1.63520944004256,2.20369604157083,32010.0,23.96,1527.56,48310.0,48670.0,9338856,3.4276146885657086,2007-01-01
Dominican Republic,36,2008,0.590747253675476,5.669691568806571,42.49617056510039,51167715084.12982,17.8195991516113,0.0678433188,71.3,0.33691328532901,177339996.33789098,1.58749069624547,2.1716883523599244,32190.0,23.58,1401.43,48310.0,48670.0,9458079,3.4034395356604654,2008-01-01
Dominican Republic,36,2009,0.556531033464048,3.512771866123226,42.7045125232871,51651841064.638695,17.4323997497559,0.0678433188,72.542,0.353730891193805,139630004.882813,1.48361252023682,2.0497589157725558,31690.0,23.94,1414.97,48310.0,48670.0,9576736,3.309060623577804,2009-01-01
Dominican Republic,36,2010,0.545585918768914,3.379491398255128,42.912854481473815,55959424375.3002,17.0319004058838,0.0660805654,73.753,0.345577313412619,193809997.558594,1.70049922876854,2.1289067475926284,33030.0,23.95,1374.74,48310.0,48670.0,9695117,3.406869664388785,2010-01-01
Dominican Republic,36,2011,0.530554180221607,3.786850661537172,43.03924653280894,57712869851.17197,16.8682994842529,0.0660805654,74.827,0.341614136311953,242619995.117188,1.73552793488892,2.126723147623629,33390.0,23.56,1423.35,48310.0,48670.0,9813219,3.402553229475466,2011-01-01
Dominican Republic,36,2012,0.536607284303777,5.629224567891218,43.16563858414407,59281140848.775215,16.5925998687744,0.0660805654,75.802,0.350695110273375,260119995.117188,1.59749023673963,2.1790537750999004,34160.0,24.04,1580.71,48310.0,48670.0,9930916,3.4397632605088995,2012-01-01
Dominican Republic,36,2013,0.541573353073744,2.5524007182514565,43.2920306354792,62171218046.814514,16.6590003967285,0.0660805654,76.749,0.350966879748256,146910003.66210902,1.61576253378842,2.1148011599261403,33930.0,24.16,1208.21,48310.0,48670.0,10048226,3.3767154520608917,2013-01-01
Dominican Republic,36,2014,0.537559537842222,3.550614844554092,43.41842268681432,66554577200.62396,17.4277992248535,0.064317812,77.67,0.362440305931044,166210006.71386698,1.51336003557223,2.097355462991218,34170.0,24.46,1242.37,48310.0,48670.0,10165182,3.361474492045494,2014-01-01
Dominican Republic,36,2015,0.537251242579959,3.129776532108856,43.54481473814945,71164825256.6849,15.0139999389648,0.064317812,78.566,0.365479516150146,279959991.455078,1.59650471757371,2.280756783306222,36520.0,24.73,1367.48,48310.0,48670.0,10281675,3.551950436091396,2015-01-01
Dominican Republic,36,2016,0.545178787309361,3.323570833760188,43.71227489132685,75903833487.12509,15.4193000793457,0.064317812,79.436,0.35878869452814,176699996.94824198,1.68241117156726,2.352434731477173,37790.0,24.57,1739.24,48310.0,48670.0,10397738,3.634444337797317,2016-01-01
Dominican Republic,36,2017,0.530337154817401,4.497488807725035,43.87973504450424,79446041234.73672,16.9815006256104,0.064317812,80.277,0.354815825810558,117709999.084473,1.79041877103635,2.224840962870077,37010.0,24.38,1447.54,48310.0,48670.0,10513111,3.520366140907292,2017-01-01
Dominican Republic,36,2018,0.540869368151907,3.207863798610538,44.047195197681646,84993382978.80948,16.0881996154785,0.064317812,81.074,0.350828363593825,89300003.0517578,1.7688437851294,2.363757648219226,39060.0,24.25,1203.9,48310.0,48670.0,10627147,3.6754925851689073,2018-01-01
Dominican Republic,36,2019,0.540869368151907,3.180974427490087,44.21465535085903,89287391492.91916,15.816541129292435,0.064317812,81.828,0.35187604223839,134440002.44140598,1.78798888653961,2.400638730833999,39819.13043478261,24.55,1201.31,48310.0,48670.0,10738957,3.707914133074805,2019-01-01
Dominican Republic,36,2020,0.5383759078153155,3.1140963532999053,44.38211550403643,83287065054.83553,15.621132099787213,0.062091554,82.54,0.3534461816418934,135549585.97818983,1.805060112722354,2.435418634847814,40571.26654064272,24.55,1254.95,48310.0,48670.0,10847904,3.740009732814995,2020-01-01
Ecuador,38,1995,0.574733737779395,1.8519303403166527,51.22581635601792,50573908255.36257,20.3541287176924,0.263902714,57.766,0.293798868398767,187619995.117188,2.08950772651974,1.726725973040203,41420.0,21.78,1854.92,276840.0,283560.0,11455205,3.615823549207544,1995-01-01
Ecuador,38,1996,0.572976692207212,1.9807825720697176,50.90010114145355,51449720654.54997,19.2914602584483,0.327265999,58.277,0.294399810358077,238429992.67578095,2.08683899545788,1.9217017202776443,44800.0,21.13,1790.45,276840.0,283560.0,11703169,3.828022991037727,1996-01-01
Ecuador,38,1997,0.56232852719162,2.570657754668791,50.57438592688918,53676394986.100494,16.5427927492045,0.390629284,58.785,0.298288842763716,158100006.10351598,2.26154954650806,1.97047104800695,46850.0,22.25,2662.38,276840.0,283560.0,11951457,3.920024144336544,1997-01-01
Ecuador,38,1998,0.563232909829196,3.10908156656419,56.01079884039299,55429750211.192665,18.1907489665558,0.453992569,59.291,0.303222284238932,181059997.558594,2.14990242621961,1.9166371068977703,45770.0,22.38,3234.79,248360.0,256370.0,12198449,3.752116355120229,1998-01-01
Ecuador,38,1999,0.563891249617083,3.3005904881222485,55.6477331293284,52802720505.7765,21.0557797500684,0.517355854,59.796,0.289421040309475,153130004.882813,1.74512898458896,1.6653125286074892,43140.0,21.11,2445.14,248360.0,256370.0,12442109,3.467257841898025,1999-01-01
Ecuador,38,2000,0.562676331294935,-0.1278899421961377,55.28466741826381,53379221434.28194,19.4284992218018,0.580719139,60.299,0.285840673284046,155169998.168945,1.70913954973142,1.6851819826997971,42360.0,21.07,2189.38,248360.0,256370.0,12681123,3.3403981650521013,2000-01-01
Ecuador,38,2001,0.557325875264478,2.2010848604505973,55.00188838782413,55522733410.36261,17.0545997619629,0.5379675448,60.799,0.284484416555077,171250000.0,2.00802256149037,1.8134430174700689,46750.0,21.17,1866.26,248360.0,256370.0,12914660,3.619917210364036,2001-01-01
Ecuador,38,2002,0.566677635221194,2.7435725192296947,54.71910935738444,57797375793.07584,17.095100402832,0.4952159506,61.118,0.283682847611149,233520004.272461,1.99228338858456,1.7948082944642072,47130.0,21.7,2265.71,248360.0,256370.0,13143465,3.5858124170452768,2002-01-01
Ecuador,38,2003,0.554907381220147,2.6871311002675715,54.43633032694476,59371127439.900055,16.550199508667,0.4524643564,61.316,0.284713192338363,202830001.831055,1.77770461148408,1.7921149634269429,47710.0,21.53,2521.4,248360.0,256370.0,13369678,3.568522742282948,2003-01-01
Ecuador,38,2004,0.551664866147885,2.2872413304650068,54.15355129650508,64246103132.85107,16.7320003509521,0.4524643564,61.514,0.289871004345369,184350006.103516,1.74454729784902,1.869613919577182,50290.0,21.56,1857.25,248360.0,256370.0,13596390,3.698775925080113,2004-01-01
Ecuador,38,2005,0.552725184800234,1.1887460551509317,53.870772266065394,67645562499.14112,16.1578998565674,0.4524643564,61.711,0.286714628288623,257799987.792969,1.8377283325632,1.963714462464086,51790.0,21.42,1548.35,248360.0,256370.0,13825839,3.745884788619338,2005-01-01
Ecuador,38,2006,0.550308139297127,0.5799508511423133,53.58799323562571,70624352725.10506,14.1922998428345,0.4524643564,61.907,0.285263556198803,213869995.117188,1.75664782634518,2.0705039674938703,54280.0,21.51,1849.68,248360.0,256370.0,14059379,3.8607679613729737,2006-01-01
Ecuador,38,2007,0.549676186950212,0.3800842505447748,53.30521420518601,72171071229.76909,15.8769998550415,0.4524643564,62.104,0.288580560543729,230059997.558594,1.79793912828121,2.0690300613700336,54400.0,20.99,1949.41,248360.0,256370.0,14296554,3.805112756542591,2007-01-01
Ecuador,38,2008,0.544134105184777,1.7120448636215406,53.02243517474633,76759080483.19836,15.3199996948242,0.4524643564,62.3,0.29331973045033,248419998.168945,1.96339613055207,2.0831412779810314,55700.0,21.3,2481.23,248360.0,256370.0,14535740,3.831934253089282,2008-01-01
Ecuador,38,2009,0.510179969393249,0.4936523355363621,52.73965614430666,77193914220.30902,12.8745002746582,0.4524643564,62.495,0.29397364163522,223559997.558594,2.00187661697381,2.1950112126289696,59010.0,21.83,1777.96,248360.0,256370.0,14774412,3.994067581166682,2009-01-01
Ecuador,38,2010,0.506116184588232,0.2385054202411699,52.45687711386696,79915230250.82047,11.7878999710083,0.4524643564,62.69,0.288754301672836,168529998.779297,2.08810664773329,2.308289711209974,61800.0,21.59,2566.4,248360.0,256370.0,15011114,4.116949614798742,2010-01-01
Ecuador,38,2011,0.500317668503151,0.8149742005893487,52.28856498631019,86203073182.78622,13.1541004180908,0.4097127622,62.851,0.294408497582804,181300003.051758,2.0770931830424,2.328802664150248,62780.0,21.37,2261.38,248360.0,256370.0,15243885,4.118372711418382,2011-01-01
Ecuador,38,2012,0.503822130806769,0.645345741976643,52.12025285875343,91066617872.099,13.2017002105713,0.4097127622,62.988,0.300881594633297,148059997.55859402,1.93881881818924,2.367181443003564,63970.0,21.59,2429.89,248360.0,256370.0,15474099,4.134004829618836,2012-01-01
Ecuador,38,2013,0.519071673156019,0.7643054899034359,51.95194073119664,95571238385.53284,11.8475999832153,0.4097127622,63.125,0.308685042192225,150520004.272461,1.94586608379662,2.510270111557728,66980.0,21.34,2057.13,248360.0,256370.0,15707473,4.264212327469861,2013-01-01
Ecuador,38,2014,0.504588143404542,0.7592822217200755,51.78362860363988,99192306978.81122,12.1782999038696,0.4097127622,63.261,0.315970474281962,165050003.05175802,2.01346282325318,2.5827754454786134,67820.0,21.86,2082.46,248360.0,256370.0,15951832,4.251549289134941,2014-01-01
Ecuador,38,2015,0.494146710240311,1.3321545591687074,51.61531647608311,99290381000.0,13.0735998153687,0.366961168,63.398,0.314742973418754,318160003.66210896,1.88149122238519,2.511716305344269,66420.0,22.37,2678.72,248360.0,256370.0,16212022,4.096959651300745,2015-01-01
Ecuador,38,2016,0.488447474863674,0.7645251979015395,51.356538895152205,98072699669.12917,14.7540998458862,0.366961168,63.534,0.332800081295655,243710006.71386695,1.67105414519874,2.365516075443287,65010.0,22.2,2048.99,248360.0,256370.0,16491116,3.942122534339095,2016-01-01
Ecuador,38,2017,0.499179688465443,0.6035833063628152,51.09776131422129,100395440274.10728,17.0513000488281,0.366961168,63.67,0.333439841420145,211110000.610352,1.68048890872201,2.2495799314593032,64060.0,21.96,2674.52,248360.0,256370.0,16785356,3.816421885839061,2017-01-01
Ecuador,38,2018,0.493468154309464,1.2908431043238051,50.83898373329039,101689830586.56584,16.3302001953125,0.366961168,63.821,0.336803797241038,404010009.765625,1.70246786871039,2.3138123004790523,65680.0,21.76,1805.1,248360.0,256370.0,17084359,3.844452109675288,2018-01-01
Ecuador,38,2019,0.493468154309464,0.90087265989981,50.58020615235947,101702140245.14394,16.155246781295983,0.366961168,63.986,0.336991647292766,525049987.792969,1.6856400488056356,2.339337792976393,66734.78260869565,22.24,2469.69,248360.0,255187.8260869565,17373657,3.8411476989959934,2019-01-01
Ecuador,38,2020,0.4900820883315502,1.1641180717676736,50.32142857142857,93820098898.98473,16.01888967359371,0.37125527025,64.166,0.3387913464133493,539109570.8211266,1.6681966163424946,2.3574958830937303,67688.46880907372,22.04,2140.46,248360.0,253954.2533081285,17643060,3.8365492612434418,2020-01-01
"Egypt, Arab Rep.",39,1995,0.454558364086136,0.994028431372549,0.051745441760008,136218680408.50565,9.00303478997945,0.137202667,42.814,0.348156282926626,2028069946.28906,1.42782859045758,1.4738339133402665,147520.0,22.57,24.69,995450.0,1001450.0,62334025,2.366604755588942,1995-01-01
"Egypt, Arab Rep.",39,1996,0.457842603529528,0.940414995640802,0.0532924807875835,143014263359.89746,8.67807588105338,0.130549527,42.681,0.348732646744582,2193899902.34375,1.47186025612868,1.521501838191825,154940.0,22.79,28.02,995450.0,1001450.0,63601632,2.43610101074136,1996-01-01
"Egypt, Arab Rep.",39,1997,0.466073955116026,1.1353758931929296,0.0548395198151589,150869114032.5828,8.34474039980954,0.123896387,42.658,0.34912772016155,2009459960.9375,1.54916632601352,1.6020398362091484,164360.0,22.29,34.87,995450.0,1001450.0,64892269,2.532813269327969,1997-01-01
"Egypt, Arab Rep.",39,1998,0.461586457266507,1.268437021572721,0.0563865588427344,159280817655.1434,8.24850218282009,0.117243247,42.704,0.349536057316416,1974140014.64844,1.58506105746889,1.6505977718304696,171180.0,23.07,37.57,995450.0,1001450.0,66200259,2.5857904876172766,1998-01-01
"Egypt, Arab Rep.",39,1999,0.460647038010583,1.1743928153446033,0.0579335978703099,168922784444.32523,8.55974210179817,0.110590107,42.75,0.348845587358064,1620250000.0,1.63138980156269,1.6984225169561205,180010.0,23.1,24.59,995450.0,1001450.0,67515591,2.666198982098816,1999-01-01
"Egypt, Arab Rep.",39,2000,0.457401970265601,1.2369972067039108,0.0594806368978853,179683172290.31958,7.8206000328064,0.103936967,42.797,0.347740725677907,1370829956.05469,1.58921268805336,1.63965480893278,181320.0,22.28,36.69,995450.0,1001450.0,68831561,2.6342566893114627,2000-01-01
"Egypt, Arab Rep.",39,2001,0.460816090710275,0.5273847226094229,0.0601265759204379,186035425177.24588,7.4488000869751,0.108290255,42.843,0.344489970412219,1300390014.64844,1.5750874518185,1.7819708680477442,193700.0,23.04,24.8,995450.0,1001450.0,70152662,2.76112116743339,2001-01-01
"Egypt, Arab Rep.",39,2002,0.464565358792058,0.7597532330430193,0.0607725149429906,190482051403.0531,6.87060022354126,0.112643543,42.889,0.343748831831112,1308729980.46875,1.56671365525509,1.7869472109438724,198580.0,23.16,33.16,995450.0,1001450.0,71485044,2.777923729053031,2002-01-01
"Egypt, Arab Rep.",39,2003,0.466543694973075,0.2956838323353293,0.0614184539655432,196565009500.48825,7.02710008621216,0.116996831,42.935,0.334007553493265,1017179992.67578,1.50924052124381,1.802101120282396,202880.0,22.96,26.59,995450.0,1001450.0,72826102,2.785814349915364,2003-01-01
"Egypt, Arab Rep.",39,2004,0.456088189052248,1.590836183803833,0.0620643929880958,204608590453.47183,7.2140998840332,0.116996831,42.981,0.333120635533637,1502839965.82031,1.54556348921445,1.9237698803429697,216080.0,22.93,32.15,995450.0,1001450.0,74172073,2.913225844449568,2004-01-01
"Egypt, Arab Rep.",39,2005,0.448381193545443,5.999509006499536,0.0627103320106484,213758163779.3649,6.18889999389648,0.116996831,43.027,0.32401261648378,1046310058.59375,1.74235777256571,2.1263558812416403,234070.0,22.9,37.22,995450.0,1001450.0,75523576,3.0992970989615216,2005-01-01
"Egypt, Arab Rep.",39,2006,0.444458624859758,9.34856726566294,0.063356271033201,228387426641.27988,5.98339986801147,0.116996831,43.073,0.283579712715533,909030029.296875,1.83165273670687,2.200103104222811,244690.0,22.91,26.97,995450.0,1001450.0,76873670,3.1830144183307496,2006-01-01
"Egypt, Arab Rep.",39,2007,0.445662898340476,8.876336063372719,0.0640022100557536,244575133307.4827,5.83610010147095,0.116996831,43.078,0.297906740740619,1138689941.40625,1.89262220661963,2.3293500250613164,259780.0,23.03,28.02,995450.0,1001450.0,78232124,3.320630793559945,2007-01-01
"Egypt, Arab Rep.",39,2008,0.443829428107586,5.831412618648799,0.0646481490783063,262077623372.81555,5.94180011749268,0.116996831,43.058,0.3247257171844,1688530029.29688,1.87529368848351,2.374802948929644,268900.0,23.34,29.23,995450.0,1001450.0,79636081,3.376610157398378,2008-01-01
"Egypt, Arab Rep.",39,2009,0.443182054630928,3.548351180195739,0.0652940881008589,274326082655.67477,5.67220020294189,0.116996831,43.039,0.335262561070654,982739990.234375,1.75737811601879,2.409447321049913,274960.0,23.18,22.5,995450.0,1001450.0,81134789,3.3889285149925024,2009-01-01
"Egypt, Arab Rep.",39,2010,0.407732603706199,2.9160165755014087,0.0659400271234115,288446290408.7242,5.32999992370605,0.121350119,43.019,0.338511854374067,599159973.144531,1.95623010214507,2.3742997386554507,276450.0,24.47,23.56,995450.0,1001450.0,82761244,3.340331617054958,2010-01-01
"Egypt, Arab Rep.",39,2011,0.406525840624321,-0.2045428488075268,0.0624802852981063,293536132737.95184,5.29979991912842,0.121350119,43.0,0.325046886328735,423730010.986328,1.92946567177677,2.385091522933286,283190.0,22.75,28.18,995450.0,1001450.0,84529251,3.350201222059805,2011-01-01
"Egypt, Arab Rep.",39,2012,0.407201163809473,1.0023407177404908,0.0590205434728012,300070833527.9744,5.28980016708374,0.121350119,42.946,0.327628291565126,1813430053.71094,1.95775976851149,2.4578164139230827,293980.0,23.41,29.69,995450.0,1001450.0,86422240,3.4016706810654296,2012-01-01
"Egypt, Arab Rep.",39,2013,0.424194603325871,1.4534342076972695,0.0555608016474961,306628779734.8204,5.28299999237061,0.121350119,42.893,0.322652732834624,5512509765.625,1.95349478725077,2.380304602070036,291230.0,23.31,34.82,995450.0,1001450.0,88404652,3.294283653760664,2013-01-01
"Egypt, Arab Rep.",39,2014,0.422394356614799,1.5092504225352112,0.0521010598221909,315569804747.0375,5.33799982070923,0.121350119,42.839,0.331252629367213,3537600097.65625,1.93166967620929,2.3959170079562804,297280.0,23.55,35.62,995450.0,1001450.0,90424668,3.2875984681525177,2014-01-01
"Egypt, Arab Rep.",39,2015,0.428466546005628,2.1025812840132576,0.0486413179968858,329366576819.407,5.11600017547607,0.125703407,42.785,0.332375788794727,2524530029.29688,1.96318681489814,2.4442207884163816,306350.0,23.35,34.9,995450.0,1001450.0,92442549,3.3139501594660703,2015-01-01
"Egypt, Arab Rep.",39,2016,0.425195765222971,2.4385627814276227,0.0451855944547692,343682967568.3433,4.91690015792847,0.125703407,42.732,0.329154872920944,2437350097.65625,1.92868259528221,2.4771546382841243,315780.0,23.73,28.42,995450.0,1001450.0,94447071,3.343459957588309,2016-01-01
"Egypt, Arab Rep.",39,2017,0.428936985289513,3.1428260518731994,0.0451855944547692,358053111984.86224,4.85400009155273,0.125703407,42.705,0.333773625760566,33110000.6103516,1.82151369270628,2.4749439018591266,320370.0,23.2,23.2,995450.0,1001450.0,96442590,3.3218726290946767,2017-01-01
"Egypt, Arab Rep.",39,2018,0.43455996331829,3.2602627890205973,0.0451855944547692,377080487734.1443,4.74440002441406,0.125703407,42.704,0.335442041248472,2080850097.65625,1.83631018042192,2.5020421422902204,329220.0,23.98,50.37,995450.0,1001450.0,98423602,3.344929400165623,2018-01-01
"Egypt, Arab Rep.",39,2019,0.43455996331829,2.972836962853009,0.0451855944547692,398037429245.4196,4.559241991128608,0.125703407,42.73,0.339918534292277,1740589965.82031,1.8540702495508044,2.54674684789674,337120.0,23.28,38.03,995450.0,1001450.0,100388076,3.358167756895749,2019-01-01
"Egypt, Arab Rep.",39,2020,0.4337266966196297,1.6021238941076006,0.0451855944547692,412246049856.4616,4.380162256784052,0.1252242711666666,42.783,0.3395752947658457,1728611633.3007789,1.8706880753517665,2.5913227178839104,345040.8695652174,23.11,38.18,995450.0,1001450.0,102334403,3.3716996381482525,2020-01-01
El Salvador,40,1995,0.600530682357087,0.4263331554586453,33.60907335907336,15980756332.82904,54.7469792439305,0.104238792,53.988,0.295386086512651,279190002.441406,1.45916067539687,0.8812134878252185,9890.0,25.11,1898.97,20720.0,21040.0,5628602,1.7570970553611711,1995-01-01
El Salvador,40,1996,0.59419374069097,0.5019810912066518,33.391891891891895,16110434081.694395,56.9374449300046,0.1010310664,55.268,0.29317662905872,274070007.324219,1.43129882199488,0.7715367271693231,9810.0,24.66,1900.19,20720.0,21040.0,5689943,1.72409459989318,1996-01-01
El Salvador,40,1997,0.591812288123366,0.5776290269546583,33.174710424710426,16615974680.78668,53.0623627625105,0.0978233408,56.537,0.297748411671744,265940002.441406,1.56628178173479,0.9258150653082478,10640.0,25.22,1688.92,20720.0,21040.0,5746288,1.8516301306164955,1997-01-01
El Salvador,40,1998,0.588789125188198,10.082449141747436,32.95752895752896,17056676405.446283,51.5865789810863,0.0946156152,57.8,0.302437145197991,187470001.220703,1.47702307947957,0.9779632285826052,10720.0,25.42,1726.79,20720.0,21040.0,5797764,1.8489886790838677,1998-01-01
El Salvador,40,1999,0.587476915066556,1.912409008811172,32.740347490347496,17425447503.78214,51.0075738711141,0.0914078896,58.357,0.309027676486458,197940002.441406,1.64468542948007,0.9598219555936062,10890.0,24.56,1682.15,20720.0,21040.0,5844834,1.8631837961522943,1999-01-01
El Salvador,40,2000,0.583279041525835,1.4713709274601658,32.52316602316602,17621990341.906193,33.5099983215332,0.088200164,58.912,0.311809218025313,192440002.441406,1.65084810455368,0.9561934330061668,10760.0,24.84,1693.43,20720.0,21040.0,5887930,1.8274673781787487,2000-01-01
El Salvador,40,2001,0.572321163700386,2.2707041485317,32.30598455598456,17776995776.096813,33.1138000488281,0.0854474884,59.464,0.309416239831099,252949996.948242,1.81690634367902,0.9903828259856882,11360.0,25.2,1635.51,20720.0,21040.0,5927001,1.916652283338572,2001-01-01
El Salvador,40,2002,0.563274812406943,3.7112518752975454,32.08880308880309,18056613422.087734,34.0177001953125,0.0826948128,60.014,0.309662239612151,249460006.71386695,1.84941327613959,0.9962867353478342,11560.0,25.38,1561.61,20720.0,21040.0,5962139,1.938901458016997,2002-01-01
El Salvador,40,2003,0.557715496242508,1.0661518371464849,31.87162162162162,18339270390.31769,33.8459014892578,0.0799421372,60.561,0.310028772210398,211419998.168945,1.84736544614078,1.086072496590383,12090.0,25.45,1615.45,20720.0,21040.0,5994075,2.01699177938214,2003-01-01
El Salvador,40,2004,0.553354157533725,2.646812423477543,31.65444015444016,18502380683.8124,33.3302993774414,0.0799421372,61.107,0.324526855046292,237339996.33789095,1.87455829351337,1.1089343754881678,12390.0,25.34,1683.57,20720.0,21040.0,6023801,2.0568408551344906,2004-01-01
El Salvador,40,2005,0.554655921618522,3.4776160021771667,31.43725868725869,19003868853.25264,34.0820007324219,0.0799421372,61.648,0.318858197773674,218490005.493164,1.8976098070553,1.130181734544765,12740.0,25.24,1778.47,20720.0,21040.0,6052124,2.1050460962134947,2005-01-01
El Salvador,40,2006,0.554156753245318,1.5070728611259203,31.22007722007722,19829551394.856277,34.7615013122559,0.0799421372,62.187,0.33725695092288,178240005.493164,1.99537051952168,1.1892630763423004,13210.0,25.25,1921.6,20720.0,21040.0,6079395,2.172913587618505,2006-01-01
El Salvador,40,2007,0.555197729270204,9.114347436330773,31.002895752895757,20198322493.19213,28.2444000244141,0.0799421372,62.774,0.341177870834971,107529998.779297,2.05179523597511,1.2496294512931123,13820.0,25.17,1676.74,20720.0,21040.0,6105810,2.2634179576501725,2007-01-01
El Salvador,40,2008,0.534375377097527,5.020601115590299,30.78571428571429,20627880036.30862,31.5016994476318,0.0799421372,63.678,0.347000781789497,243309997.558594,1.95652272533969,1.1269182276495502,13260.0,25.14,1977.33,20720.0,21040.0,6131767,2.162508784172654,2008-01-01
El Salvador,40,2009,0.53740123421457,2.094863995473144,30.568532818532816,20197309385.77912,32.1996994018555,0.0799421372,64.57,0.357609940793278,292420013.427734,1.88310046787647,1.084824506900166,12870.0,25.51,1469.48,20720.0,21040.0,6157678,2.0900735634438825,2009-01-01
El Salvador,40,2010,0.536812483434192,-0.6134061928080944,30.35135135135135,20622814499.24357,32.619800567627,0.0771894616,65.452,0.354219220475343,302420013.427734,1.92360111794413,1.0575889526910058,12620.0,25.09,1787.85,20720.0,21040.0,6183877,2.040790914825764,2010-01-01
El Salvador,40,2011,0.537065012902261,0.6039308467888382,30.13416988416989,21409998959.1528,29.5237998962402,0.0771894616,66.325,0.357234518958508,297390014.64843804,1.91145365586698,1.0916877637742255,12550.0,25.21,1760.57,20720.0,21040.0,6210567,2.020749474242851,2011-01-01
El Salvador,40,2012,0.540675091628445,2.011239458866715,29.916988416988417,22012797869.894096,30.269100189209,0.0771894616,67.187,0.354713087793096,219910003.66210905,1.92351946331876,1.0852973153559793,12700.0,25.32,1651.51,20720.0,21040.0,6237922,2.0359344025141706,2012-01-01
El Salvador,40,2013,0.525107238422375,1.114908572795949,29.699806949806952,22504154965.204235,27.5429992675781,0.0771894616,68.036,0.353221133250428,169139999.38964802,1.84204576388052,1.0309482361848148,11940.0,25.3,1962.53,20720.0,21040.0,6266076,1.9054987523292088,2013-01-01
El Salvador,40,2014,0.532656366840848,2.2408951362934952,29.482625482625487,22889135782.14826,23.9479999542236,0.0771894616,68.874,0.361697544335449,98069999.6948242,1.93074163937441,1.046841968482273,12260.0,25.38,1507.8,20720.0,21040.0,6295124,1.9475390794526048,2014-01-01
El Salvador,40,2015,0.543864383812983,2.109978044820336,29.26544401544401,23438240000.0,21.0300998687744,0.074436786,69.7,0.355060087642121,89699996.9482422,1.94461747291855,1.1066981959712707,12700.0,25.7,1608.88,20720.0,21040.0,6325121,2.0078667269764483,2015-01-01
El Salvador,40,2016,0.539633434360499,1.9819803158135796,29.04826254826255,24034960266.26324,20.710599899292,0.074436786,70.501,0.343843722880213,128970001.220703,2.00174904293548,1.1280436529294444,12720.0,25.75,1685.09,20720.0,21040.0,6356137,2.0012155181677174,2016-01-01
El Salvador,40,2017,0.557517916057924,2.016884515402625,28.831081081081084,24574946517.39788,24.9873008728027,0.074436786,71.275,0.337311275411422,151619995.117188,1.9765480112436,0.9987282651369948,11940.0,25.57,1708.33,20720.0,21040.0,6388124,1.8690933363222129,2017-01-01
El Salvador,40,2018,0.557886563834118,1.586204787163651,28.61389961389961,25172679891.07413,23.2124996185303,0.074436786,72.023,0.342165821254612,253440002.441406,2.02803597491008,1.060625410778197,12350.0,25.05,1581.02,20720.0,21040.0,6420740,1.9234543058899756,2018-01-01
El Salvador,40,2019,0.557886563834118,2.588749059395356,28.396718146718147,25772439479.5764,21.84143528699116,0.074436786,72.746,0.345459776381367,305640014.64843804,2.0527696835845672,1.068425929167457,12456.95652173913,25.52,1384.97,20720.0,21040.0,6453550,1.9302487036962803,2019-01-01
El Salvador,40,2020,0.5561097255623277,1.2115112618936008,28.17953667953668,23560825996.97428,20.315521824251444,0.07319503575,73.444,0.3475461801258968,306742098.4903977,2.079790155827597,1.0813341553412887,12572.0415879017,25.77,1720.42,20720.0,21040.0,6486201,1.938275053132288,2020-01-01
Equatorial Guinea,41,1995,0.453106444038941,89.47561290381077,94.73672014260252,352638311.5639948,82.4828663067454,0.0872513009,40.494,0.297604371546179,33400001.5258789,0.855827781182133,2.013012110280856,1400.0,24.42,2151.37,28050.0,28050.0,496768,2.8182169543931974,1995-01-01
Equatorial Guinea,41,1996,0.453106444038941,161.82375055772104,94.43878787878788,587424889.6055632,76.748225528765,0.0872513009,42.187,0.297660235144632,30819999.6948242,0.801758057379025,2.9272415691565667,3420.0,24.2,2308.36,28050.0,28050.0,515844,6.629911368553284,1996-01-01
Equatorial Guinea,41,1997,0.453106444038941,12.083869414185466,94.14085561497323,1468403404.812934,66.0291299283132,0.0872513009,43.893,0.294099892817222,23889999.3896484,1.09071628297827,3.0384428260127985,5050.0,24.18,2121.94,28050.0,28050.0,536459,9.41358053457953,1997-01-01
Equatorial Guinea,41,1998,0.453106444038941,74.12389916090756,93.84292335115865,1817508712.8227255,68.0176239414465,0.0872513009,45.616,0.290608161008468,22159999.8474121,0.930455983350382,2.88274222196757,6540.0,24.94,2474.29,28050.0,28050.0,558496,11.710021199793731,1998-01-01
Equatorial Guinea,41,1999,0.453106444038941,24.841689067435667,93.54499108734402,2283954429.5238304,61.8190191954126,0.0872513009,47.35,0.289117029275324,20239999.7711182,1.15011747170198,3.1284109563139757,8260.0,24.38,2367.4,28050.0,28050.0,581765,14.198172801732658,1999-01-01
Equatorial Guinea,41,2000,0.453106444038941,14.7705365185534,93.2470588235294,2699948863.6347117,45.8460006713867,0.0872513009,49.092,0.287773360616268,21270000.4577637,1.12641999888244,3.876736282952258,10300.0,24.35,2258.14,28050.0,28050.0,606180,16.99165264442905,2000-01-01
Equatorial Guinea,41,2001,0.453106444038941,64.38410045289872,92.94912655971478,4411173089.94672,46.1240005493164,0.0872513009,50.832,0.287189587059204,13239999.7711182,1.21873693882621,4.321931665985923,12580.0,24.43,2388.69,28050.0,28050.0,631662,19.915714416887518,2001-01-01
Equatorial Guinea,41,2002,0.453106444038941,17.899145237087406,92.65119429590015,5269712387.480439,31.308500289917,0.0872513009,52.573,0.286875156515541,20149999.6185303,2.11095504032399,6.121010711009314,15770.0,24.65,2563.88,28050.0,28050.0,658388,23.9524414175228,2002-01-01
Equatorial Guinea,41,2003,0.453106444038941,27.760575286909667,92.35326203208557,6005113942.106751,29.4871997833252,0.0872513009,54.307,0.297187101499668,20930000.3051758,1.86480565535499,7.514526628511512,18800.0,24.64,2387.5,28050.0,28050.0,686670,27.378507871321013,2003-01-01
Equatorial Guinea,41,2004,0.453106444038941,7.729147202704654,92.05532976827094,8286980786.337987,7.20060014724731,0.0872513009,56.033,0.289733042230415,29149999.6185303,2.45858645232069,10.112295295760228,22790.0,24.63,2334.28,28050.0,28050.0,716949,31.7874772124656,2004-01-01
Equatorial Guinea,41,2005,0.453106444038941,9.36000533172778,91.75739750445632,9674942387.464956,7.1048002243042,0.0872513009,57.74,0.308553167655766,38130001.0681152,3.50256680768527,10.793473750778825,25520.0,24.6,1775.81,28050.0,28050.0,749527,34.04813969343333,2005-01-01
Equatorial Guinea,41,2006,0.453106444038941,4.654782915087968,91.45946524064172,10420388726.903955,6.99249982833862,0.0872513009,59.431,0.240474111728291,26209999.084472697,3.83795205855316,11.676316198721723,26360.0,24.66,2016.74,28050.0,28050.0,784494,33.60127674653981,2006-01-01
Equatorial Guinea,41,2007,0.453106444038941,9.507021302530262,91.1615329768271,12012844403.002668,8.49090003967285,0.0872513009,61.1,0.247035029900125,31360000.6103516,3.1422691707948,9.188424775400822,24520.0,24.61,3145.62,28050.0,28050.0,821686,29.841082846732206,2007-01-01
Equatorial Guinea,41,2008,0.453106444038941,-4.0196284164269365,90.86360071301247,14151023688.31638,7.19199991226196,0.0872513009,62.745,0.246153746571039,32080001.831054702,3.82463024856348,10.431683508762964,25710.0,24.43,2338.57,28050.0,28050.0,860839,29.866211916514004,2008-01-01
Equatorial Guinea,41,2009,0.453106444038941,10.887955326380382,90.56566844919786,14341122354.858374,9.18200016021729,0.0872513009,64.358,0.248269960802232,31780000.6866455,4.0180635979365,10.714416435870447,26160.0,24.58,2091.22,28050.0,28050.0,901589,29.01543829838208,2009-01-01
Equatorial Guinea,41,2010,0.453106444038941,16.758156733376854,90.26773618538324,13061295371.52323,5.71990013122559,0.0872513009,65.94,0.245440071950742,85069999.6948242,3.6266829182888,10.08859310754101,25790.0,24.8,1881.63,28050.0,28050.0,943640,27.33033784070196,2010-01-01
Equatorial Guinea,41,2011,0.453106444038941,9.247404683917203,89.96976827094474,13913404306.636902,5.54670000076294,0.0872513009,67.488,0.243327237348078,24549999.237060502,3.56801925147878,9.839278277285253,25530.0,24.45,1999.08,28050.0,28050.0,986861,25.86990467755844,2011-01-01
Equatorial Guinea,41,2012,0.453106444038941,4.400756063259665,89.67180035650624,15070007775.848707,4.39050006866455,0.0872513009,69.0,0.242739754147276,14449999.8092651,3.46873762634012,9.707222037430505,25380.0,24.51,2589.09,28050.0,28050.0,1031191,24.61231721378484,2012-01-01
Equatorial Guinea,41,2013,0.453106444038941,2.655943792678768,89.37383244206774,14447134440.309149,3.66230010986328,0.0872513009,69.544,0.244282419524774,4630000.11444092,3.1801059637576,8.686265110385243,24270.0,24.54,2048.54,28050.0,28050.0,1076412,22.547128794550787,2013-01-01
Equatorial Guinea,41,2014,0.453106444038941,0.7712919272816303,89.07586452762924,14507099626.917269,4.1774001121521,0.0872513009,70.083,0.240392389170071,519999.980926514,2.63248672970892,7.208584720473539,22560.0,24.56,2057.35,28050.0,28050.0,1122273,20.102060728539318,2014-01-01
Equatorial Guinea,41,2015,0.453106444038941,1.7695584390834844,88.77789661319073,13185496881.405462,4.53450012207031,0.0872513009,70.616,0.239837038729555,7489999.771118159,2.2843894642959,6.1100057762659645,21160.0,24.74,1614.97,28050.0,28050.0,1168575,18.1075241212588,2015-01-01
Equatorial Guinea,41,2016,0.453106444038941,0.4803819158964452,88.47985739750445,12023008462.202358,3.93210005760193,0.0872513009,71.138,0.246365347482781,6920000.07629395,2.26011553751288,4.608366984013081,19140.0,24.93,2040.61,28050.0,28050.0,1215181,15.750740013216138,2016-01-01
Equatorial Guinea,41,2017,0.453106444038941,2.4983968603266264,88.18181818181819,11341604102.079042,3.52480006217957,0.0872513009,71.646,0.237574876965177,6929999.82833862,1.96390759206839,4.461144461841763,18700.0,24.71,2132.89,28050.0,28050.0,1262008,14.817655672547245,2017-01-01
Equatorial Guinea,41,2018,0.453106444038941,3.0241842511269788,87.88377896613191,10634279180.044456,4.90469980239868,0.0872513009,72.143,0.243038726924063,6719999.79019165,2.02174458093,5.095625096450175,19270.0,24.82,2252.11,28050.0,28050.0,1308966,14.72154356950448,2018-01-01
Equatorial Guinea,41,2019,0.453106444038941,3.961426798208104,87.58573975044564,9998462337.559551,1.5317360413401273,0.0872513009,72.627,0.237078999872076,64069999.69482421,2.0724366157016463,5.2296517480227545,20046.95652173913,24.7,2375.29,28050.0,28050.0,1355982,14.78408748916957,2019-01-01
Equatorial Guinea,41,2020,0.453106444038941,5.287390940429918,87.28770053475937,9509201933.423937,1.5317360413401273,0.0872513009,73.1,0.234557109385655,65347916.28519692,2.12768350954176,5.329756538408241,20769.867674858226,24.96,2028.56,28050.0,28050.0,1402985,14.8040554067636,2020-01-01
Estonia,42,1995,0.379780609498701,4.592689682118997,52.42734135409295,10249896461.048944,12.3233857076765,0.675218824,70.3,0.453471601872403,876979980.46875,4.41821471055636,11.297240633313704,19170.0,6.18,650.33,42390.0,45230.0,1436634,13.343690877425985,1995-01-01
Estonia,42,1996,0.382298071349573,3.465317036822177,52.50516631280963,10756550328.458458,19.5448295450023,0.6317192974,70.111,0.459455458750347,816500000.0,5.55435617745676,12.157440622099273,20040.0,4.85,572.34,42390.0,45230.0,1415594,14.15660139842356,1996-01-01
Estonia,42,1997,0.385590867938913,5.3167878717308,52.5829912715263,12160281732.28778,19.7399019668,0.5882197708,69.923,0.463336467291774,578909973.144531,6.35884793935423,12.02542272969236,19620.0,5.92,693.55,42390.0,45230.0,1399535,14.01894200573762,1997-01-01
Estonia,42,1998,0.412970842636936,10.49664237249932,52.66081623024298,12688016741.025274,17.7464860861161,0.5447202442,69.733,0.468210534359601,660239990.234375,6.13120084284346,11.73028144018422,19030.0,5.46,742.06,42390.0,45230.0,1386156,13.728613518247585,1998-01-01
Estonia,42,1999,0.411908177528724,5.660895534509596,52.73864118895965,12634089477.981728,20.0693576980239,0.5012207176,69.543,0.473113698612585,643289978.027344,5.82568029560692,10.933332566081924,17930.0,6.48,607.99,42390.0,45230.0,1390244,12.89701663880585,1999-01-01
Estonia,42,2000,0.39421615877143,7.319237665985224,52.81646614767634,13908570239.43085,19.8332996368408,0.457721191,69.368,0.483789136710735,687799987.792969,5.93909817572114,10.608560578674789,17530.0,7.08,657.76,42390.0,45230.0,1396985,12.548452560335294,2000-01-01
Estonia,42,2001,0.413801167201189,9.479181471112428,53.04560037744751,14743595489.58695,18.9312992095947,0.4313263314,69.242,0.490851807373059,1103599975.58594,7.44775959227652,11.01493752318792,17980.0,6.03,766.38,42390.0,45230.0,1388115,12.952817309805024,2001-01-01
Estonia,42,2002,0.407082788021254,4.590599447268914,53.27473460721869,15741938586.36208,19.4125995635986,0.4049314718,69.116,0.497551284856528,1324739990.23438,7.63587629031986,10.773190270779716,17550.0,6.23,523.96,42390.0,45230.0,1379350,12.723384202704173,2002-01-01
Estonia,42,2003,0.406717200495175,10.514920872001838,53.50386883698985,16938367664.199144,19.8180999755859,0.3785366122,68.989,0.501896453333024,1621160034.17969,8.970890813479,12.278218746352282,19480.0,5.76,626.38,42390.0,45230.0,1370720,14.21150927979456,2003-01-01
Estonia,42,2004,0.405848968623987,8.948635993345407,53.73300306676102,18090855516.267345,19.9722003936768,0.3785366122,68.862,0.510080563436104,1830300048.82813,8.65612032936719,12.417892921360684,19620.0,5.98,723.35,42390.0,45230.0,1362550,14.399471579024622,2004-01-01
Estonia,42,2005,0.40512628820909,21.674373554871764,53.9621372965322,19814267655.566,18.8430995941162,0.3785366122,68.735,0.522640396899412,1929119995.11719,7.34303226316686,12.636784705947482,19770.0,6.1,637.44,42390.0,45230.0,1354775,14.592829067557345,2005-01-01
Estonia,42,2006,0.400824952386164,10.328267758074723,54.191271526303375,21749246482.620697,17.1438007354736,0.3785366122,68.607,0.586089045048885,2034550048.82813,8.04850879337376,11.798249196248914,18530.0,6.53,547.83,42390.0,45230.0,1346810,13.758436602044831,2006-01-01
Estonia,42,2007,0.396843898287796,13.511196156738627,54.42040575607455,23397652435.68138,18.5466995239258,0.3785366122,68.479,0.59599674692157,2606550048.82813,7.88212121128619,14.805919384193096,22540.0,6.66,690.23,42390.0,45230.0,1340680,16.812363875048483,2007-01-01
Estonia,42,2008,0.40198496001991,8.122959090464736,54.64953998584572,22196884688.60636,20.2436008453369,0.3785366122,68.351,0.610363625386076,3316250000.0,6.63608439383678,13.678959531519942,21000.0,7.26,777.04,42390.0,45230.0,1337090,15.70574905204586,2008-01-01
Estonia,42,2009,0.411995201852276,9.505903132220572,54.87867421561688,18949690212.026825,24.0755996704102,0.3785366122,68.223,0.611938526283806,3823760009.76563,6.15242481763663,11.210065079823009,17590.0,6.02,713.41,42390.0,45230.0,1334515,13.180818499604726,2009-01-01
Estonia,42,2010,0.412330781773095,13.2776301644787,55.10780844538806,19412870879.84805,25.3894996643066,0.3521417526,68.094,0.619498782098157,3455159912.10938,5.9775710213268,14.179763044743613,21560.0,4.9,745.83,42390.0,45230.0,1331475,16.192568392196623,2010-01-01
Estonia,42,2011,0.409449345448177,4.827324162297528,55.50879924510498,20822844111.50744,25.0944995880127,0.3521417526,67.965,0.614566192086018,3495889892.57813,5.99096877944014,13.59761164166489,20690.0,6.88,674.04,42390.0,45230.0,1327439,15.586403593686793,2011-01-01
Estonia,42,2012,0.408528737907671,7.764141115145922,55.9097900448219,21495047267.89456,25.0216999053955,0.3521417526,67.974,0.604308679907284,3243290039.0625,6.93200715256469,12.686210588071637,19460.0,5.6,841.23,42390.0,45230.0,1322696,14.712375330385818,2012-01-01
Estonia,42,2013,0.40599552053585,4.372770473260984,54.91175523349436,21808537192.605644,24.5499000549316,0.3521417526,68.122,0.6158764099637,3885540039.0625,6.11114790533543,14.559972443032876,21870.0,6.75,593.24,43470.0,45340.0,1317997,16.593360986405887,2013-01-01
Estonia,42,2014,0.397875300710709,6.698264861642055,55.30278352887048,22465272194.63137,25.4899005889893,0.3521417526,68.269,0.643429375479467,3583959960.9375,6.76952260881417,13.556021284931289,20540.0,6.96,636.84,43470.0,45340.0,1314545,15.625178293630116,2014-01-01
Estonia,42,2015,0.397297732030393,-3.1268199651915176,55.69381182424661,22881558191.852272,27.5559997558594,0.325746893,68.416,0.640013901410875,3238889892.57813,7.09385935932968,11.684596478504371,18110.0,7.38,575.32,43470.0,45340.0,1315407,13.767601966539631,2015-01-01
Estonia,42,2016,0.397130053165345,3.84828519244295,55.69933287324592,23603600591.13695,26.9139003753662,0.325746893,68.563,0.62083468120129,4084370117.1875,7.05785895559144,11.893995242401903,18280.0,6.5,693.07,43470.0,45340.0,1315790,13.892794442882224,2016-01-01
Estonia,42,2017,0.397739555908751,6.4628156208030125,56.09385783298827,24970731682.20508,27.0333995819092,0.325746893,68.717,0.621578253699239,4124750000.0,7.82346155791356,12.357824294207308,18920.0,6.24,785.36,43470.0,45340.0,1317384,14.36179580137606,2017-01-01
Estonia,42,2018,0.384994156772101,4.044477715708219,56.09385783298827,26002976732.269024,28.8421993255615,0.325746893,68.88,0.619745919036758,4941029785.15625,8.0094405060858,12.103085000722402,18610.0,6.99,547.25,43470.0,45340.0,1321977,14.077400741465246,2018-01-01
Estonia,42,2019,0.384994156772101,9.86641705673601,56.09385783298827,27068147756.85659,29.56040861329563,0.325746893,69.051,0.622171537485219,4809970214.84375,8.16558075806534,12.138121712348866,18585.652173913044,7.2,713.16,43470.0,45344.782608695656,1326855,14.007297085147242,2019-01-01
Estonia,42,2020,0.3852113879084927,11.53720812325517,56.09385783298827,26269347954.890503,29.99586857278664,0.3111855625416666,69.229,0.6292007014690864,4973844807.942708,8.279112261570061,12.137281759751025,18522.41965973535,8.15,690.26,43470.0,45349.77315689981,1329479,13.93208893087845,2020-01-01
Fiji,43,1995,0.6569294857568,-1.1512232089450358,53.26108374384236,2999548476.6484737,60.0611603861047,0.346886567,45.496,0.393124726307356,42799999.237060495,2.52977143887932,0.9801038910124472,2050.0,24.18,2260.12,18270.0,18270.0,775428,2.643701284967785,1995-01-01
Fiji,43,1996,0.656215934207148,-3.391135511515801,53.62660098522167,3143526816.4319468,59.7141287230382,0.3689193744,46.282,0.393248478280191,46790000.9155273,2.40640930168266,1.045399667766886,2110.0,24.24,3551.28,18270.0,18270.0,784389,2.6899918280343043,1996-01-01
Fiji,43,1997,0.650747950703704,-2.87982187301426,53.992118226600994,3074369246.3157644,54.9620220895556,0.3909521818,46.732,0.389548774118374,44509998.3215332,2.36021280143342,1.0091632018730068,2090.0,24.15,3004.58,18270.0,18270.0,792736,2.6364388648932304,1997-01-01
Fiji,43,1998,0.649599399471495,1.2300094717434502,54.357635467980295,3114336060.399818,49.7925989792643,0.4129849892,47.123,0.386002202188705,36889999.3896484,2.31912412003324,0.9748196583632028,2050.0,24.48,1650.31,18270.0,18270.0,800148,2.562026025185341,1998-01-01
Fiji,43,1999,0.631244208625429,-7.595404496581255,54.7231527093596,3388397593.8288403,56.0544841634439,0.4350177966,47.515,0.372620153098425,35200000.762939505,2.31469118823671,0.9921840699886644,2040.0,24.21,3665.45,18270.0,18270.0,806302,2.530069378471094,1999-01-01
Fiji,43,2000,0.633472319223554,0.0352378319008256,55.088669950738925,3330794888.4041004,52.1678009033203,0.457050604,47.908,0.359573061356871,29370000.8392334,2.42670032393563,1.04807456372355,2070.0,24.43,4947.17,18270.0,18270.0,811011,2.5523698198914686,2000-01-01
Fiji,43,2001,0.627749329618978,2.499412472914376,55.45413245758073,3397410791.0601926,42.9294013977051,0.4178776656,48.3,0.366820484588348,26180000.3051758,2.8019009235682,1.326906844996394,2340.0,24.53,3079.87,18270.0,18270.0,813923,2.87496483082552,2001-01-01
Fiji,43,2002,0.622967741790127,1.673098412412149,55.81959496442255,3506127906.263977,51.0264015197754,0.3787047272,48.692,0.374883218399997,34169998.1689453,2.6748500312327,1.1284785043244032,2180.0,24.11,2998.71,18270.0,18270.0,815257,2.6740034124208685,2002-01-01
Fiji,43,2003,0.626617838257307,1.7522845903192912,56.185057471264365,3541189162.3529696,43.3403015136719,0.3395317888,49.085,0.372476566843906,51250000.0,2.6493075360958,1.3234029100159543,2290.0,24.33,2120.41,18270.0,18270.0,816078,2.806104318459755,2003-01-01
Fiji,43,2004,0.619969979800715,9.253707942566152,56.55051997810618,3728872177.497336,37.9360008239746,0.3395317888,49.479,0.372567969045442,65529998.779296905,2.99014916263476,1.7851378713331312,2720.0,24.33,2392.96,18270.0,18270.0,817864,3.325736308237066,2004-01-01
Fiji,43,2005,0.619193279174526,5.802811735690532,56.915982484948,3754974297.746008,42.4262008666992,0.3395317888,49.871,0.376384584944123,66080001.8310547,2.80815083866739,1.5579243579039102,2520.0,24.44,2827.04,18270.0,18270.0,821606,3.067163579623323,2005-01-01
Fiji,43,2006,0.621689925613543,18.983007970787156,57.28144499178982,3824534591.009305,40.4900016784668,0.3395317888,50.264,0.409450683853875,55799999.237060495,2.85354995828663,1.6548511902245402,2600.0,24.19,2824.23,18270.0,18270.0,827869,3.140593499696208,2006-01-01
Fiji,43,2007,0.616384869437199,13.741477307700242,57.64690749863164,3792001022.671691,37.0625,0.3395317888,50.657,0.408169369662534,50880001.0681152,2.46855972844281,1.5068435812649117,2500.0,24.71,3889.22,18270.0,18270.0,836185,2.989769010446253,2007-01-01
Fiji,43,2008,0.614658715376458,19.27858775517734,58.01237000547346,3831164590.066032,40.1342010498047,0.3395317888,51.146,0.405647767227608,45080001.8310547,2.37459980818339,1.1356162374195016,2210.0,24.24,3593.43,18270.0,18270.0,845356,2.614283213226144,2008-01-01
Fiji,43,2009,0.618827905661629,10.742390599256124,58.37783251231527,3778063204.2061257,35.573600769043,0.3395317888,51.658,0.384982335985308,66410003.662109405,2.18770556157637,1.136315713020538,2180.0,24.09,2800.98,18270.0,18270.0,853636,2.5537817055513123,2009-01-01
Fiji,43,2010,0.610899084827697,5.67079237442896,58.74329501915708,3889692595.791159,27.9585990905762,0.3003588504,52.171,0.38348420933233,75839996.3378906,2.43984128449824,1.3491258594862157,2370.0,24.57,2531.79,18270.0,18270.0,859816,2.756403695674424,2010-01-01
Fiji,43,2011,0.615931986864026,5.753259089429826,59.10870279146141,3994914343.89614,32.405200958252,0.3003588504,52.683,0.396751783854396,75389999.3896484,2.98184453934181,1.2855390751762406,2370.0,24.37,4216.37,18270.0,18270.0,863451,2.744799646997919,2011-01-01
Fiji,43,2012,0.607259229062108,6.981691700801447,59.47411056376573,4051295144.571326,33.4492988586426,0.3003588504,53.196,0.393926741011799,105370002.746582,3.21047687051707,1.190661973377723,2350.0,24.12,4486.12,18270.0,18270.0,865065,2.7165588712986883,2012-01-01
Fiji,43,2013,0.601432357863626,5.818005305229454,59.839518336070064,4243092348.885435,33.9006004333496,0.3003588504,53.706,0.391471486871458,91220001.2207031,2.94333563849361,1.3054498487757653,2510.0,24.36,3079.95,18270.0,18270.0,865602,2.8997160357762573,2013-01-01
Fiji,43,2014,0.595985165849394,7.779951265545418,60.20492610837439,4480854660.343614,34.2302017211914,0.3003588504,54.216,0.421526460889324,94239997.8637695,3.51093465466389,1.5119216755323752,2740.0,24.2,2005.75,18270.0,18270.0,866447,3.1623399930982505,2014-01-01
Fiji,43,2015,0.591680551903293,4.385929604585899,60.57033388067872,4682546863.081617,32.6744995117188,0.261185912,54.726,0.423002751374108,102480003.356934,2.89001166912972,1.73836561397692,2370.0,24.15,1786.7,18270.0,18270.0,868632,2.728428149089603,2015-01-01
Fiji,43,2016,0.596461835094903,7.943274500474678,60.93596059113301,4797065664.450051,27.6681995391846,0.261185912,55.235,0.429678211415378,117419998.168945,2.83363676533996,1.9944842195033048,2610.0,24.59,3561.93,18270.0,18270.0,872406,2.991726329254957,2016-01-01
Fiji,43,2017,0.595203764277536,7.2403004657501295,61.3015873015873,5053870095.738928,28.8892993927002,0.261185912,55.742,0.432016525509235,145899993.89648402,2.8226922524848,2.0627720921751416,2730.0,24.61,3065.3,18270.0,18270.0,877460,3.1112529346067057,2017-01-01
Fiji,43,2018,0.594298499606274,8.40046167281378,61.667214012041605,5246541361.380236,27.8712997436523,0.261185912,56.248,0.436462140113274,120959999.084473,2.66732846842792,2.1505619758005188,2820.0,24.44,3278.78,18270.0,18270.0,883490,3.191886721977612,2018-01-01
Fiji,43,2019,0.594298499606274,5.863669961600436,62.0328407224959,5223164712.005547,26.47174058528481,0.261185912,56.75,0.439127774426933,139070007.32421902,2.6733092088430763,2.2014514577478264,2853.478260869565,24.65,2756.94,18270.0,18270.0,889955,3.206317466466917,2019-01-01
Fiji,43,2020,0.5916888751833355,5.27981636493376,62.3984674329502,4402511310.871856,25.026419361904225,0.257615051375,57.247,0.441044568098582,143081257.66118395,2.6849135526326595,2.2517145790513453,2885.8034026465025,24.92,3041.2,18270.0,18270.0,896444,3.219167513694668,2020-01-01
Finland,44,1995,0.264055371149239,1.0810883434825032,72.75512984667914,152727367949.99738,27.2664099850931,0.045889532,80.963,0.670107051892722,133265336.60888693,6.70785627097863,10.981265870366636,70050.0,2.44,531.39,304590.0,338150.0,5107790,13.71434612621114,1995-01-01
Finland,44,1996,0.262413546496024,0.5698737513488336,72.94236842969238,158328155182.02084,26.8705515211363,0.0514006024,81.223,0.671852202927641,133265336.60888693,6.31710963178189,12.209797772419282,76490.0,1.72,515.48,304590.0,338150.0,5124573,14.92612164955012,1996-01-01
Finland,44,1997,0.263151695191217,1.9336808559884475,73.1296070127056,168356336994.28937,28.8284455366953,0.0569116728,81.466,0.677912923726297,133265336.60888693,6.00164301770226,11.79415292514254,74530.0,2.32,483.6,304590.0,338150.0,5139835,14.50046548186858,1997-01-01
Finland,44,1998,0.262926447566629,9.33679172029042,73.31684559571883,177543846188.36508,30.4979692221115,0.0624227432,81.707,0.68621261766285,133265336.60888693,5.97139295852203,11.112840249477152,70860.0,1.36,657.34,304590.0,338150.0,5153498,13.749884059332128,1998-01-01
Finland,44,1999,0.196052346466725,5.766814648761612,73.50408417873207,185319513373.25943,30.2360817033354,0.0679338136,81.946,0.691514951248857,133265336.60888693,5.73923100342056,10.939944717561254,69990.0,2.4,529.46,304590.0,338150.0,5165474,13.549579380324053,1999-01-01
Finland,44,2000,0.198327925724595,10.740934101564752,73.6913227617453,196018680586.5922,31.6786994934082,0.073444884,82.183,0.695185221551054,133265336.60888693,6.16530956335103,10.644856109944556,68450.0,3.56,605.0,304590.0,338150.0,5176209,13.223963715530031,2000-01-01
Finland,44,2001,0.195502931411754,2.4916432226689498,73.6244656751699,201134805636.3593,29.2497005462646,0.065450566,82.368,0.697529129545912,133265336.60888693,6.71246317126586,11.775232420613076,74230.0,2.14,551.0,304590.0,338150.0,5188008,14.30799644102322,2001-01-01
Finland,44,2002,0.194782707499742,5.792664553698276,73.5576085885945,204568476382.96225,29.5214996337891,0.057456248,82.503,0.702011318580377,133265336.60888693,6.81689367443715,12.198597161326449,76550.0,2.26,469.17,304590.0,338150.0,5200598,14.719461108126412,2002-01-01
Finland,44,2003,0.194009080545658,3.482934134767147,73.49075150201911,208667587196.73624,28.3544998168945,0.04946193,82.638,0.705348963291068,133265336.60888693,7.0984974273937,13.755957685899174,84650.0,2.5,507.35,304590.0,338150.0,5213014,16.238206918301007,2003-01-01
Finland,44,2004,0.194207619811426,3.4381097008910237,73.42389441544371,216997787770.93985,31.0998992919922,0.04946193,82.772,0.705905409499045,133265336.60888693,6.8072700000509,12.945251227388846,80590.0,2.62,621.15,304590.0,338150.0,5228172,15.414565549870968,2004-01-01
Finland,44,2005,0.193899367591678,5.306310360813303,73.35703732886832,223030001979.8459,31.5245990753174,0.04946193,82.905,0.718169477078806,133265336.60888693,7.84013462954063,10.571670819596134,68380.0,3.27,587.24,304590.0,338150.0,5246096,13.034454573458053,2005-01-01
Finland,44,2006,0.19293655848374,2.1385728656212835,73.40585972181118,232012333819.8772,31.2520008087158,0.04946193,83.037,0.75503603149951,133265336.60888693,7.2090551954647,12.726279786748414,79710.0,2.97,474.21,304110.0,338440.0,5266268,15.13595586096264,2006-01-01
Finland,44,2007,0.193009685753626,8.583923646044905,73.34372060903023,244307448127.64197,31.80419921875,0.04946193,83.168,0.755886166030241,133265336.60888693,7.27530978561857,12.309216596832504,77860.0,3.15,600.02,304090.0,338420.0,5288720,14.721898682478937,2007-01-01
Finland,44,2008,0.190584119443226,6.820029146511912,73.32256663376111,246222806454.3161,34.7445983886719,0.04946193,83.299,0.759675116751624,133265336.60888693,7.42629495341019,10.663607231453916,69730.0,3.29,648.59,303900.0,338420.0,5313399,13.12342626631277,2008-01-01
Finland,44,2009,0.188660294126034,-3.495423618378017,73.25555774925962,226341675380.80075,32.6113014221191,0.04946193,83.429,0.756069479811782,133265336.60888693,6.22878457867441,10.14821298360646,66060.0,2.49,515.82,303900.0,338420.0,5338871,12.373402541473656,2009-01-01
Finland,44,2010,0.186532795160463,4.904466869595068,73.18854886475815,233552827575.3783,33.5880012512207,0.041467612,83.77,0.766748875792443,133265336.60888693,6.55338156425507,11.658753704772687,74120.0,1.17,532.08,303900.0,338420.0,5363352,13.819715730013618,2010-01-01
Finland,44,2011,0.178898615945705,-2.182793377020345,73.30086544473329,239502970842.66656,35.2671012878418,0.041467612,84.313,0.767860789637613,133265336.60888693,6.29767221395821,10.229624636618196,66100.0,3.6,598.34,303890.0,338420.0,5388272,12.267383680705056,2011-01-01
Finland,44,2012,0.178335597197803,1.9090199771935352,73.41077363519695,236155807304.7959,38.8114013671875,0.041467612,84.841,0.776337707759404,133265336.60888693,5.77530305217893,9.126388006141887,60380.0,1.91,674.62,303890.0,338420.0,5413971,11.152627156665597,2012-01-01
Finland,44,2013,0.185361266631852,-1.8144292669491155,73.5206818256606,234026399089.8484,38.5201988220215,0.041467612,85.125,0.780365100294831,133265336.60888693,6.26804547729509,9.227846732801712,61120.0,3.48,509.1,303890.0,338420.0,5438972,11.23741765907234,2013-01-01
Finland,44,2014,0.191907526855273,6.385711049192425,73.63059001612426,233172417670.3121,41.2490997314453,0.041467612,85.175,0.791024605551856,133265336.60888693,5.9514266149843,8.451871935830225,57000.0,3.62,516.48,303890.0,338420.0,5461512,10.436670284712363,2014-01-01
Finland,44,2015,0.246629649832671,7.458254314511476,73.73564542134184,234440080998.27307,43.2295989990234,0.033473294,85.225,0.774455377196349,133265336.60888693,5.74886546393003,7.8145374120522355,53550.0,3.88,595.6,303910.0,338446.0,5479531,9.772734199332024,2015-01-01
Finland,44,2016,0.182244154472103,2.1296370533220474,73.73564542134184,241031264863.60284,42.3969993591309,0.033473294,85.275,0.754208092683054,133265336.60888693,6.0964223212585,8.318012673732458,56260.0,3.29,608.44,303910.0,338450.0,5495303,10.237834019343428,2016-01-01
Finland,44,2017,0.183118834546033,6.724710306609402,73.73321926822848,248725970173.65805,44.4765014648438,0.033473294,85.325,0.754759862823338,133265336.60888693,5.96618277183771,7.808338601223554,53320.0,2.66,583.21,303920.0,338450.0,5508214,9.680088682102763,2017-01-01
Finland,44,2018,0.183757771826074,-3.836157059594816,73.73321926822848,251566290193.70004,44.2167015075684,0.033473294,85.382,0.751106285502547,133265336.60888693,6.44346417261359,8.042752049895523,54490.0,3.41,464.99,303920.0,338450.0,5515525,9.87938591521206,2018-01-01
Finland,44,2019,0.183757771826074,5.814224129674417,73.73321926822848,254637296103.69467,44.95367070419776,0.033473294,85.446,0.747997949745346,133265336.60888693,6.431968863989023,7.914990579440257,53813.47826086957,2.94,601.02,303920.0,338463.04347826086,5521606,9.745983009448622,2019-01-01
Finland,44,2020,0.1804120385209421,-0.8786805244818569,73.73321926822848,247507105783.9563,45.73989327737435,0.03295595075,85.517,0.7512434038225386,133265336.60888693,6.436962743650202,7.72825983191943,52827.54253308129,4.45,604.31,303920.0,338476.6540642722,5529543,9.553690518923768,2020-01-01
France,45,1995,0.263348735366288,1.4825044415368271,27.14193357513067,1770421665963.6433,10.701408694358,0.018082055,74.912,0.579175677788498,133265336.60888693,5.34112952104012,5.916505458072016,497010.0,11.63,872.65,547566.0,549086.0,59541904,8.347230548757729,1995-01-01
France,45,1996,0.2175770686678449,1.3683894697661336,27.297531256506065,1795437612080.2793,10.4949535665609,0.0193891942,75.082,0.583694772091059,133265336.60888693,5.39700665802837,6.158007380203486,515770.0,10.63,857.14,547566.0,549086.0,59753095,8.631686777061507,1996-01-01
France,45,1997,0.261761459085487,1.5863558407043048,27.45312893788146,1837384358698.484,9.98545318666425,0.0206963334,75.25,0.584070421748965,133265336.60888693,5.31426126209444,5.989176224114394,505840.0,11.9,790.86,547566.0,549086.0,59964841,8.435609793412109,1997-01-01
France,45,1998,0.260846207888479,1.9638252551654072,27.608726619256856,1903321825666.902,9.70928588525048,0.0220034726,75.417,0.583719841280191,133265336.60888693,5.66040218978058,6.333336678503029,521880.0,11.36,812.1,547566.0,549086.0,60186284,8.671078613193664,1998-01-01
France,45,1999,0.215644412416693,3.0798440099316062,27.764324300632254,1968441579917.5784,9.77901435150414,0.0233106118,75.614,0.58612414790399,133265336.60888693,5.42520577352807,6.198684397835334,511480.0,11.75,987.73,547566.0,549086.0,60496708,8.454674922146177,1999-01-01
France,45,2000,0.210745563581243,3.038290684967873,27.919870992956117,2045676716441.077,9.32470035552979,0.024617751,75.871,0.589563440686356,133265336.60888693,5.57399659759341,6.127477939667556,508560.0,11.93,954.91,547567.0,549087.0,60912500,8.349025241124563,2000-01-01
France,45,2001,0.209063123491736,3.6428127196956974,28.12642105897543,2086257243621.1047,9.45740032196045,0.0226060852,76.127,0.59122971340405,133265336.60888693,5.46217882189657,6.142043232839341,513380.0,11.45,893.53,547567.0,549087.0,61357432,8.367038568367724,2001-01-01
France,45,2002,0.210170516701634,3.449839003009867,28.33297112499475,2109947351420.9744,8.73250007629395,0.0205944194,76.38,0.590474392598409,133265336.60888693,5.51211794299989,6.005475326325754,505830.0,11.91,943.95,547567.0,549087.0,61805266,8.184254073107622,2002-01-01
France,45,2003,0.210835918320962,2.301072653812557,28.52389357271016,2127315610004.568,8.90769958496094,0.0185827536,76.632,0.590495448426031,133265336.60888693,5.21225100216782,6.054152566444019,510700.0,11.91,722.27,547867.0,549387.0,62244880,8.20469089184524,2003-01-01
France,45,2004,0.20889421057272,1.683027873731877,28.746071257033385,2187513385781.341,8.95250034332275,0.0185827536,76.883,0.596376578546933,133265336.60888693,5.56112723767937,6.027439545754167,508440.0,11.43,786.27,547567.0,549087.0,62704901,8.108457104493315,2004-01-01
France,45,2005,0.206712630600147,3.8766927722001703,28.95315008300506,2223896545485.41,8.660400390625,0.0185827536,77.13,0.598885810607656,133265336.60888693,5.43676219530988,6.027601800816076,509070.0,11.38,674.6,547557.0,549087.0,63179356,8.057537022061446,2005-01-01
France,45,2006,0.207085303159052,3.4053855757959117,29.1597039212356,2278366968438.452,8.52379989624023,0.0185827536,77.377,0.618932577876874,133265336.60888693,5.44832370846205,5.840804197633198,498790.0,11.97,815.76,547557.0,549087.0,63621376,7.839975042350546,2006-01-01
France,45,2007,0.206552310961706,3.1528368457017946,29.366257759466137,2333611358079.2188,9.45499992370605,0.0185827536,77.621,0.63742545573184,133265336.60888693,5.54778998580373,5.669031384808105,491620.0,11.68,829.72,547557.0,549087.0,64016227,7.679615357524898,2007-01-01
France,45,2008,0.203586081060866,2.3299700359381776,29.57281159769668,2339560805961.6367,10.6001996994019,0.0185827536,77.868,0.641218286021444,133265336.60888693,5.61042487178859,5.564428999658392,485350.0,11.38,937.07,547557.0,549087.0,64374979,7.539419935189415,2008-01-01
France,45,2009,0.213174457504065,0.6848106259361214,29.779365435927215,2272337881797.8613,11.3165998458862,0.0185827536,78.117,0.64532708992932,133265336.60888693,5.26549927747802,5.314414421863094,467050.0,11.74,799.86,547557.0,549087.0,64707035,7.217916877198901,2009-01-01
France,45,2010,0.211469087385813,1.4716301630353943,29.98591927415776,2316635691390.1875,11.9933996200562,0.0165710878,78.369,0.660060347446612,133265336.60888693,5.23729182524806,5.350658925019497,470790.0,10.67,834.76,547557.0,549087.0,65027505,7.239859502528969,2010-01-01
France,45,2011,0.211488782136846,1.5448970750122422,30.138232184046597,2367432576851.879,10.8296003341675,0.0165710878,78.622,0.657894531659472,133265336.60888693,5.11528869604853,5.104312275375941,453510.0,12.37,721.45,547557.0,549087.0,65342789,6.940475099708401,2011-01-01
France,45,2012,0.210792531568785,1.2275264055890696,30.290545093935428,2374845830958.324,12.5293998718262,0.0165710878,78.878,0.65726471025052,133265336.60888693,5.00470005793901,5.122311190220551,456320.0,11.59,863.73,547557.0,549087.0,65659814,6.949760777573936,2012-01-01
France,45,2013,0.210143138967432,1.1237428087353247,30.44285800382426,2388532700966.8423,13.5736999511719,0.0165710878,79.135,0.655361824123348,133265336.60888693,4.85484533747215,5.100556170172179,457250.0,11.13,942.61,547557.0,549087.0,65998685,6.928168341535896,2013-01-01
France,45,2014,0.20655338081544,0.2035252723664938,30.59517091371309,2411371445853.84,13.3534002304077,0.0165710878,79.394,0.665558576637141,133265336.60888693,4.76158353997977,4.592376829393661,424130.0,12.54,926.27,547557.0,549087.0,66312067,6.395970133158419,2014-01-01
France,45,2015,0.208373866994697,1.756429965294386,30.74748382360193,2438207896251.8413,13.4837999343872,0.014559422,79.655,0.665007634620607,133265336.60888693,4.70355735189375,4.666086596508471,430140.0,12.21,707.09,547557.0,549087.0,66548272,6.463578798860472,2015-01-01
France,45,2016,0.20629252081973,1.3273927802837724,30.89979673349076,2464917595843.9824,14.4117002487183,0.014559422,79.917,0.652418806082164,133265336.60888693,4.45973547904672,4.686612202390909,430020.0,11.81,817.37,547557.0,549087.0,66724104,6.444747463375454,2016-01-01
France,45,2017,0.206822057837224,1.3855427448655655,31.052109643379595,2521399210474.971,14.1386003494263,0.014559422,80.18,0.657428222136298,133265336.60888693,4.70113956067133,4.727575621633754,432380.0,12.01,728.2,547557.0,549087.0,66918020,6.461338814268563,2017-01-01
France,45,2018,0.203073815705807,2.7779346842160395,31.20442255326843,2568424971659.4634,15.2525997161865,0.014559422,80.444,0.653374804588006,133265336.60888693,4.4210313211777,4.619241205133742,423350.0,12.66,878.16,547557.0,549087.0,67101930,6.3090584726847645,2018-01-01
France,45,2019,0.203073815705807,2.1064677762116037,31.35673546315726,2615760319962.673,15.450477586700783,0.014559422,80.709,0.667425124196929,133265336.60888693,4.381027051618464,4.562838411527729,420147.39130434784,12.43,833.1,547557.0,549087.0434782609,67248926,6.247644628619762,2019-01-01
France,45,2020,0.2005623607199536,0.5034581053356461,31.50904837304609,2410285649514.3706,15.66593515279382,0.014412645625,80.975,0.671102184463947,133265336.60888693,4.336854025252816,4.4934832389766095,415989.8865784499,12.81,808.17,547557.0,549087.088846881,67379908,6.173797188598861,2020-01-01
Gabon,46,1995,0.688623689332953,-3.942388289284617,92.09768308301317,9564091381.059353,71.9439200356796,0.16768904,74.797,0.384818440335018,143740005.493164,1.62778469001559,4.249039818388111,7420.0,25.21,1804.76,257670.0,267670.0,1084951,6.839018536320995,1995-01-01
Gabon,46,1996,0.680447759569982,-5.007209261498442,92.07376877401327,9910794381.967112,71.4867374464641,0.166883919,75.654,0.384878649761036,126510002.13623,1.156238123081,4.241004039736052,7150.0,24.96,1777.97,257670.0,267670.0,1112944,6.424402305956095,1996-01-01
Gabon,46,1997,0.674692118781921,-2.1534850333345035,92.04985446501338,10479512175.351397,69.9731961338889,0.166078798,76.49,0.390477801826422,38830001.8310547,1.10127037670079,4.231897467169938,7020.0,25.01,1767.68,257670.0,267670.0,1141332,6.150708119986121,1997-01-01
Gabon,46,1998,0.666986229857884,2.9576938893201525,92.02594015601348,10843972169.559326,69.6697357051779,0.165273677,77.306,0.396057037919292,44639999.3896484,2.01093102363635,4.2134555377882,6840.0,25.73,1878.62,257670.0,267670.0,1170061,5.845849062570242,1998-01-01
Gabon,46,1999,0.66187425126718,1.918355873906449,92.00202584701364,9875321038.86609,71.3413384195708,0.164468556,78.102,0.399539944790592,47799999.237060495,1.32782031427849,4.019822227114952,6470.0,25.18,1975.8,257670.0,267670.0,1199058,5.395902450089987,1999-01-01
Gabon,46,2000,0.656650265508017,5.473125420800001,91.97811153801374,9689372062.048231,72.7827987670898,0.163663435,78.879,0.404850413216665,11850000.3814697,1.25679300203582,3.801820151926269,6030.0,25.12,1881.0,257670.0,267670.0,1228359,4.90898833321529,2000-01-01
Gabon,46,2001,0.647952304408098,-2.002988966314974,91.9584778980867,9896262772.696522,72.424201965332,0.1564153404,79.633,0.40446543730255,8640000.34332275,1.42874983727497,3.640676370897482,5960.0,25.27,1695.97,257670.0,267670.0,1258008,4.737648727194104,2001-01-01
Gabon,46,2002,0.641034129062092,0.0217546416082307,91.93884425815966,9871617795.946293,79.8168029785156,0.1491672458,80.368,0.404884206186473,71660003.6621094,1.5470495483523,3.3609923077520163,5780.0,25.46,1949.97,257670.0,267670.0,1288310,4.486497814966895,2002-01-01
Gabon,46,2003,0.634860983042615,1.530522551719086,91.91921061823264,10093465625.29561,83.6322021484375,0.1419191512,81.083,0.401443903784515,-10920000.0762939,2.13041813849606,3.3258936350426453,5900.0,25.43,1798.47,257670.0,267670.0,1319946,4.469879828417223,2003-01-01
Gabon,46,2004,0.627955387699544,4.040693996595966,91.8995769783056,10163064416.873371,85.7774963378906,0.1419191512,81.778,0.392853555432778,40040000.9155273,2.13860718164824,3.272299651053193,6050.0,25.41,1669.52,257670.0,267670.0,1353788,4.468941961370613,2004-01-01
Gabon,46,2005,0.636819631627912,3.403623634816153,91.87994333837854,10435048685.543776,85.2472991943359,0.1419191512,82.452,0.424955649543232,50299999.237060495,2.36724071400008,3.3296177771385422,6210.0,25.45,1589.93,257670.0,267670.0,1390550,4.465858832835928,2005-01-01
Gabon,46,2006,0.648696745730929,2.5931003437371305,91.8603096984515,10142180867.729536,86.1607971191406,0.1419191512,83.107,0.312179337433427,31209999.084472697,2.59651833496438,2.824890360690952,5750.0,25.47,1726.71,257670.0,267670.0,1430144,4.020574151973507,2006-01-01
Gabon,46,2007,0.659050736693589,5.257222156942587,91.84067605852448,10751534050.3411,87.3537979125977,0.1419191512,83.742,0.309372419921072,53209999.0844727,2.28753816107587,2.7503030426500694,5810.0,25.45,2155.51,257670.0,267670.0,1472565,3.9454964636535568,2007-01-01
Gabon,46,2008,0.673125263576753,4.453764760120469,91.82104241859744,10395827002.604792,87.2927017211914,0.1419191512,84.359,0.303679865146921,64120002.746582,2.07107819887801,2.7197212055279483,6030.0,25.29,1906.2,257670.0,267670.0,1518538,3.970924665698192,2008-01-01
Gabon,46,2009,0.670388442363197,5.247570722854403,91.8014087786704,10409376000.351484,87.9776992797852,0.1419191512,84.955,0.299837081313384,77949996.9482422,1.86934247527275,2.676992208040537,6030.0,25.41,1886.12,257670.0,267670.0,1568925,3.843395955829629,2009-01-01
Gabon,46,2010,0.658342443616914,3.645404456179608,91.78177513874336,11147389028.924349,85.8397979736328,0.1346710566,85.533,0.294043637388933,106269996.643066,2.02155897918212,2.9369280840515573,6700.0,25.66,1731.71,257670.0,267670.0,1624146,4.125244897934053,2010-01-01
Gabon,46,2011,0.658551341760258,6.169785117401686,91.7356618931191,11937934362.994217,79.6920013427734,0.1346710566,86.092,0.292994860672928,69449996.9482422,2.20227064777104,3.347918146962922,7750.0,25.25,1852.38,257670.0,267670.0,1684629,4.600419439532383,2011-01-01
Gabon,46,2012,0.657011541867161,3.944723418653838,91.68954864749486,12564804478.756191,75.467903137207,0.1346710566,86.634,0.296254945994601,68849998.4741211,2.20437729926761,3.33204357147062,8030.0,25.35,1984.9,257670.0,267670.0,1749677,4.589418504101043,2012-01-01
Gabon,46,2013,0.655981632072042,1.841538567499469,91.6434354018706,13273295983.677336,82.1704025268555,0.1346710566,87.156,0.294658913428519,87209999.0844727,2.48031749285623,3.13691822549489,8040.0,25.39,1877.93,257670.0,267670.0,1817070,4.424705707540161,2013-01-01
Gabon,46,2014,0.647036391340631,6.938646821389124,91.59732215624636,13846033985.531609,81.2805023193359,0.1346710566,87.651,0.301799063637096,111269996.643066,2.55320791238299,2.919628984165525,7860.0,25.39,1803.34,257670.0,267670.0,1883801,4.172415239189277,2014-01-01
Gabon,46,2015,0.642066336957835,0.2899769865851465,91.55120891062212,14383107714.038813,81.9297027587891,0.127422962,88.118,0.296272570265325,98779998.7792969,2.41885761110826,2.813589431583055,7970.0,25.54,1511.55,257670.0,267670.0,1947690,4.092026965276816,2015-01-01
Gabon,46,2016,0.638647959717151,8.86815359352818,91.50510342686384,14683922099.634844,81.0056991577148,0.127422962,88.559,0.298139273233992,41619998.9318848,2.31295419492807,2.843792613310941,8360.0,25.82,1757.96,257670.0,267670.0,2007882,4.163591286738962,2016-01-01
Gabon,46,2017,0.626403277563732,8.801569498991075,91.45899794310552,14753324487.26397,90.1154022216797,0.127422962,88.976,0.294171255042077,106349998.474121,2.06854051707648,2.276236286887136,7530.0,25.5,1868.64,257670.0,267670.0,2064812,3.646821114948964,2017-01-01
Gabon,46,2018,0.62587415841011,8.175990002290884,91.41289245934723,14876945039.365164,89.8871002197266,0.127422962,89.37,0.289226719499753,116959999.084473,1.95333933753514,2.1752722039376677,7460.0,25.7,1698.03,257670.0,267670.0,2119275,3.520071722640997,2018-01-01
Gabon,46,2019,0.62587415841011,9.20409814570922,91.36678697558894,15460241608.825735,90.66723848859822,0.127422962,89.741,0.281204926237491,116709999.084473,1.9674938874272945,2.085108394613735,7461.739130434783,25.57,2020.79,257670.0,267670.0,2172578,3.434509200790389,2019-01-01
Gabon,46,2020,0.6232595946216581,11.206704865169272,91.32068149183064,15176119328.926584,91.5011733165171,0.12574520875,90.092,0.2768876964834273,115583748.8174442,2.002765877181481,1.9913738013475475,7475.293005671077,25.89,1757.12,257670.0,267670.0,2225728,3.3585833514567267,2020-01-01
Georgia,47,1995,0.511206568438325,7.028809200477491,39.66685854079724,4811534790.464021,46.3946509118918,0.18216434,53.841,0.318749951390626,209059997.558594,1.28662233097682,1.7562233211857643,16770.0,7.58,970.97,69490.0,69700.0,4657722,3.6004725056583453,1995-01-01
Georgia,47,1996,0.486389064935403,7.061641581253382,39.67880270542524,5350426783.589654,42.7539557416839,0.18216434,53.6,0.317702826443612,309369995.11718804,1.16445350227967,1.4159452803939,15140.0,7.48,896.3,69490.0,69700.0,4491699,3.3706621926357934,1996-01-01
Georgia,47,1997,0.480816621161706,6.907808074820523,39.690746870053246,5913240382.496806,44.3637960472902,0.18216434,53.36,0.320714006898887,242029998.779297,1.18033465587955,1.2689908970593204,14440.0,6.97,958.63,69490.0,69700.0,4349913,3.319606622017498,1997-01-01
Georgia,47,1998,0.477470054040838,7.341827920590988,39.70269103468125,6096840743.841715,47.5289840292679,0.18216434,53.12,0.331365439363071,208669998.168945,1.20199067943344,1.1758864569692715,13940.0,8.06,876.83,69490.0,69700.0,4243607,3.284941324679689,1998-01-01
Georgia,47,1999,0.471184058096674,2.939233863143225,39.71463519930926,6271774776.362756,49.6630874189372,0.18216434,52.879,0.339134915557828,246839996.33789095,1.1547156815196,1.087272370388474,13640.0,8.19,890.14,69490.0,69700.0,4157192,3.2810608699333588,1999-01-01
Georgia,47,2000,0.473567084735386,4.299844280899041,39.72657936393726,6387071387.65258,47.253101348877,0.18216434,52.638,0.346723804561425,171949996.94824198,1.09501179180847,1.1699403330430147,14020.0,7.61,816.87,69490.0,69700.0,4077131,3.4386925512081903,2000-01-01
Georgia,47,2001,0.480644376883926,3.412704530577914,39.81551302345661,6693999118.670957,53.1458015441895,0.1701383652,52.398,0.344189958632845,294130004.88281304,1.13371292829252,0.876849261391505,11560.0,8.33,979.54,69490.0,69700.0,4014373,2.87965268797892,2001-01-01
Georgia,47,2002,0.479490329344126,4.72354263374493,39.904446682975966,7060417705.900498,56.7570991516113,0.1581123904,52.441,0.331484366062824,317209991.455078,1.074137831639,0.7439961895330293,11010.0,7.26,1153.8,69490.0,69700.0,3978515,2.7673642049860314,2002-01-01
Georgia,47,2003,0.48454132471454,8.390557186441471,39.99338034249533,7841209756.312519,55.3310012817383,0.1460864156,52.83,0.347516217963667,228669998.168945,1.22769648256332,0.7996485595191581,11550.0,7.24,1016.53,69490.0,69700.0,3951736,2.922766095710847,2003-01-01
Georgia,47,2004,0.475511784332203,9.613616231295545,40.08231400201468,8295568369.100603,54.5294990539551,0.1460864156,53.218,0.36944848879626,314209991.455078,1.38224346596598,0.8580871531367287,11640.0,7.43,1103.14,69490.0,69700.0,3927340,2.963838119439621,2004-01-01
Georgia,47,2005,0.468735571761618,7.067848344160323,40.17124766153403,9091078041.686865,41.4789009094238,0.1460864156,53.605,0.37503558375557,293339996.33789104,1.52204060181691,1.08649165438598,12270.0,7.54,1113.57,69490.0,69700.0,3902469,3.1441633488952765,2005-01-01
Georgia,47,2006,0.46568878660257,15.12375584604602,40.26018132105339,9947436742.607853,37.2159004211426,0.1460864156,53.992,0.368597823950778,357190002.441406,1.49889187361684,1.2112318820971424,12630.0,7.7,996.08,69490.0,69700.0,3880347,3.2548635469972145,2006-01-01
Georgia,47,2007,0.476107642034721,18.59938926039232,40.34911498057274,11198720178.028463,36.222599029541,0.1460864156,54.379,0.430251078767438,381929992.675781,1.70170273719459,1.4584895229677126,13390.0,7.38,1068.34,69490.0,69700.0,3860158,3.468769931178983,2007-01-01
Georgia,47,2008,0.489866107154855,12.522257759464406,40.4380486400921,11469569250.429646,36.2997016906738,0.1460864156,54.765,0.438865246004493,818109985.351563,1.59736117751924,1.2576495102312646,12510.0,7.35,870.71,69490.0,69700.0,3848449,3.250660201031637,2008-01-01
Georgia,47,2009,0.50082663777777,6.13737283911673,40.52698229961146,11050871061.560831,36.7184982299805,0.1460864156,55.15,0.448855533694472,794070007.324219,1.48684212662186,1.4733567549868014,13260.0,7.66,1176.81,69490.0,69700.0,3814419,3.4762830197731294,2009-01-01
Georgia,47,2010,0.500292161298455,7.521667765098247,40.61591595913081,11741493896.796368,39.1455993652344,0.1340604408,55.535,0.471369311457443,588859985.351563,1.50023788493062,1.4049190653062895,12980.0,9.34,1014.38,69490.0,69700.0,3786695,3.4277912533224884,2010-01-01
Georgia,47,2011,0.470202462879708,7.745107294452818,40.61591595913081,12610364429.559774,31.5347003936768,0.1340604408,55.919,0.478248290355133,545059997.558594,1.65178760640633,1.7356854533320236,14380.0,6.99,1073.26,69490.0,69700.0,3756441,3.828091536643328,2011-01-01
Georgia,47,2012,0.459769358518934,5.871982830271158,40.61591595913081,13413519587.538004,28.6896991729736,0.1340604408,56.303,0.497924863241937,659190002.441406,1.79713509795454,1.92819601842272,15260.0,7.94,871.64,69490.0,69700.0,3728874,4.092388211561989,2012-01-01
Georgia,47,2013,0.467112733993398,6.08836242104742,40.61591595913081,13899264090.248093,33.1636009216309,0.1340604408,56.685,0.517498462400705,646309997.558594,1.80519421179703,2.108848880534787,16040.0,7.75,999.33,69490.0,69700.0,3717668,4.314532658645151,2013-01-01
Georgia,47,2014,0.46161495103968,10.420824206159011,40.61591595913081,14515269025.69074,31.3444004058838,0.1340604408,57.067,0.553400731492633,563760009.765625,1.90668610349124,2.2772404470166534,16630.0,8.54,927.14,69490.0,69700.0,3719414,4.471134431391612,2014-01-01
Georgia,47,2015,0.479590595857259,11.604193722819126,40.61591595913081,14953950557.44062,28.1485004425049,0.122034466,57.448,0.550556319876172,448929992.675781,1.95929289492747,2.46961567411381,16970.0,8.26,961.63,69490.0,69700.0,3725276,4.555367172794714,2015-01-01
Georgia,47,2016,0.471664278711949,10.961870683643385,40.61591595913081,15388577975.587189,27.645299911499,0.122034466,57.837,0.553178685749782,462739990.234375,2.00852204154133,2.588863059875171,17390.0,7.86,1153.38,69490.0,69700.0,3727505,4.665319027070386,2016-01-01
Georgia,47,2017,0.458568493548037,11.82440508201561,40.61591595913081,16133785748.909355,28.0333003997803,0.122034466,58.231,0.558425957935508,447440002.441406,2.1370445689429,2.583151734815736,17190.0,8.02,912.37,69490.0,69700.0,3728004,4.611046554671079,2017-01-01
Georgia,47,2018,0.444031159470406,7.218805856282022,40.61591595913081,16915132067.157276,27.9435997009277,0.122034466,58.632,0.56543567477392,589859985.351563,2.3199085753344,2.5385416909854133,16900.0,9.22,916.76,69490.0,69700.0,3726549,4.535026910957027,2018-01-01
Georgia,47,2019,0.444031159470406,7.816786339098865,40.61591595913081,17757903230.07095,27.14138008305969,0.122034466,59.039,0.568193781117773,496730010.986328,2.364834064219512,2.572555533150616,16905.652173913044,8.62,805.23,69490.0,69700.0,3720161,4.544333477479347,2019-01-01
Georgia,47,2020,0.4412321840967427,3.3696374268647613,40.61591595913081,16557390869.431105,26.46257244572821,0.1195290545833333,59.453,0.5785872740230708,508716261.5458169,2.417024523434288,2.622842935444386,16982.41965973535,8.6,885.33,69490.0,69700.0,3722716,4.561835944438242,2020-01-01
Germany,48,1995,0.276669188463263,0.4656795260925576,32.4462904611859,2582287748531.604,2.31974899616167,0.011055457,73.922,0.617345705198376,133265336.60888693,5.88930048135567,10.689407855728584,1055730.0,9.18,765.53,349100.0,357020.0,81678051,12.925504307148564,1995-01-01
Germany,48,1996,0.276904433489308,0.624360056288723,32.4626887049185,2603096414333.4136,2.25217383396493,0.0120507062,74.133,0.619027238282117,133265336.60888693,5.87211702834049,11.020592839897333,1083880.0,7.61,604.41,349090.0,357030.0,81914831,13.23179193276978,1996-01-01
Germany,48,1997,0.278957168684094,0.8426099154137917,32.48187938690732,2649748088402.545,2.82442182235482,0.0130459554,74.342,0.620695376796877,133265336.60888693,5.78865763346013,10.616230037382564,1045890.0,9.21,646.18,349050.0,357030.0,82034771,12.749349906760878,1997-01-01
Germany,48,1998,0.276724521563577,1.3187418908136146,32.500143258266,2703112233879.9155,3.04511890616193,0.0140412046,74.551,0.622644196398763,133265336.60888693,5.81535398620094,10.520042763192576,1019610.0,9.31,790.11,349020.0,357030.0,82047195,12.427115881292467,1998-01-01
Germany,48,1999,0.277842955035996,3.921041973499936,32.51934208264084,2754127021018.8027,3.26371214587689,0.0150364538,74.758,0.627835332683271,133265336.60888693,5.4428812896218,10.15039626618401,985180.0,9.75,753.8,348980.0,357030.0,82100243,11.99972087780544,1999-01-01
Germany,48,2000,0.215020099868216,12.763193075500082,32.53761283851554,2834341052129.131,3.70050001144409,0.016031703,74.965,0.634567629871055,133265336.60888693,5.51370224357145,10.096883273324702,975830.0,10.15,740.25,348950.0,357030.0,82211508,11.869749427294291,2000-01-01
Germany,48,2001,0.215774101965886,2.9292899609383447,32.55803955288048,2881999603563.898,3.89969992637634,0.0147191392,75.17,0.634965609872772,133265336.60888693,5.53072212314072,10.291448352867352,991320.0,9.23,796.24,348900.0,357030.0,82349925,12.037898030872524,2001-01-01
Germany,48,2002,0.215302685636842,2.47837266130958,32.577538267499854,2876293998430.627,4.41260004043579,0.0134065754,75.374,0.638145827204384,133265336.60888693,5.31426876749362,10.100560084166888,972930.0,9.8,883.76,348860.0,357040.0,82488495,11.794735738602093,2002-01-01
Germany,48,2003,0.214879925573636,2.6201179788202644,32.59797597545942,2856156584205.9087,5.4355001449585,0.0120940116,75.577,0.632201183331047,133265336.60888693,5.358608322886,10.135801198281788,971900.0,9.58,555.86,348810.0,357040.0,82534176,11.775727911792565,2003-01-01
Germany,48,2004,0.215015160499548,-0.7264882127593519,32.61748430197552,2889718941247.106,6.34429979324341,0.0120940116,75.779,0.633146140788522,133265336.60888693,5.43160529915814,9.947493984821902,952110.0,9.19,710.81,348770.0,357050.0,82516260,11.538453148506733,2004-01-01
Germany,48,2005,0.214231282153845,2.102577024955396,32.63418970065374,2910863221746.793,7.27890014648438,0.0120940116,75.98,0.641047155047288,133265336.60888693,5.31631070356905,9.726877920885634,927710.0,9.27,697.22,348760.0,357090.0,82469422,11.249139105158273,2005-01-01
Germany,48,2006,0.213057763466238,2.9224067674650813,32.65370497820601,3021954625771.291,8.59440040588379,0.0120940116,76.179,0.684751382874649,133265336.60888693,5.584708416924,9.883407091669923,934200.0,9.84,683.78,348720.0,357100.0,82376451,11.34061966325789,2006-01-01
Germany,48,2007,0.211884198720091,1.48622562106473,32.67416181489661,3111901749296.101,10.4651002883911,0.0120940116,76.378,0.691553617953287,133265336.60888693,5.51869342681398,9.525155673572186,905130.0,10.13,863.56,348670.0,357100.0,82266372,11.002430008703922,2007-01-01
Germany,48,2008,0.209034654081852,0.8298794782033989,32.69368671657632,3141772244844.6333,10.2462997436523,0.0120940116,76.575,0.688687904308091,133265336.60888693,5.56695856851177,9.615747987729206,907800.0,9.81,704.18,348630.0,357110.0,82110097,11.05588756033256,2008-01-01
Germany,48,2009,0.210431257524161,1.6687876302379796,32.71133931900978,2962884875160.65,10.7170000076294,0.0120940116,76.771,0.683363917232995,133265336.60888693,5.15003982723801,8.969954900049396,850640.0,9.55,733.42,348610.0,357120.0,81902307,10.386032227395011,2009-01-01
Germany,48,2010,0.20474843972366,2.533231229295513,32.73087184783544,3086729981515.203,11.6059999465942,0.0107814478,76.966,0.699334427626273,133265336.60888693,5.54630560023281,9.4515653742443,881300.0,8.22,768.17,348570.0,357127.0,81776930,10.776878026602368,2010-01-01
Germany,48,2011,0.203836839025494,2.6048280062875118,32.73754877209089,3207890081561.392,12.5438003540039,0.0107814478,77.16,0.697355018156131,133265336.60888693,5.41656523371768,9.297790819837358,852550.0,10.05,656.39,348560.0,357140.0,80274983,10.620369735861544,2011-01-01
Germany,48,2012,0.203428286782223,1.8553072826346269,32.74516554771332,3221315024377.871,13.641900062561,0.0107814478,77.17,0.6990450809583,133265336.60888693,5.22364498148537,9.449949924665368,866670.0,9.47,708.65,348540.0,357170.0,80425823,10.776016553787706,2012-01-01
Germany,48,2013,0.205250453852128,1.8002762693752048,32.71898647099289,3235411218771.4414,13.6276998519897,0.0107814478,77.18,0.707350138818793,133265336.60888693,5.24084951416792,9.642558946640676,883920.0,9.08,727.05,348880.0,357340.0,80645605,10.960547695066582,2013-01-01
Germany,48,2014,0.202411162562268,0.5017691285146447,32.722843221553454,3306899034832.9253,14.0247001647949,0.0107814478,77.19,0.728518809125912,133265336.60888693,5.06462982033317,9.106782329515635,843660.0,10.68,692.05,348900.0,357380.0,80982500,10.41780631617942,2014-01-01
Germany,48,2015,0.200623926478015,1.8598951331790288,32.73232815456057,3356235704119.753,14.5502996444702,0.009468884,77.2,0.717905066351571,133265336.60888693,4.94907185662226,9.08729093927033,847460.0,10.33,640.68,348860.0,357409.0,81686611,10.37452759547094,2015-01-01
Germany,48,2016,0.199082782568612,1.866123503289532,32.68548202427296,3431079755885.3564,14.2413997650146,0.009468884,77.224,0.703001042455923,133265336.60888693,4.8263676152578,9.073006389453605,850170.0,9.91,697.63,349360.0,357580.0,82348669,10.32402843086632,2016-01-01
Germany,48,2017,0.199212902878107,2.974301173572292,32.684546469359134,3523040623050.772,15.2159004211426,0.009468884,77.261,0.700105477939219,133265336.60888693,4.80962499329971,8.858293699062544,832650.0,9.93,794.34,349370.0,357580.0,82657002,10.073556744775232,2017-01-01
Germany,48,2018,0.201332562254678,3.987458985668452,32.68361096800046,3561301707859.6035,15.795599937439,0.009468884,77.312,0.700040918382218,133265336.60888693,4.67233782131185,8.558389811702156,806090.0,10.73,561.71,349380.0,357580.0,82905782,9.722964798763975,2018-01-01
Germany,48,2019,0.201332562254678,1.739025569346968,32.68361096800046,3598891541091.344,16.38150650010323,0.009468884,77.376,0.69531715472207,133265336.60888693,4.619426401309945,8.465736853266225,795236.0869565217,10.56,666.07,349380.0,357604.347826087,83092962,9.570438552383314,2019-01-01
Germany,48,2020,0.1981935361626536,2.927847965978883,32.68361096800046,3434435991589.476,16.995825311674462,0.0094027767916666,77.453,0.6985659651188906,133265336.60888693,4.564961591439052,8.354656158195308,782686.3516068052,10.85,643.53,349380.0,357629.31947069947,83160871,9.411714213609008,2020-01-01
Ghana,50,1995,0.649497432220844,1.6472967220093655,41.25180188098796,16238921862.262596,79.7893467842234,0.335401099,40.14,0.326781150214237,649869995.117188,1.340875612376,0.2180549754796886,15340.0,27.46,1172.39,227540.0,238540.0,17014058,0.901607364921408,1995-01-01
Ghana,50,1996,0.648474775527576,1.730357095610608,40.77907181154961,16986311933.06898,78.8291972491654,0.368649846,40.896,0.326794108073347,651270019.53125,1.31699810425702,0.2342161238731856,16330.0,27.4,1198.33,227540.0,238540.0,17462504,0.9351465288139662,1996-01-01
Ghana,50,1997,0.644916768108017,1.187002423228988,40.30634174211128,17699118297.687172,78.3390447895526,0.401898593,41.654,0.328957313528986,494170013.427734,1.39268632234006,0.2395446708095052,17350.0,27.42,1192.68,227540.0,238540.0,17908977,0.9687878877727076,1997-01-01
Ghana,50,1998,0.639576311150293,2.237678075855689,39.83361167267294,18531046023.05032,73.5780714932637,0.43514734,42.418,0.331121835023177,703880004.882813,1.53642076688214,0.3322954276312582,20030.0,27.99,1007.06,227540.0,238540.0,18357159,1.09112744515641,1998-01-01
Ghana,50,1999,0.636990086933701,3.1569995821145005,39.3608816032346,19346411459.78776,72.7838884237677,0.468396087,43.184,0.33544856870827,610090026.855469,1.60190670414342,0.3497698774673195,19670.0,27.36,1272.37,227540.0,238540.0,18812369,1.0455886762586892,1999-01-01
Ghana,50,2000,0.634443318703343,3.3293033790627016,38.888151533796254,20062228699.595104,71.6194000244141,0.501644834,43.929,0.339799005846143,600650024.414063,1.44334645285006,0.2977356014492566,20390.0,27.51,1079.51,227540.0,238540.0,19278850,1.0576356992247982,2000-01-01
Ghana,50,2001,0.641364265761574,1.6805552826714507,38.49012041838797,20864717873.27445,69.3175964355469,0.4573161794,44.601,0.334753479018072,644849975.585938,1.56354652187452,0.3143201051135022,20390.0,27.6,1070.58,227540.0,238540.0,19756929,1.0320429860329,2001-01-01
Ghana,50,2002,0.637250482447132,0.9556737751217717,38.0920893029797,21803630085.55908,65.6783981323242,0.4129875248,45.275,0.329839354503355,689369995.117188,1.62259313062053,0.3664853403888182,21820.0,27.69,1175.3,227540.0,238540.0,20246376,1.0777237368307295,2002-01-01
Ghana,50,2003,0.63147612877031,1.7917153528614207,37.69405818757141,22937418879.029003,64.4709014892578,0.3686588702,45.951,0.337380436897524,985039978.027344,1.64916325954771,0.3436093575092958,22530.0,27.73,1235.29,227540.0,238540.0,20750308,1.0857670160847732,2003-01-01
Ghana,50,2004,0.620836262729059,1.568114186489545,37.29602707216314,24221914334.138523,62.3763999938965,0.3686588702,46.63,0.332982741590372,1419010009.76563,1.70559414849346,0.3112024222266599,21470.0,27.61,1131.46,227540.0,238540.0,21272328,1.009292447916373,2004-01-01
Ghana,50,2005,0.618727481081833,1.3492264509442653,36.897995956754855,25651008204.77886,61.4282989501953,0.3686588702,47.308,0.327802195684243,1152640014.64844,1.69407996291064,0.3218021212168997,23900.0,27.91,1112.3,227540.0,238540.0,21814648,1.0955941163937186,2005-01-01
Ghana,50,2006,0.616120799728696,3.1114589732756768,36.499964841346575,27292650312.488853,58.5610008239746,0.3686588702,47.988,0.327544108007723,1236250000.0,1.7033522296617,0.3766914754272265,25180.0,27.77,1124.85,227540.0,238540.0,22379057,1.1251591164006598,2006-01-01
Ghana,50,2007,0.619128848844007,5.571075269167421,36.101933725938295,28479012450.369423,54.5313987731934,0.3686588702,48.669,0.334421991434542,1162920043.94531,1.74367511749259,0.3940960321017999,25680.0,27.77,1279.12,227540.0,238540.0,22963946,1.1182747076656598,2007-01-01
Ghana,50,2008,0.611579814729571,9.466663986429316,35.70390261053002,31084784829.196827,57.3446006774902,0.3686588702,49.351,0.343591938301031,1312170043.94531,1.77310580103788,0.3632685889120242,25640.0,27.46,1320.89,227540.0,238540.0,23563832,1.0881082499654555,2008-01-01
Ghana,50,2009,0.591636387904617,9.1083006226202,35.305871495121735,32590683205.31185,51.9034004211426,0.3686588702,50.031,0.351095262088927,1584680053.71094,1.80436302713542,0.4116512955245477,27080.0,27.79,1216.9,227540.0,238540.0,24170943,1.1203534756587692,2009-01-01
Ghana,50,2010,0.581638916345485,7.849577869277079,34.907840379713456,35165253297.977684,51.9105987548828,0.3243302156,50.713,0.349196660536635,1697219970.70313,1.87340433140274,0.4499666540406965,29080.0,28.1,1288.11,227540.0,238540.0,24779614,1.173545318341117,2010-01-01
Ghana,50,2011,0.58651143647891,8.255743981739942,34.852913773402484,40104959886.07537,50.1108016967773,0.3243302156,51.394,0.353817189064395,1803869995.11719,1.95860713246672,0.4809413120433494,32400.0,27.79,1161.34,227540.0,238540.0,25387713,1.2762079041936547,2011-01-01
Ghana,50,2012,0.584301344136766,7.982660011077447,34.7979871670915,43831829349.769646,46.5405006408691,0.3243302156,52.073,0.351633978607759,1799290039.0625,1.99497313849354,0.5469976789911424,35340.0,27.55,1209.35,227540.0,238540.0,25996454,1.3594161726826282,2012-01-01
Ghana,50,2013,0.560011908820955,5.136650199690421,34.74306056078052,47037042836.28451,46.2089004516602,0.3243302156,52.748,0.358766889715006,1328170043.94531,1.98266727812612,0.5641236665813403,38240.0,27.73,1065.19,227540.0,238540.0,26607641,1.4371811465736477,2013-01-01
Ghana,50,2014,0.541909019595548,6.139493623327846,34.68813395446955,48380533745.40725,47.698299407959,0.3243302156,53.419,0.349263412663747,1123130004.88281,1.90326518947673,0.5278337731335916,38820.0,27.85,1202.4,227540.0,238540.0,27224480,1.4259225520560908,2014-01-01
Ghana,50,2015,0.543635237169462,6.4613281838022045,34.633207348158564,49406568432.67108,44.0498008728027,0.280001561,54.086,0.352614480832014,1770479980.46875,2.02280700173485,0.5432830519422764,41450.0,27.98,1063.64,227540.0,238540.0,27849203,1.488372934765853,2015-01-01
Ghana,50,2016,0.541554768509147,6.205506347421559,34.81691131229674,51073282096.8342,46.4782981872559,0.280001561,54.749,0.350673762146836,1318650024.41406,1.9449176568113,0.4954015257454133,41280.0,28.23,1159.15,227540.0,238540.0,28481947,1.4493391199695722,2016-01-01
Ghana,50,2017,0.541485648648064,5.388486851577219,35.00061527643491,55224975510.76733,44.8622016906738,0.280001561,55.407,0.354492352937982,1263550048.82813,2.06226558051183,0.5075294291523256,42920.0,28.06,1097.89,227540.0,238540.0,29121464,1.473827002653438,2017-01-01
Ghana,50,2018,0.525724575681378,4.441407054901394,35.032345961149694,58648966891.8988,41.9766006469727,0.280001561,56.06,0.352648246424711,1067540039.0625,2.00466453177694,0.5412013824117546,44500.0,27.98,1268.7,227540.0,238540.0,29767108,1.494938641671203,2018-01-01
Ghana,50,2019,0.525724575681378,5.677452822721758,35.06407664586447,62465709576.181465,40.33256820622267,0.280001561,56.707,0.353420032196431,936320007.324219,2.0335249195769807,0.5552512261914097,45767.82608695652,27.82,1398.57,227540.0,238540.0,30417858,1.5046367198820023,2019-01-01
Ghana,50,2020,0.5205673733255669,2.737079379303254,35.09585127889602,62724594622.77844,38.65880172609472,0.2776932469166667,57.349,0.3545299856123557,948255424.499512,2.0646782593735007,0.5692092741182889,47047.73156899811,28.12,1192.4,227540.0,238540.0,31072945,1.514105971255641,2020-01-01
Greece,49,1995,0.297471323577293,0.769296150489599,26.760204034134983,168365803988.31158,8.31138976882518,0.031846957,72.119,0.423328010129939,133265336.60888693,4.94376436394972,7.843097898695466,104930.0,13.66,649.25,128900.0,131960.0,10562153,9.934527553236542,1995-01-01
Greece,49,1996,0.29691658160734,0.7253450600093794,26.994245151280065,173184650342.47076,8.20918204259172,0.0328035226,72.239,0.427074651498453,133265336.60888693,5.03823854430626,7.801070809139582,105990.0,13.33,715.89,128900.0,131960.0,10608800,9.990762385943745,1996-01-01
Greece,49,1997,0.293188754246606,0.6873543555987535,27.22828549262995,180950594338.91696,7.8340382998263,0.0337600882,72.358,0.436320793157189,133265336.60888693,4.96769829013713,7.856482991361528,107090.0,13.37,580.1,128900.0,131960.0,10661259,10.044779889504609,1997-01-01
Greece,49,1998,0.289099696850352,0.0492978611948148,27.46232660977502,187998448650.07748,7.38036809560521,0.0347166538,72.478,0.44327769911769,133265336.60888693,5.19406302362009,8.127412606994685,111150.0,14.16,622.05,128900.0,131960.0,10720509,10.367977863737629,1998-01-01
Greece,49,1999,0.270064740614504,0.0580192708052568,27.6963669511249,193774882115.0311,7.83406022544686,0.0356732194,72.597,0.449283418281618,133265336.60888693,5.13935734455151,8.121394969455563,112280.0,14.67,638.1,128900.0,131960.0,10761698,10.433297793712478,1999-01-01
Greece,49,2000,0.267138423339484,-0.0062977231261362,27.93040806826998,201370413564.67548,7.82070016860962,0.036629785,72.716,0.456745824048098,133265336.60888693,6.34321185057323,8.741595260622805,117920.0,14.41,405.62,128900.0,131960.0,10805808,10.912649937885256,2000-01-01
Greece,49,2001,0.263436309322941,0.0014694519913877,28.164366951124904,209690257673.30035,7.11059999465942,0.0331606664,72.913,0.463914001301842,133265336.60888693,5.64637806038125,8.894202353644754,118510.0,14.57,558.21,128900.0,131960.0,10862132,10.910381129597765,2001-01-01
Greece,49,2002,0.25631886454561,0.0222195515679131,28.398326609775022,217916138317.24036,7.32919979095459,0.0296915478,73.303,0.468286596819621,133265336.60888693,5.51025681539352,8.860741612886123,118890.0,14.31,781.0,128900.0,131960.0,10902022,10.905316463312952,2002-01-01
Greece,49,2003,0.254182366666119,0.6973340551658497,28.63228549262995,230543356017.46173,7.60279989242554,0.0262224292,73.689,0.46826775268961,133265336.60888693,5.8258684608655,9.17087829781471,122210.0,14.09,689.0,128900.0,131960.0,10928070,11.183127487287326,2003-01-01
Greece,49,2004,0.256267918899219,0.8930303763987848,28.866245151280054,242211138901.63556,7.84810018539429,0.0262224292,74.073,0.473090389373206,133265336.60888693,5.94548795262062,9.11444225135943,121820.0,14.08,607.5,128900.0,131960.0,10955141,11.119893390692097,2004-01-01
Greece,49,2005,0.266516534149558,0.2778577427727964,29.10020403413499,243662327272.92197,8.00500011444092,0.0262224292,74.452,0.468823900017383,133265336.60888693,5.95181717092883,9.278882900770837,123910.0,13.73,687.69,128900.0,131960.0,10987314,11.277551547175223,2005-01-01
Greece,49,2006,0.27389298150788,1.9798946916761864,29.33416291698992,257435178792.51968,8.50780010223389,0.0262224292,74.827,0.496560106611116,133265336.60888693,6.11657773172278,9.13763086911301,122290.0,13.78,679.34,128900.0,131960.0,11020362,11.096731668161173,2006-01-01
Greece,49,2007,0.275014531572197,0.6144857516858807,29.568122575640025,265862955061.90613,8.05220031738281,0.0262224292,75.199,0.496218825807393,133265336.60888693,6.45166441566915,9.441123673832577,125630.0,14.53,638.31,128900.0,131960.0,11048473,11.370802100887609,2007-01-01
Greece,49,2008,0.273118585640169,1.61751241030162,29.80208145849496,264971855395.42307,8.32100009918213,0.0262224292,75.568,0.494264693453326,133265336.60888693,6.10652306365862,9.064040547251038,121790.0,14.57,550.11,128900.0,131960.0,11077841,10.99401950253664,2008-01-01
Greece,49,2009,0.279245469201205,0.8382711295654248,30.036041117145075,253576122155.77728,9.19079971313477,0.0262224292,75.932,0.4958823963536,133265336.60888693,5.81693365848858,8.529742954386403,114900.0,14.47,847.04,128900.0,131960.0,11107017,10.34481175278655,2009-01-01
Greece,49,2010,0.268041237720766,0.1795362266179373,30.27,239683631166.50284,11.3745002746582,0.0227533106,76.292,0.496415986736979,133265336.60888693,5.32807057601023,7.874949612641137,108190.0,14.98,678.33,128900.0,131960.0,11121341,9.728143395657051,2010-01-01
Greece,49,2011,0.254453385809665,0.3864445916212123,30.27,215357384843.75363,11.3763999938965,0.0227533106,76.649,0.487923610945641,133265336.60888693,4.96215551447548,7.613756775275489,105760.0,13.86,601.31,128900.0,131960.0,11104899,9.523724619197347,2011-01-01
Greece,49,2012,0.261839199196097,0.6866917408024521,30.27,200095659972.7988,14.170599937439,0.0227533106,77.004,0.481109850780686,133265336.60888693,4.56769885070574,7.251237685503437,100600.0,14.71,686.84,128900.0,131960.0,11045011,9.1081846817536,2012-01-01
Greece,49,2013,0.256717181546039,1.233157950046181,30.27,195061258726.74768,16.6119003295898,0.0227533106,77.355,0.499147346810024,133265336.60888693,4.22038385346219,6.609995922559083,92970.0,14.77,615.28,128900.0,131960.0,10965211,8.478633014905048,2013-01-01
Greece,49,2014,0.240840010932197,1.147096398253473,30.27,195989157228.9453,16.4074001312256,0.0227533106,77.702,0.514374841390885,133265336.60888693,4.44141486625868,6.385178380584724,89910.0,14.68,871.58,128900.0,131960.0,10892413,8.254369348646621,2014-01-01
Greece,49,2015,0.239923042472018,0.6487254927664667,30.27,195604846736.0188,17.4748992919922,0.019284192,78.046,0.519403849836482,133265336.60888693,4.42126576300281,6.285069342307832,88180.0,14.38,702.43,128900.0,131960.0,10820883,8.149057706288849,2015-01-01
Greece,49,2016,0.233470487820504,1.398086274085438,30.2699767261443,194651912160.36063,16.4099998474121,0.019284192,78.387,0.509824116460102,133265336.60888693,4.37738225264227,6.2036172888735495,86900.0,14.89,648.73,128900.0,131960.0,10775971,8.06423848022605,2016-01-01
Greece,49,2017,0.232977744463213,1.725165992120019,30.2699767261443,196777801306.4196,16.3834991455078,0.019284192,78.724,0.509324103265405,133265336.60888693,4.52188528336189,6.211250005695196,86510.0,14.52,663.65,128900.0,131960.0,10754679,8.043940688513343,2017-01-01
Greece,49,2018,0.232538205073492,1.899280821670888,30.2699767261443,200060898492.7566,17.8591003417969,0.019284192,79.058,0.519179464599416,133265336.60888693,4.09905529778682,6.083175050280064,84750.0,15.22,703.1,128900.0,131960.0,10732882,7.896294769662053,2018-01-01
Greece,49,2019,0.232538205073492,2.437133069865983,30.2699767261443,203669187367.38583,18.27421819279567,0.019284192,79.388,0.524700325818901,133265336.60888693,4.062328816649303,6.006656665566351,83872.60869565218,15.15,791.59,128900.0,131960.0,10721582,7.822782934053218,2019-01-01
Greece,49,2020,0.2298326584691669,1.749487809890978,30.2699767261443,185300000452.3564,18.71182846019584,0.0187607434583333,79.715,0.5289241723059411,133265336.60888693,4.019897958925087,5.9286386593240366,82910.98298676749,15.03,627.19,128900.0,131960.0,10700556,7.74828737747529,2020-01-01
Grenada,51,1995,0.549209581262678,5.838510311779055,52.05882352941177,522071256.691689,7.41831072970153,0.044996486,34.47,0.498802138273496,10819999.6948242,1.95720563547513,1.6951518656642004,1960.0,27.13,1557.9,340.0,340.0,100286,19.54410386295196,1995-01-01
Grenada,51,1996,0.551480457871125,4.623176305837861,52.05882352941177,545242004.4486123,6.14677341105719,0.0428428948,34.714,0.49911834792569,11850000.3814697,2.32661207465482,1.8811322435967248,1990.0,26.9,1689.4,340.0,340.0,101003,19.70238507767096,1996-01-01
Grenada,51,1997,0.552296908551408,8.541765313274555,52.05882352941177,572588587.7897395,8.32580787314513,0.0406893036,34.959,0.498511718374079,8880000.11444092,2.46301680582306,1.96914352102553,2020.0,27.1,1407.7,340.0,340.0,101567,19.888349562357853,1997-01-01
Grenada,51,1998,0.526519434503708,10.91832090926149,52.05882352941177,639887804.5869943,10.1105855379554,0.0385357124,35.204,0.497524046876556,6260000.228881841,2.47290874971098,2.25439361712555,2060.0,27.67,1864.6,340.0,340.0,102023,20.191525440341884,1998-01-01
Grenada,51,1999,0.503987291699957,8.620548563179167,52.05882352941177,684029584.5163666,10.2956442620762,0.0363821212,35.45,0.496765403397456,10399999.6185303,2.22092026150797,2.1478292280506497,2070.0,27.13,1670.7,340.0,340.0,102429,20.209120463931114,1999-01-01
Grenada,51,2000,0.506616038922478,7.193118421946617,52.05882352941177,717464623.2070649,10.4958000183105,0.03422853,35.698,0.496571639626116,16870000.8392334,2.48419024741393,2.042066571370227,2070.0,26.81,1615.8,340.0,340.0,102837,20.128941917792236,2000-01-01
Grenada,51,2001,0.504463729765844,11.288078495342251,52.05882352941177,702943856.4058213,10.417799949646,0.0327228012,35.919,0.498235651561885,11289999.961853,2.58670431235032,2.227775517715658,2100.0,27.19,1276.6,340.0,340.0,103242,20.34055907479514,2001-01-01
Grenada,51,2002,0.502948705846515,10.08424304807899,52.05882352941177,727106310.9815248,10.4602003097534,0.0312170724,35.913,0.503154814176774,10220000.2670288,2.48686259529088,2.315797599289822,2130.0,27.27,1437.4,340.0,340.0,103636,20.55270369369717,2002-01-01
Grenada,51,2003,0.501450510396156,15.086952546505264,52.05882352941177,795919459.0662311,10.4350996017456,0.0297113436,35.907,0.510362833231951,10779999.7329712,2.71737421079353,2.403776814130361,2150.0,27.38,1451.6,340.0,340.0,104003,20.67248060152111,2003-01-01
Grenada,51,2004,0.49329924790706,10.851663449801128,52.05882352941177,790766276.012726,10.5637998580933,0.0297113436,35.901,0.504213175794698,15600000.3814697,2.66549822131381,2.2042052402583714,2140.0,27.19,1835.6,340.0,340.0,104346,20.50869223544745,2004-01-01
Grenada,51,2005,0.485112267555591,10.086488285410008,52.05882352941177,895749896.0712627,10.565899848938,0.0297113436,35.895,0.523658124027589,52599998.4741211,2.91255592794585,2.388732825010988,2160.0,27.53,1791.1,340.0,340.0,104658,20.63865160809494,2005-01-01
Grenada,51,2006,0.471815912492479,12.85058858988944,52.05882352941177,859961747.4754653,10.3627004623413,0.0297113436,35.889,0.452935705904322,26809999.4659424,2.9027011334744,2.477653471573691,2190.0,27.33,1579.4,340.0,340.0,104938,20.86946577979378,2006-01-01
Grenada,51,2007,0.466458342824343,20.63505764394931,52.05882352941177,912621083.2486554,9.89820003509521,0.0297113436,35.883,0.448240272054334,26090000.1525879,2.80264234996493,2.662027133662284,2210.0,27.12,1450.2,340.0,340.0,105183,21.010999876405883,2007-01-01
Grenada,51,2008,0.460273664535165,16.324030878305862,52.05882352941177,921268557.0163308,10.6940002441406,0.0297113436,35.877,0.445483515723991,31799999.237060502,3.05128117796421,2.749935992869131,2240.0,27.03,1552.0,340.0,340.0,105457,21.24088491043743,2008-01-01
Grenada,51,2009,0.462092153027319,13.296980855187469,52.05882352941177,860342475.3702229,10.4736995697021,0.0297113436,35.871,0.447009526637147,45830001.8310547,2.74611296929811,7.656895459744581,2770.0,27.41,1325.4,340.0,340.0,105787,26.184691880854924,2009-01-01
Grenada,51,2010,0.454317857975723,7.836552794067334,52.05882352941177,855943864.7355304,10.5275001525879,0.0282056148,35.865,0.464954246254875,33849998.4741211,2.90252274493581,2.73000273000273,2260.0,27.68,1810.8,340.0,340.0,106227,21.275193688986796,2010-01-01
Grenada,51,2011,0.455678112105865,5.477153937150008,52.05882352941177,862491636.9274837,11.273699760437,0.0282056148,35.859,0.475669593972997,12029999.7329712,3.19249961166068,2.715711797426629,2270.0,27.36,1851.6,340.0,340.0,106786,21.257468207442923,2011-01-01
Grenada,51,2012,0.454105794765666,3.936812274362051,52.05882352941177,852528618.8213491,11.3775997161865,0.0282056148,35.869,0.482536610787107,7659999.84741211,3.09624873675122,3.908722034024495,2410.0,27.23,1425.4,340.0,340.0,107452,22.42861929047389,2012-01-01
Grenada,51,2013,0.453810230598162,8.863829897775204,52.05882352941177,872575136.8135325,10.9188995361328,0.0282056148,35.896,0.494261802896227,12529999.7329712,3.24056738010184,2.9582516732611026,2320.0,27.4,1482.8,340.0,340.0,108172,21.447324631142997,2013-01-01
Grenada,51,2014,0.450388171102794,11.716672678006796,52.05882352941177,936657722.5717808,12.5390996932983,0.0282056148,35.938,0.510271469141993,39709999.0844727,2.91370675700953,2.295684113865932,2260.0,27.36,1435.3,340.0,340.0,108900,20.752984389348025,2014-01-01
Grenada,51,2015,0.449291069393638,15.691161488333256,52.05882352941177,997007925.925926,12.2786998748779,0.026699886,35.997,0.528972772646776,24100000.3814697,2.94826585547678,2.463436219811501,2290.0,27.61,1106.0,340.0,340.0,109603,20.893588679141995,2015-01-01
Grenada,51,2016,0.446395614722126,10.34781743587539,52.05882352941177,1034292546.6636178,12.589599609375,0.026699886,36.072,0.534326226230391,8579999.92370605,2.98690188513087,2.5393831112884646,2310.0,27.58,1674.1,340.0,340.0,110263,20.949910668129835,2016-01-01
Grenada,51,2017,0.445236541308315,13.828213019264012,52.05882352941177,1080201438.2836366,12.586799621582,0.026699886,36.164,0.534594046207514,5840000.15258789,2.59191506033242,2.615581651243754,2330.0,27.41,1714.0,340.0,340.0,110874,21.014845680682576,2017-01-01
Grenada,51,2018,0.425012609246543,15.773851123947384,52.05882352941177,1126643677.1700184,10.3895998001099,0.026699886,36.272,0.528379569497658,31739999.7711182,2.53614198227368,2.6918141930389683,2360.0,27.04,1506.1,340.0,340.0,111449,21.17560498523989,2018-01-01
Grenada,51,2019,0.425012609246543,16.40800645108736,52.05882352941177,1134931073.155044,10.518786281432003,0.026699886,36.396,0.5230414705172,14680000.3051758,2.5613131277866605,2.7351473377074367,2377.391304347826,27.34,1240.1,340.0,340.0,112002,21.22632903294429,2019-01-01
Grenada,51,2020,0.4198377354125374,14.27994345471872,52.05882352941177,979357778.2282244,10.708873797535256,0.0259375276666666,36.537,0.5240514426940209,14840833.66394045,2.5715175214010886,2.7722784287557287,2394.234404536862,27.43,1513.6,340.0,340.0,112519,21.27848989536756,2020-01-01
Guatemala,52,1995,0.639865418443021,0.5131212880706862,41.9484882418813,30509494153.709778,65.1427507710262,0.294117499,43.654,0.268158362278955,205350006.103516,1.51966167456625,0.617296792214789,16110.0,23.52,3152.81,107160.0,108890.0,10286786,1.5660868224535829,1995-01-01
Guatemala,52,1996,0.634701213929012,0.4905952565452792,41.4147069802165,31411897835.53787,65.7253778641803,0.2957350666,43.989,0.267913720029529,182839996.33789095,1.46763169710477,0.5874569680653078,16140.0,23.11,2750.71,107160.0,108890.0,10536942,1.5317537099473453,1996-01-01
Guatemala,52,1997,0.628197842071197,3.549179704034866,40.880925718551694,32782741311.072453,65.3040026904336,0.2973526342,44.323,0.2746193688568,256299987.792969,1.49125674871123,0.6071357264429948,16890.0,23.6,2721.12,107160.0,108890.0,10788362,1.5655759419270507,1997-01-01
Guatemala,52,1998,0.62538457983123,6.941303682764617,40.347144456886895,34419756613.04559,62.0396959127117,0.2989702018,44.659,0.280548660291226,230289993.28613305,1.5970159071366,0.7504833103465757,18840.0,23.86,2960.44,107160.0,108890.0,11046215,1.70556158829065,1998-01-01
Guatemala,52,1999,0.615987511666444,5.047380675315591,39.813363195222095,35743906055.21923,64.6055218216713,0.3005877694,44.995,0.282028014534502,280899993.896484,1.5923628750165,0.7249530062475036,19390.0,23.06,2910.52,107160.0,108890.0,11311078,1.7142486330657432,1999-01-01
Guatemala,52,2000,0.616281942333738,-4.088377139280806,39.279581933557296,37033856699.2542,62.7472991943359,0.302205337,45.332,0.284500437062825,260700012.207031,1.60323960335043,0.8127863896416846,20920.0,23.29,2680.08,107160.0,108890.0,11589761,1.8050415362318517,2000-01-01
Guatemala,52,2001,0.612846219305631,-5.088204498341115,38.82549458753266,37897699132.56425,61.3469009399414,0.3170165932,45.668,0.280437527711564,227160003.66210905,1.70252616712828,0.8263442941179195,21690.0,23.59,2733.69,107160.0,108890.0,11871565,1.8270548154350328,2001-01-01
Guatemala,52,2002,0.60887611734389,-4.974498761301871,38.37140724150802,39352700601.088165,63.8390998840332,0.3318278494,46.005,0.276714528161703,253240005.493164,1.80150651679828,0.861904464763913,22610.0,23.73,2591.44,107160.0,108890.0,12147518,1.861285572904687,2002-01-01
Guatemala,52,2003,0.605078431247592,0.0903239703402522,37.91731989548339,40360278359.04079,64.3667984008789,0.3466391056,46.318,0.274633441736845,259309997.558594,1.74836567242093,0.8489501772566086,22890.0,23.84,2326.5,107160.0,108890.0,12415334,1.843687813795424,2003-01-01
Guatemala,52,2004,0.598201447151677,1.363176393205257,37.46323254945875,41626750328.762695,66.1740036010742,0.3466391056,46.616,0.287622349954323,233509994.506836,1.75452005704019,0.847650879491012,23350.0,23.78,2557.13,107160.0,108890.0,12682108,1.841176561499082,2004-01-01
Guatemala,52,2005,0.596193251629204,2.016163382682043,37.00914520343412,42990453877.905495,65.3371963500977,0.3466391056,46.913,0.278608900028267,269480010.986328,1.82224689806412,0.8896926328198345,24710.0,23.73,2971.99,107160.0,108890.0,12948292,1.908359805293239,2005-01-01
Guatemala,52,2006,0.581220529220096,2.1358665197765263,36.55505785740949,45291044075.398575,64.8292999267578,0.3466391056,47.21,0.260549800135996,500670013.427734,1.75328286705208,0.8710900280247296,24770.0,23.64,2986.19,107160.0,108890.0,13213330,1.8746220672608649,2006-01-01
Guatemala,52,2007,0.584701534854921,2.559590593427368,36.10097051138485,48161463040.73464,63.3706016540527,0.3466391056,47.508,0.271632166359414,465029998.779297,1.78640041619703,0.9208269159265732,26220.0,23.54,2631.39,107160.0,108890.0,13477017,1.9455343864298755,2007-01-01
Guatemala,52,2008,0.583434596483425,1.8995150518172943,35.64688316536021,49747672384.86955,66.5933990478516,0.3466391056,47.807,0.27784467052223,539500000.0,1.7402573228334,0.8180912286718558,25060.0,23.59,2863.94,107160.0,108890.0,13739299,1.823964963569102,2008-01-01
Guatemala,52,2009,0.546345063419923,1.3462856482693453,35.19279581933557,49984918092.548775,65.3490982055664,0.3466391056,48.104,0.2779828163592,380559997.558594,1.72228122751353,0.8464170843395696,26400.0,23.96,2466.58,107160.0,108890.0,14000190,1.885688694224864,2009-01-01
Guatemala,52,2010,0.540700020221481,2.710316822343287,34.738708473310936,51426570817.881874,67.1608963012695,0.3614503618,48.403,0.289691771642942,402059997.558594,1.75061200649081,0.8029629261848454,26450.0,23.39,3134.1,107160.0,108890.0,14259687,1.8548794233702324,2010-01-01
Guatemala,52,2011,0.525438881474687,1.87037811588477,34.48338932437477,53567925339.824326,67.1815032958984,0.3614503618,48.701,0.28992748480141,353570007.324219,1.78053964851163,0.8084555915825586,27070.0,23.79,3078.85,107160.0,108890.0,14521515,1.8641305676439408,2011-01-01
Guatemala,52,2012,0.519655272666306,2.8225611702986693,34.2280701754386,55161415004.86324,67.4418029785156,0.3614503618,49.0,0.28756323253905,304890014.64843804,1.74323782773472,0.8219488345983227,27780.0,23.85,2470.43,107160.0,108890.0,14781942,1.8793200514519677,2012-01-01
Guatemala,52,2013,0.519881833599875,2.872156332831673,33.97275102650242,57199529556.80232,67.2799987792969,0.3614503618,49.311,0.293353506693061,496600006.103516,1.7399430195867,0.864797688856427,28900.0,23.73,3446.62,107160.0,108890.0,15043981,1.921034066714123,2013-01-01
Guatemala,52,2014,0.525072863725841,2.433011043415739,33.717431877566256,59741463827.80382,66.3634033203125,0.3614503618,49.634,0.315592926752516,279839996.33789104,1.74711701261896,0.9113884751889352,30120.0,23.72,2730.94,107160.0,108890.0,15306316,1.967815116321916,2014-01-01
Guatemala,52,2015,0.521171581958694,1.9350842144570208,33.46211272863008,62186186575.743324,63.3911018371582,0.376261618,49.971,0.31964272167433,411290008.544922,1.83684658377493,1.049628072579019,32990.0,24.16,2464.13,107160.0,108890.0,15567419,2.1191695296439312,2015-01-01
Guatemala,52,2016,0.525632353997651,1.28045247920901,33.3538633818589,63851409868.92978,63.3282012939453,0.376261618,50.319,0.324196346076994,265450012.207031,1.81082383324662,1.1031300208684909,34310.0,24.27,2601.98,107160.0,108890.0,15827690,2.167719989461507,2016-01-01
Guatemala,52,2017,0.522812426649254,1.3932824374459805,33.24561403508772,65817938467.96656,65.0709991455078,0.376261618,50.68,0.318784091154854,367010009.765625,1.76905582938159,1.0262678572782782,33570.0,24.07,2643.18,107160.0,108890.0,16087418,2.0867239230061654,2017-01-01
Guatemala,52,2018,0.519022494482674,1.2599586314053386,33.13736468831653,68004474883.707664,64.0977020263672,0.376261618,51.054,0.314983079900452,399399993.896484,1.81983236915158,1.1139692725554309,35400.0,23.52,2499.5,107160.0,108890.0,16346950,2.1655415842098984,2018-01-01
Guatemala,52,2019,0.519022494482674,1.518212034811386,33.02911534154535,70634110391.97794,64.0522651244255,0.376261618,51.439,0.319146358879276,393850006.103516,1.83288326891616,1.1355637282224151,36238.69565217391,24.01,2235.96,107160.0,108890.0,16604026,2.182524626989497,2019-01-01
Guatemala,52,2020,0.5139873726509929,1.0997392760318825,32.92086599477417,69560946554.62157,63.97952109226225,0.379684289625,51.836,0.3212708587376227,401704172.7701827,1.848763772038394,1.1593944569248982,37112.55198487713,24.34,2861.6,107160.0,108890.0,16858333,2.201436641741336,2020-01-01
Guyana,53,1995,0.715369791452306,11.97181358431955,94.40276860553722,2512279686.6221805,38.3813997879467,1.322980192,29.137,0.379328495771586,68089996.3378906,2.01318430612941,2.0097254951411934,3630.0,26.18,2216.66,196850.0,214970.0,761298,4.7681722531781245,1995-01-01
Guyana,53,1996,0.716339911498944,8.36397760734315,94.38350012700026,2712144537.776695,38.6081936074447,1.3117179296,29.048,0.379986770585382,88800003.0517578,1.91030285774365,2.0767585741869423,3690.0,25.88,2511.99,196850.0,214970.0,760801,4.850151353639125,1996-01-01
Guyana,53,1997,0.703386345086838,6.941311125065816,94.36423164846327,2879773122.5219603,36.9338793016429,1.3004556672,28.959,0.382823949267037,235529998.779297,2.25431288069268,2.2692041294237937,3910.0,26.16,2273.32,196850.0,214970.0,757975,5.158481480259903,1997-01-01
Guyana,53,1998,0.692738814192633,6.132141946270182,94.34496316992634,2831418722.665243,34.652073171832,1.2891934048,28.871,0.384327697016188,75379997.253418,2.14569704470436,2.3216384664980936,3840.0,26.63,2431.32,196850.0,214970.0,753778,5.09433812077296,1998-01-01
Guyana,53,1999,0.680416376775846,6.6210391832261575,94.3256946913894,2915233015.037876,35.7476447575742,1.2779311424,28.782,0.377005577837192,55619998.9318848,2.30037012259081,2.3210026731548026,3970.0,25.97,2648.95,196850.0,214970.0,749676,5.295621041623314,1999-01-01
Guyana,53,2000,0.673318165335247,9.415325189771478,94.30642621285244,2875474953.40836,29.7537002563477,1.26666888,28.694,0.369933878938301,63630001.0681152,2.08990766205937,2.223061450239582,3640.0,25.95,2937.56,196850.0,214970.0,746718,4.874664866790408,2000-01-01
Guyana,53,2001,0.670546650933119,7.863317836523398,94.28386588773178,2941022027.776724,30.4055004119873,1.2343938082,28.606,0.368748331245557,63919998.1689453,2.08347529205468,2.2007337568403904,3690.0,26.14,1929.87,196850.0,214970.0,745206,4.951650952890878,2001-01-01
Guyana,53,2002,0.666007103531935,6.004422603890201,94.26130556261111,2974332836.221528,33.7304000854492,1.2021187364,28.518,0.365632875851302,47259998.3215332,2.27167963729949,2.1751126829209344,3580.0,25.87,2327.33,196850.0,214970.0,744789,4.806730496825275,2002-01-01
Guyana,53,2003,0.667474342780396,3.5124830839071524,94.23874523749048,2955528348.899392,34.095100402832,1.1698436646,28.307,0.368819808352237,59279998.779296905,2.47806875078511,2.174082255462717,3800.0,26.37,2131.11,196850.0,214970.0,745142,5.099699117752053,2003-01-01
Guyana,53,2004,0.656598358808741,3.8080036100736416,94.21618491236984,3001733663.71362,35.0512008666992,1.1698436646,28.064,0.36662982965269,101339996.337891,2.28969074453185,2.2393953900637893,3830.0,26.12,2323.28,196850.0,214970.0,745737,5.135858888589409,2004-01-01
Guyana,53,2005,0.665983593158384,9.310438943914408,94.19362458724918,2943171112.819213,34.1296997070313,1.1698436646,27.822,0.310374730672887,101360000.610352,2.12622531297048,1.983499429073813,3480.0,26.33,2741.24,196850.0,214970.0,746156,4.663904062957344,2005-01-01
Guyana,53,2006,0.665795005246474,4.302849357405206,94.17106426212852,3094144293.342076,36.2766990661621,1.1698436646,27.582,0.307724284615386,129509994.506836,2.08911690438013,1.7820415765038489,3300.0,26.17,2660.11,196850.0,214970.0,746335,4.421606919144888,2006-01-01
Guyana,53,2007,0.660564206286777,5.580432440649073,94.14850393700786,3316651519.1005607,32.6264991760254,1.1698436646,27.343,0.304965513213475,78080001.8310547,2.36231083803427,2.143401605139877,3610.0,26.04,2889.94,196850.0,214970.0,746477,4.836049871596847,2007-01-01
Guyana,53,2008,0.643509535378041,5.883931990214745,94.12594361188724,3369916998.060102,32.0345993041992,1.1698436646,27.105,0.304577972000899,120389999.389648,2.36062438131748,2.142431525879904,3760.0,25.97,2943.96,196850.0,214970.0,746815,5.034714085817773,2008-01-01
Guyana,53,2009,0.648860593440795,5.180589092632546,94.10338328676656,3500552685.8119745,31.0874004364014,1.1698436646,26.869,0.300701723758249,111230003.356934,2.44782223977037,2.16659221792173,3780.0,26.26,2178.08,196850.0,214970.0,747718,5.055381841817369,2009-01-01
Guyana,53,2010,0.635655417138324,5.767696291040591,94.08082296164592,3632810573.798413,30.2868003845215,1.1375685928,26.634,0.300153117222669,106410003.662109,2.3926176328792,2.3484514897989137,4010.0,26.51,2615.46,196850.0,214970.0,749430,5.350733223916843,2010-01-01
Guyana,53,2011,0.640737880646408,6.685838665687611,94.0214376428753,3826780067.115383,32.5707015991211,1.1375685928,26.4,0.297068356537032,105620002.746582,2.93726053151666,2.4334167964267333,4100.0,26.1,2592.99,196850.0,214970.0,752029,5.451917412759348,2011-01-01
Guyana,53,2012,0.63450276065802,6.8398695395543445,93.96205232410465,4032799496.9052825,28.4125003814697,1.1375685928,26.4,0.29083133523326,114919998.168945,3.09078206602978,2.6476459779609947,4360.0,25.95,2353.88,196850.0,214970.0,755388,5.771868231954969,2012-01-01
Guyana,53,2013,0.629246373572751,4.812092171568452,93.902667005334,4180138018.808871,26.2742004394531,1.1375685928,26.4,0.297242296662881,101239997.86377,2.88810521438833,2.607730207920388,4520.0,25.98,2459.41,196850.0,214970.0,759281,5.95300027262634,2013-01-01
Guyana,53,2014,0.628230021002478,5.759923971675083,93.84328168656336,4250616305.047761,24.0174999237061,1.1375685928,26.414,0.310415474704263,160610000.61035198,2.15594874130793,2.698556796105694,4730.0,26.23,1795.75,196850.0,214970.0,763371,6.196200798825211,2014-01-01
Guyana,53,2015,0.62614367231889,3.2174098510161384,93.78389636779274,4279840193.7046,24.9480991363525,1.105293521,26.441,0.31079337506931,32139999.3896484,2.59285747854373,2.671242961926318,4830.0,26.58,2102.2,196850.0,214970.0,767433,6.2937090273678615,2015-01-01
Guyana,53,2016,0.631976015510758,3.628485800866396,93.73716027432056,4442813034.63534,21.4074001312256,1.105293521,26.482,0.322178146426565,70019996.6430664,2.81718580088344,2.9946989938589224,4720.0,26.46,2255.25,196850.0,214970.0,771363,6.119038636802647,2016-01-01
Guyana,53,2017,0.642358064632489,6.894095039100731,93.69037338074676,4608724292.15863,22.1821994781494,1.105293521,26.538,0.317914107206477,51130001.0681152,2.72603722386315,2.992706567700957,4830.0,26.36,2366.5,196850.0,214970.0,775218,6.230505483618802,2017-01-01
Guyana,53,2018,0.615362160847465,24.65528995053808,93.64363728727456,4813398364.268965,16.8080005645752,1.105293521,26.606,0.316643368747882,104180000.305176,3.40717658192454,3.1321926503869677,5040.0,26.12,2262.52,196850.0,214970.0,779007,6.469774982766522,2018-01-01
Guyana,53,2019,0.615362160847465,32.76494897601715,93.59685039370078,5071041645.23612,15.870026685298177,1.105293521,26.689,0.314328417592702,113269996.643066,3.4677849417417197,3.180995570180262,5101.304347826087,26.42,2364.56,196850.0,214970.0,782775,6.516948481780955,2019-01-01
Guyana,53,2020,0.6111951762389299,21.831959450095727,93.5501143002286,7275908034.114223,14.881410732161372,1.0962232430416663,26.786,0.3116200810019152,115152496.65578164,3.535501554089461,3.2290058743538843,5162.665406427222,26.48,2731.72,196850.0,214970.0,786559,6.563608586803052,2020-01-01
Honduras,54,1995,0.621778074065584,0.9350259787851948,61.5159978550362,9943190351.805258,62.9696978904356,0.39649785,42.941,0.262926307037349,374670013.427734,1.67423624374111,0.6796274660580381,13700.0,23.94,2040.25,111890.0,112490.0,5709010,2.3997155373698766,1995-01-01
Honduras,54,1996,0.625733101661687,1.7430392090925255,61.32875145231925,10129205199.762356,62.6305861490462,0.37661919,43.442,0.26228828221222,238729995.727539,1.71366396152245,0.6689573491177764,13290.0,23.47,2011.5,111890.0,112490.0,5874814,2.2621992798410298,1996-01-01
Honduras,54,1997,0.620975095022257,2.1177948337706454,61.14150504960229,10594954468.41702,65.3814750625367,0.35674053,43.944,0.276197181149372,275519989.013672,1.79813458844488,0.673205304130007,13220.0,24.0,1922.33,111890.0,112490.0,6045704,2.186676688107787,1997-01-01
Honduras,54,1998,0.615231364931594,1.555053545136469,60.95425864688534,10975338023.634792,62.8730450288273,0.33686187,44.447,0.278160004180513,283500000.0,1.72965951667812,0.7571854244217218,13440.0,24.19,1984.41,111890.0,112490.0,6220405,2.160631020005932,1998-01-01
Honduras,54,1999,0.61209856769572,3.699419136697017,60.767012244168384,10894597830.332369,53.7641113868384,0.31698321,44.952,0.276143914479166,757260009.765625,1.74012232773715,0.747208908981201,12870.0,23.36,1875.17,111890.0,112490.0,6397140,2.011836539453568,1999-01-01
Honduras,54,2000,0.609398605446488,4.926612160148276,60.57976584145143,11688954351.872965,55.2414016723633,0.29710455,45.458,0.274546927789404,399850006.103516,1.66784434837675,0.766597054381239,13180.0,23.59,1880.42,111890.0,112490.0,6574510,2.004712138243002,2000-01-01
Honduras,54,2001,0.613680024176722,4.095065413125414,60.39851640003574,12007267170.4922,50.4047012329102,0.331933201,45.964,0.275852753951235,562250000.0,1.75095462684808,0.8664212448266506,14090.0,23.97,1880.26,111890.0,112490.0,6751912,2.0868162973688045,2001-01-01
Honduras,54,2002,0.616140956430894,3.695248952966378,60.21726695862007,12458060547.969353,49.7555999755859,0.366761852,46.61,0.270352402795887,382089996.33789104,1.71216561672615,0.8846534561303525,14490.0,24.12,1742.97,111890.0,112490.0,6929267,2.0911302739524973,2002-01-01
Honduras,54,2003,0.615452817862437,4.793033526507922,60.0360175172044,13024533301.58361,47.9361000061035,0.401590503,47.267,0.270958269208655,317260009.765625,1.75721839769149,0.9526727113304588,16320.0,24.19,1784.61,111890.0,112490.0,7106323,2.2965463292338386,2003-01-01
Honduras,54,2004,0.614640886758582,6.749984276319456,59.85476807578872,13836261676.154394,46.7032012939453,0.401590503,47.927,0.276848445359692,539570007.324219,1.74618582277087,1.0449058232285722,17140.0,24.05,1907.63,111890.0,112490.0,7282953,2.3534409737368893,2004-01-01
Honduras,54,2005,0.614112414353009,6.214414182572822,59.673518634373046,14673438417.507778,51.6064987182617,0.401590503,48.585,0.264776225484026,649359985.351563,1.7855132036419,0.9424878622846924,17100.0,23.98,1886.56,111890.0,112490.0,7458982,2.292538043395198,2005-01-01
Honduras,54,2006,0.612567866260405,6.618798333983067,59.49226919295736,15637078855.80536,52.4742012023926,0.401590503,49.245,0.260306240221786,518229980.46875,1.78737407741699,1.0518325529731298,18070.0,24.03,2328.52,111890.0,112490.0,7634295,2.366950713851115,2006-01-01
Honduras,54,2007,0.611072812261512,7.876879517841121,59.31101975154169,16604752454.729988,50.8550987243652,0.401590503,49.905,0.276959969875933,407540008.544922,1.79856765671855,1.1026417298028308,18750.0,23.95,1755.74,111890.0,112490.0,7808520,2.401223279187349,2007-01-01
Honduras,54,2008,0.607329352971635,8.70809671413543,59.12977031012602,17307399177.88508,50.2480010986328,0.401590503,50.566,0.281947238857106,462130004.882813,1.7071140277909,1.0838301932538148,18770.0,23.89,2157.6,111890.0,112490.0,7980955,2.35184887021666,2008-01-01
Honduras,54,2009,0.605980644819728,3.4135855457946542,58.94852086871034,16886547634.19348,51.2672004699707,0.401590503,51.225,0.293750754866887,418390014.6484381,1.65572333659376,0.9999043036371978,18710.0,24.23,1785.41,111890.0,112490.0,8150780,2.295485830803923,2009-01-01
Honduras,54,2010,0.604421250621764,3.861347522424954,58.767271427294666,17516608425.737392,52.1040992736816,0.436419154,51.885,0.286440030307574,470500000.0,1.64756308530285,0.9870793596175376,18890.0,23.86,1900.92,111890.0,112490.0,8317467,2.2711241294975983,2010-01-01
Honduras,54,2011,0.609784565234949,5.9277074002065255,58.56771829475378,18188491339.435654,51.9175987243652,0.436419154,52.543,0.275299158227172,359250000.0,1.69635702611052,1.0352955603743572,19920.0,23.96,1983.12,111890.0,112490.0,8480670,2.348871020803781,2011-01-01
Honduras,54,2012,0.606253818799255,5.8767126541958525,58.36816516221288,18939437353.034725,52.2736015319824,0.436419154,53.202,0.265376063256272,566190002.441406,1.56081318999304,1.0577856495752886,20300.0,24.01,1862.39,111890.0,112490.0,8640692,2.3493488715950064,2012-01-01
Honduras,54,2013,0.60305782626576,5.818741424902014,58.168612029672,19468143064.472908,51.0688018798828,0.436419154,53.858,0.270491914107401,625869995.117188,1.50198382870258,1.0615416858554911,20880.0,24.05,2161.56,111890.0,112490.0,8798524,2.373125310563453,2013-01-01
Honduras,54,2014,0.609775996569564,8.689679976921362,57.96905889713111,20063494563.33788,53.6277008056641,0.436419154,54.514,0.276528261266848,606280029.296875,1.41377062263193,1.0563247781075906,21120.0,24.08,1779.79,111890.0,112490.0,8955579,2.358306481356482,2014-01-01
Honduras,54,2015,0.611135878173238,6.319876467035128,57.76950576459022,20833948799.53516,52.67919921875,0.471247805,55.165,0.279309835365319,540599975.585938,1.55758302107584,1.083079554003861,21560.0,24.41,1802.18,111890.0,112490.0,9112904,2.365875905199923,2015-01-01
Honduras,54,2016,0.606882492220303,5.318544576940109,57.58378764858343,21645008633.893303,52.7729988098145,0.471247805,55.813,0.274358013123136,412399993.896484,1.523862711481,1.013936886096272,21500.0,24.45,1896.75,111890.0,112490.0,9270794,2.319110962879771,2016-01-01
Honduras,54,2017,0.609230622797181,4.134662667397753,57.39663955670748,22693257767.953884,46.2438011169434,0.471247805,56.457,0.27546878455678,442230010.986328,1.4860086215585,0.9545004484030996,21300.0,24.29,2028.61,111890.0,112490.0,9429016,2.2589843945540022,2017-01-01
Honduras,54,2018,0.600958256047018,6.0358205242265495,57.20940209133971,23565812342.19884,50.0624008178711,0.471247805,57.096,0.274990063794137,664900024.414063,1.57455470561186,1.019032757470308,22400.0,23.79,1794.86,111890.0,112490.0,9587523,2.3363698840670315,2018-01-01
Honduras,54,2019,0.600958256047018,3.833334358515549,57.02216462597194,24191028957.12005,49.50121398862917,0.471247805,57.73,0.26887108914671,457570007.324219,1.570220725693197,1.0337895092708411,22778.260869565216,24.24,1614.54,111890.0,112490.0,9746115,2.3371631536838238,2019-01-01
Honduras,54,2020,0.6000907636295778,0.9974412803117204,56.83492716060417,22022361225.061146,48.93037172078495,0.4743623864583333,58.359,0.2691187884012667,461024173.7365725,1.5639840632658382,1.0496517771035834,23190.79395085066,24.46,1914.63,111890.0,112490.0,9904608,2.3414146174034007,2020-01-01
Hungary,55,1995,0.367361337881174,10.34804781944965,20.7827175606499,79305666186.35497,5.4175975751867,0.063339172,65.209,0.492119173954915,654799987.792969,3.36118395501343,5.5600924197148505,72650.0,10.52,674.74,89860.0,93030.0,10328965,7.033618566816714,1995-01-01
Hungary,55,1996,0.368420379843743,7.048915981219716,20.90209214333408,79371021989.92241,5.14334397296244,0.06293777,65.083,0.483547386705157,331109985.35156304,3.69434153503691,5.66954229938248,74920.0,9.6,629.97,89860.0,93030.0,10311238,7.265858861952367,1996-01-01
Hungary,55,1997,0.371590962734612,8.804210550019718,21.035512249443205,81865754969.43607,5.23053173000209,0.062536368,64.956,0.486595649132869,280799987.792969,3.71516351909247,5.5381252158547225,73270.0,10.14,505.41,89800.0,93030.0,10290486,7.1201690571271365,1997-01-01
Hungary,55,1998,0.368068109138435,6.696509727248189,21.15496659242762,85058519864.3194,5.18874780556344,0.062134966,64.829,0.491851601501804,350929992.675781,3.58562294323071,5.586091557355573,73140.0,10.64,673.19,89800.0,93030.0,10266570,7.124093051525485,1998-01-01
Hungary,55,1999,0.369595911770467,6.897764049003037,21.274420935412028,87670689948.35902,5.15847217091299,0.061733564,64.702,0.493668631284508,213770004.272461,3.55443398482811,5.656637880426235,73870.0,10.81,713.58,89800.0,93030.0,10237530,7.215607670990952,1999-01-01
Hungary,55,2000,0.375175741781784,5.819155703972153,21.436844454362863,91597630064.52882,5.16650009155273,0.061332162,64.575,0.500587736978922,181639999.389648,3.46749157481744,5.350127818402383,71050.0,11.83,440.61,89620.0,93030.0,10210971,6.958202114176997,2000-01-01
Hungary,55,2001,0.371035862993428,7.551293738403668,21.576567730417317,95329401340.69612,5.12139987945557,0.0550442918,64.67,0.512018956168998,170029998.779297,4.00416688000128,5.52633914093009,73240.0,10.72,579.79,89620.0,93030.0,10187576,7.189148822055413,2001-01-01
Hungary,55,2002,0.364922744851882,5.388975930438962,21.71629100647177,99849237020.39684,5.16639995574951,0.0487564216,65.081,0.517322299487898,151949996.94824198,3.7616802558613,5.476143975631307,71420.0,11.56,584.18,89620.0,93030.0,10158608,7.030490791651769,2002-01-01
Hungary,55,2003,0.364390696789584,4.873871925465475,21.856014282526225,103927602409.31508,5.00939989089966,0.0424685514,65.489,0.508208239024056,186740005.493164,3.74747632643118,5.748526687063752,74340.0,10.72,455.1,89620.0,93030.0,10129552,7.338922787503336,2003-01-01
Hungary,55,2004,0.366073026050423,4.357647525639454,21.995737558580675,109124448461.95842,4.62879991531372,0.0424685514,65.896,0.511561843999937,280059997.558594,4.6396443729358,5.5792208799595855,73210.0,10.5,668.29,89620.0,93030.0,10107146,7.243389973786863,2004-01-01
Hungary,55,2005,0.366343641499245,24.27630563178055,22.13793103448276,113811647409.44933,7.28900003433228,0.0424685514,66.365,0.512421710527855,366630004.882813,4.27628630989293,5.54769895901335,72300.0,10.1,694.24,89610.0,93030.0,10087065,7.167595331248485,2005-01-01
Hungary,55,2006,0.360393155856875,16.136946538886708,22.27766990291262,118304669166.67412,7.86390018463135,0.0424685514,66.895,0.533368161899306,531539978.027344,4.0966166710226,5.506698691439198,71520.0,10.77,585.53,89610.0,93030.0,10071370,7.101317894189172,2006-01-01
Hungary,55,2007,0.361806794519159,50.36905493405576,22.417408771342487,118632350335.17404,8.99969959259033,0.0424685514,67.421,0.531724183116497,622630004.882813,3.56643757012093,5.356123542877827,69350.0,11.85,625.21,89610.0,93030.0,10055780,6.896531149249486,2007-01-01
Hungary,55,2008,0.35594793864146,47.424181956562144,22.557147639772342,119826343157.34831,8.95930004119873,0.0424685514,67.943,0.534350412958687,824619995.117188,4.13748776017235,5.282825944283968,67960.0,11.79,604.76,89610.0,93030.0,10038188,6.770146165821959,2008-01-01
Hungary,55,2009,0.35335426761857,-2.1295019994167603,22.4662321882249,111923227694.59335,12.2901000976563,0.0424685514,68.46,0.540352321596409,990760009.765625,3.34145735532666,4.77318872753214,62110.0,11.61,629.98,90530.0,93030.0,10022650,6.196963876819005,2009-01-01
Hungary,55,2010,0.350725129585825,-15.707556615121026,22.60455097757649,113135489067.68816,13.4565000534058,0.0361806812,68.911,0.528734632429054,2889840087.89063,3.13490035320128,4.7879889876253285,62090.0,10.63,864.96,90530.0,93030.0,10000023,6.208985719332846,2010-01-01
Hungary,55,2011,0.346831534405306,7.564063070938171,22.63642991273611,115239984606.15932,14.7435998916626,0.0361806812,69.358,0.536083403041665,1506459960.9375,3.49244840082989,4.704300468715198,61350.0,11.15,426.56,90530.0,93030.0,9971727,6.152394665437591,2011-01-01
Hungary,55,2012,0.341728716037934,8.393721126152679,22.668308847895723,113790554267.76334,16.465799331665,0.0361806812,69.678,0.533144791791027,1273349975.58594,2.93837900729866,4.3778644368018025,57470.0,11.55,510.75,90530.0,93030.0,9920362,5.793135371471323,2012-01-01
Hungary,55,2013,0.338701666800181,-2.642401764619119,22.70018778305534,115846025793.63304,17.1826992034912,0.0361806812,69.953,0.530435789593931,1152130004.88281,3.233970014845,4.120050758701889,55130.0,11.45,612.43,90530.0,93030.0,9893082,5.57258092068781,2013-01-01
Hungary,55,2014,0.33284395655125,9.257299856368297,22.55023011176857,120739043970.89491,15.7227001190186,0.0361806812,70.227,0.521883065768732,1082359985.35156,3.55948412071244,4.117988321656747,55400.0,12.31,728.57,91260.0,93030.0,9866468,5.61497792320413,2014-01-01
Hungary,55,2015,0.328006324036063,-4.206072727018576,22.581854043392504,125210324613.14026,15.6000995635986,0.029892811,70.5,0.516702263441474,1045859985.35156,3.47343390255571,4.407180392050089,58330.0,12.04,570.19,91260.0,93030.0,9843028,5.926021951781505,2015-01-01
Hungary,55,2016,0.319311126726594,54.16924623639729,22.55895244356783,127954885306.93707,15.2638998031616,0.029892811,70.779,0.504547359405561,1071680053.71094,3.79526869779906,4.532290172949463,58960.0,11.5,730.77,91260.0,93030.0,9814023,6.007729959467183,2016-01-01
Hungary,55,2017,0.317238728077461,-8.476577852130363,22.542954196800352,133416713057.01984,14.5065002441406,0.029892811,71.062,0.502873972644916,981250000.0,3.530130601627,4.755839977376301,60880.0,11.52,604.93,91260.0,93030.0,9787966,6.219882659992893,2017-01-01
Hungary,55,2018,0.318290476003347,-40.08105625907732,22.528161297392067,140567177109.71692,13.5340995788574,0.029892811,71.351,0.497572150383524,997159973.144531,3.86586974950499,4.745506243936411,60920.0,12.36,591.21,91260.0,93030.0,9775564,6.231865496456265,2018-01-01
Hungary,55,2019,0.318290476003347,60.06159150442995,22.512272627657243,146968695014.00662,13.886990970321344,0.029892811,71.644,0.498696058493163,726469970.703125,3.887812610135058,4.710089453685175,60410.0,12.49,613.44,91260.0,93030.0,9771141,6.182491891172178,2019-01-01
Hungary,55,2020,0.3162458567584375,108.42049770417496,22.49627438088976,140096898857.09683,14.267149535423906,0.028499212625,71.942,0.4989700953489233,729456219.9910482,3.89622439600889,4.668374112567901,59779.13043478261,11.94,626.27,91260.0,93030.0,9750149,6.131099169333988,2020-01-01
Iceland,56,1995,0.294446687912768,-0.1306777422126196,0.2339152119700748,9144298184.415644,55.6507167055427,0.026623204,91.63,0.56872152837087,133265336.60888693,3.253629499177885,7.477530022283039,3020.0,0.98,1007.05,100250.0,103000.0,267468,11.29107033364739,1995-01-01
Iceland,56,1996,0.292386737399296,1.1228194386616828,0.246643391521197,9561929577.68111,52.2531955456447,0.0252967848,91.797,0.566131673527693,133265336.60888693,3.253629499177885,8.441297654286096,3280.0,2.18,1000.77,100250.0,103000.0,268916,12.197117315444228,1996-01-01
Iceland,56,1997,0.292971534393151,1.955341371732317,0.2593715710723192,10113798777.020948,54.8819563147358,0.0239703656,91.96,0.58340452878787,133265336.60888693,3.253629499177885,7.929833879200968,3260.0,2.13,1139.67,100250.0,103000.0,271128,12.023841137765189,1997-01-01
Iceland,56,1998,0.292189679443267,1.8119491164534471,0.2720997506234413,10858456575.509476,57.2124456592265,0.0226439464,92.121,0.617784420370582,133265336.60888693,3.253629499177885,7.8453695898878655,3400.0,1.49,1056.92,100250.0,103000.0,274047,12.406630979357557,1998-01-01
Iceland,56,1999,0.28959255450616,0.7419167202603829,0.2848279301745636,11296586994.517038,59.8176763149088,0.0213175272,92.267,0.620812270339685,133265336.60888693,3.253629499177885,7.642917142846842,3380.0,1.69,1094.26,100250.0,103000.0,277381,12.185405633406758,1999-01-01
Iceland,56,2000,0.287522173221768,1.7191067233535682,0.2975561097256858,11859726687.76694,60.6599006652832,0.019991108,92.401,0.653891445217778,133265336.60888693,3.253629499177885,7.930157714123148,3420.0,2.02,993.5,100250.0,103000.0,281205,12.161945911345816,2000-01-01
Iceland,56,2001,0.285685269055748,1.9848064713314568,0.312359102244389,12335716528.3788,62.1188011169434,0.0187311604,92.532,0.65378103879317,133265336.60888693,3.253629499177885,7.579798433508324,3300.0,2.25,1041.5,100250.0,103000.0,284968,11.580247606748827,2001-01-01
Iceland,56,2002,0.276837931880564,0.9862802823441568,0.3271620947630922,12404737216.257448,61.842601776123,0.0174712128,92.662,0.682829371156156,133265336.60888693,3.253629499177885,7.79068109333862,3350.0,2.51,1223.32,100250.0,103000.0,287523,11.651241813698382,2002-01-01
Iceland,56,2003,0.274965282224836,2.934162508830219,0.3419650872817955,12670532078.994638,61.8810005187988,0.0162112652,92.789,0.684279484091567,133265336.60888693,3.253629499177885,7.702377375043606,3320.0,3.22,1199.08,100250.0,103000.0,289521,11.467216540423664,2003-01-01
Iceland,56,2004,0.272181913528102,5.463294553197965,0.3567680798004988,13659137611.528234,61.8063011169434,0.0162112652,92.914,0.69360649367895,133265336.60888693,3.253629499177885,7.943192478618433,3400.0,2.86,1211.97,100250.0,103000.0,292074,11.640885529009772,2004-01-01
Iceland,56,2005,0.269020787181963,18.35689104202419,0.371571072319202,14495683157.73755,62.4650001525879,0.0162112652,93.037,0.68882809007717,133265336.60888693,3.253629499177885,7.7173495453840815,3360.0,2.05,1057.62,100250.0,103000.0,296734,11.323272695410704,2005-01-01
Iceland,56,2006,0.260135079119533,22.19573019238277,0.3863740648379052,15411374460.63404,64.0149993896484,0.0162112652,93.159,0.711992156023551,133265336.60888693,3.253629499177885,7.66997386283585,3830.0,2.64,1204.18,100250.0,103000.0,303782,12.607725276678671,2006-01-01
Iceland,56,2007,0.255017135507681,31.738449559561293,0.4011770573566084,16714384610.171282,66.7505035400391,0.0162112652,93.278,0.738817092276727,133265336.60888693,3.253629499177885,7.638830937907217,3840.0,2.52,1229.54,100250.0,103000.0,311566,12.324836471245256,2007-01-01
Iceland,56,2008,0.251396118688217,6.659541200613321,0.4159800498753117,17083688339.560982,73.4600982666016,0.0162112652,93.395,0.72575683478546,133265336.60888693,3.253629499177885,6.868002041497855,3730.0,2.28,1035.82,100250.0,103000.0,317414,11.75121450219587,2008-01-01
Iceland,56,2009,0.26242402839886,0.4833977377864952,0.430783042394015,15774426999.348774,74.1223983764648,0.0162112652,93.511,0.731424320273675,133265336.60888693,3.253629499177885,6.624824567738046,3390.0,2.54,1206.21,100250.0,103000.0,318499,10.643675490346908,2009-01-01
Iceland,56,2010,0.255928309467387,1.868803547113532,0.4455860349127182,15327572988.261787,75.4182968139648,0.0149513176,93.574,0.731451551961481,133265336.60888693,3.253629499177885,6.1627274470901545,3260.0,2.73,934.52,100250.0,103000.0,318041,10.250250753833626,2010-01-01
Iceland,56,2011,0.248230416562698,7.27227438749282,0.4525486284289277,15610486135.63693,76.4494018554688,0.0149513176,93.587,0.730291351080322,133265336.60888693,3.253629499177885,5.9245048806635445,3070.0,2.37,1280.74,100250.0,103000.0,319014,9.623402107744488,2011-01-01
Iceland,56,2012,0.243142861122549,6.942777096519885,0.4595112219451372,15776524980.77454,77.3433990478516,0.0149513176,93.6,0.714480375777736,133265336.60888693,3.253629499177885,5.799523566021028,3060.0,2.49,1086.72,100250.0,103000.0,320716,9.541151673131369,2012-01-01
Iceland,56,2013,0.242823771486959,2.9308885093865413,0.4664738154613466,16494745020.423023,76.3107986450195,0.0149513176,93.633,0.715507709083893,133265336.60888693,3.253629499177885,6.269999135172533,3220.0,2.15,1150.46,100250.0,103000.0,323764,9.945515869584018,2013-01-01
Iceland,56,2014,0.233807242041972,4.29141502345504,0.4734364089775562,16773046835.50699,76.4253997802734,0.0149513176,93.667,0.755388272541292,133265336.60888693,3.253629499177885,6.26172163745548,3290.0,3.25,1239.66,100250.0,103000.0,327386,10.049299603526112,2014-01-01
Iceland,56,2015,0.232787677575342,6.540809928466029,0.4803990024937656,17517210519.091156,77.1162033081055,0.01369137,93.7,0.735161735524469,133265336.60888693,3.253629499177885,6.227045327448876,3330.0,1.9,1180.98,100250.0,103000.0,330815,10.066049000196484,2015-01-01
Iceland,56,2016,0.235303322392152,-5.128063967363606,0.4853865336658354,18621440660.001877,77.4712982177734,0.01369137,93.735,0.71806145265721,133265336.60888693,3.253629499177885,6.171017681307182,3300.0,3.15,1244.42,100250.0,103000.0,335439,9.837854274547682,2016-01-01
Iceland,56,2017,0.22771747320168,-28.30723170128048,0.4925685785536159,19402600566.927147,76.8330993652344,0.01369137,93.773,0.717895662477726,133265336.60888693,3.253629499177885,6.319161327897496,3420.0,2.94,1171.84,100250.0,103000.0,343400,9.95923121723937,2017-01-01
Iceland,56,2018,0.226165621994209,-2.3707194378779994,0.4962808687890508,20351810853.23832,78.2135009765625,0.01369137,93.813,0.738621520161219,133265336.60888693,3.253629499177885,6.237224321772732,3440.0,2.74,1349.89,100830.0,103000.0,352721,9.752750757681,2018-01-01
Iceland,56,2019,0.226165621994209,-2.2385933342701936,0.5027273628880293,20847341424.88561,79.19449159704162,0.01369137,93.855,0.726021936814366,133265336.60888693,3.253629499177885,6.183297986967936,3458.260869565217,2.78,1074.54,100830.0,103000.0,360563,9.591280496238433,2019-01-01
Iceland,56,2020,0.2233205775809357,-4.7254721591910505,0.5092730338192998,19491448632.0679,80.36585229492844,0.01369137,93.898,0.726021936814366,133265336.60888693,3.253629499177885,6.085124088388886,3466.011342155009,2.5,1158.81,100830.0,103000.0,366463,9.45801170146784,2020-01-01
India,60,1995,0.661602727133386,0.5949862584343601,22.119171664104883,596058659383.0444,54.4841170038941,0.436513659,26.607,0.381783214769303,1732829956.05469,0.798540267625072,0.7688376751035068,1457390.0,24.59,1087.53,2973190.0,3287260.0,963922586,1.5119367687479417,1995-01-01
India,60,1996,0.658026983265547,0.6174790559161725,22.24203633134781,641058240489.1843,53.767409699754,0.417125508,26.817,0.382277447832863,1904150024.41406,0.813666615936077,0.7906631485400428,1509060.0,24.66,1056.67,2973190.0,3287260.0,982365248,1.5361496175402165,1996-01-01
India,60,1997,0.655299530764187,0.8602085660906579,22.364900998590738,667019950767.3414,52.4880731033173,0.397737357,27.028,0.383324755867445,1646250000.0,0.827155598104946,0.820741309840387,1567730.0,24.18,1072.24,2973190.0,3287260.0,1000900028,1.5663202679019208,1997-01-01
India,60,1998,0.650365870216952,0.6252859663324078,22.487765665833667,708271238131.1975,52.7122557076625,0.378349206,27.24,0.384816220773662,1608949951.17188,0.829661063727187,0.8237798151269107,1601880.0,24.93,1132.36,2973190.0,3287260.0,1019483586,1.5712661017771403,1998-01-01
India,60,1999,0.648455767155017,0.4726448458771642,22.6106303330766,770923180565.5416,51.7172937036599,0.358961055,27.453,0.38816143557337,1490760009.76563,0.852361745443614,0.8709434982194649,1678280.0,24.82,1013.19,2973190.0,3287260.0,1038058154,1.6167494986027535,1999-01-01
India,60,2000,0.645551063240244,0.7652126489957922,22.73349500031952,800534271756.8844,51.5536994934082,0.339572904,27.667,0.391565466682762,1383420043.94531,0.832890098491905,0.8898275204074664,1717560.0,24.71,992.65,2973190.0,3287260.0,1056575548,1.625591282375579,2000-01-01
India,60,2001,0.649576149042041,1.0563783050965738,22.797567595747328,839151774957.4454,51.8585014343262,0.3162801504,27.918,0.384425974206315,1729609985.35156,0.830192976084959,0.8873301549683399,1741320.0,24.88,981.89,2973190.0,3287260.0,1075000094,1.6198324164983748,2001-01-01
India,60,2002,0.653941677308942,1.0115718054396434,22.86164019117513,871072901385.7136,50.8081016540527,0.2929873968,28.244,0.377659759749962,1738209960.9375,0.798853546555455,0.9032419976033907,1763940.0,25.08,874.78,2973190.0,3287260.0,1093317187,1.6133835825266325,2002-01-01
India,60,2003,0.642424105847306,0.605889254716748,22.925712786602944,939542554364.6204,50.8297996520996,0.2696946432,28.572,0.378143116051061,720900024.414063,0.840682347260781,0.9139620741644908,1808910.0,24.85,1006.28,2973190.0,3287260.0,1111523146,1.6274155032305553,2003-01-01
India,60,2004,0.643503366873709,0.7656014045735823,22.989785382030743,1013981915397.8224,50.0727996826172,0.2696946432,28.903,0.37937375297228,778309997.558594,0.847108445069279,0.962435743168246,1894780.0,24.94,979.45,2973190.0,3287260.0,1129623466,1.6773553817091118,2004-01-01
India,60,2005,0.641652380683591,0.8861007201251943,23.05385797745856,1094324068978.9016,48.532398223877,0.2696946432,29.235,0.409498967623754,1875959960.9375,0.864139831482983,0.9913995829126344,1969680.0,24.7,1053.77,2973190.0,3287260.0,1147609924,1.7163323171123084,2005-01-01
India,60,2006,0.646878630393496,2.130168425334938,23.11793057288636,1182534605661.6208,46.0632019042969,0.2696946432,29.569,0.482986898658153,1383579956.05469,0.897155893275811,1.0418397962949526,2065570.0,25.0,1128.02,2973190.0,3287260.0,1165486291,1.7722816784294548,2006-01-01
India,60,2007,0.641620253534612,2.07339574616693,23.182003168314168,1273126394881.5674,44.9034004211426,0.2696946432,29.906,0.482423602402768,1329209960.9375,0.954437695820083,1.129216789374398,2209240.0,25.01,1078.9,2973190.0,3287260.0,1183209471,1.8671588202660692,2007-01-01
India,60,2008,0.637308052751732,3.620521897196561,23.24607576374197,1312423962607.7778,43.405101776123,0.2696946432,30.246,0.486825654024539,2011579956.05469,0.962956663427255,1.18590477170691,2309340.0,24.76,1104.69,2973190.0,3287260.0,1200669762,1.9233764962592603,2008-01-01
India,60,2009,0.62602872859314,2.6515931268301247,23.31014835916978,1415605275566.114,42.1074981689453,0.2696946432,30.587,0.483760587676624,2456610107.42188,0.991966561459715,1.2880809972739546,2452660.0,25.47,946.89,2973190.0,3287260.0,1217726217,2.014130898850476,2009-01-01
India,60,2010,0.620306830521688,1.6350342737800547,23.37422095459759,1535897532897.3943,41.1128005981445,0.2464018896,30.93,0.509437114215264,2831340087.89063,1.04586210741877,1.3492144658129244,2564130.0,25.41,1187.09,2973190.0,3287260.0,1234281163,2.077427799163455,2010-01-01
India,60,2011,0.623024887980083,2.002065551900476,23.463821686471437,1616398760695.38,40.5772018432617,0.2464018896,31.276,0.510858796037872,3270219970.70313,1.06475419810131,1.4083155928132167,2671200.0,24.82,1089.24,2973190.0,3287260.0,1250287939,2.136467862064212,2011-01-01
India,60,2012,0.607913459801788,1.312934337306951,23.55342241834528,1704595760877.1682,39.3460998535156,0.2464018896,31.634,0.513460919085798,1681849975.58594,1.0805515528012,1.5078209748925588,2814000.0,24.77,1018.89,2973190.0,3287260.0,1265780243,2.223134715178202,2012-01-01
India,60,2013,0.603909638993517,1.51627596536499,23.643023150219125,1813453059872.8376,38.1828994750977,0.2464018896,32.003,0.518679278864559,2456340087.89063,1.08654451967606,1.535560059139498,2875980.0,24.64,1196.86,2973190.0,3287260.0,1280842119,2.2453821258199897,2013-01-01
India,60,2014,0.594969309822765,1.6956587856684615,23.73262388209297,1947834059120.8572,36.0537986755371,0.2464018896,32.384,0.292323064592824,2991820068.35938,1.1335525395719,1.6493275187684977,3048790.0,24.77,999.89,2973190.0,3287259.0,1295600768,2.3531863173455605,2014-01-01
India,60,2015,0.613543820507063,2.092115757685664,23.822224613966817,2103587813812.7493,34.3959007263184,0.223109136,32.777,0.295978509995518,3174350097.65625,1.12151182164931,1.6411983927439182,3063650.0,24.89,1085.1,2973190.0,3287259.0,1310152392,2.338392097520209,2015-01-01
India,60,2016,0.594211758099318,1.9373631981293933,23.91182534584066,2277266450219.5737,33.5629005432129,0.223109136,33.182,0.324369251644071,2679040039.0625,1.13107738361588,1.6483590530814152,3103110.0,25.27,1065.11,2973190.0,3287259.0,1324517250,2.3428233947123,2016-01-01
India,60,2017,0.584189866359478,1.507316580898177,24.00142607771451,2432015436983.769,32.212100982666,0.223109136,33.6,0.341609442557652,3198139892.57813,1.19154768335867,1.7191902004300024,3229920.0,25.15,1108.3,2973190.0,3287259.0,1338676779,2.412770618470555,2017-01-01
India,60,2018,0.58940012610073,1.559263522740788,24.091026809588357,2590898738237.4126,31.6891994476318,0.223109136,34.03,0.347836927288572,2462010009.76563,1.20955650138726,1.7998254457937863,3374990.0,25.0,974.76,2973190.0,3287259.0,1352642283,2.495109048724008,2018-01-01
India,60,2019,0.58940012610073,1.76312750821227,24.1806275414622,2695611314661.459,30.6981160756204,0.223109136,34.472,0.363206215531515,2610580078.125,1.2274267724203989,1.8446510010411896,3458363.913043478,24.94,1244.56,2973190.0,3287258.9565217397,1366417756,2.5309711454331234,2019-01-01
India,60,2020,0.586391684391036,2.419414714555813,24.27022827333605,2500132192252.072,29.69510330935372,0.214217280875,34.926,0.3624321738966071,2647152999.8779297,1.245416344441456,1.8904765598455875,3543116.2570888465,24.8,1168.82,2973190.0,3287258.911153119,1380004385,2.567467390394449,2020-01-01
Indonesia,61,1995,0.659004515785743,2.150079840119372,60.67251058474141,380895161146.5027,50.0981578077494,0.172448853,36.076,0.372734423399761,1251750000.0,1.3460425885376,1.131545132851112,608290.0,26.01,3016.62,1811570.0,1910930.0,196934257,3.0887972934033514,1995-01-01
Indonesia,61,1996,0.660309316368292,2.7241978864670804,59.71946985211722,410674257411.0672,48.750379973486,0.2027610232,37.235,0.372884402170015,1057969970.70313,1.3514720402374,1.1729792699475674,622660.0,26.01,2908.73,1811570.0,1910930.0,199901231,3.114838247294235,1996-01-01
Indonesia,61,1997,0.632807534999884,2.167796851962368,58.76642911949303,429975449993.5571,47.0873749358569,0.2330731934,38.406,0.363353968314561,797580017.089844,1.32767112039908,1.270396477492846,641020.0,26.12,2328.87,1811570.0,1910930.0,202826444,3.160436022829449,1997-01-01
Indonesia,61,1998,0.630234051414576,-0.2522904476604061,57.81338838686885,373533752988.2694,48.2996168755658,0.2633853636,39.593,0.352646675616268,1265689941.40625,1.29641120260254,1.2693669294197232,647210.0,26.37,2957.77,1811570.0,1910930.0,205724597,3.146002031055139,1998-01-01
Indonesia,61,1999,0.618041782773983,-1.3325735411079584,56.860347654244656,376488875933.22736,45.0786776143905,0.2936975338,40.792,0.357067091745477,2132459960.9375,1.33457204761033,1.3373428148233764,663050.0,25.96,2991.61,1811570.0,1910930.0,208615171,3.1783402751662773,1999-01-01
Indonesia,61,2000,0.594136580197582,-2.757439933509029,55.90730692162047,395012383689.1245,45.624698638916,0.324009704,42.002,0.359276522203215,1645430053.71094,1.32920718244431,1.3245942858523925,667880.0,26.04,3008.68,1811570.0,1910930.0,211513822,3.157618701627925,2000-01-01
Indonesia,61,2001,0.589548302118539,-1.8556861930052304,55.81783756630988,409404527351.1816,44.3289985656738,0.2941351514,42.783,0.354846566090977,1458180053.71094,1.30805563270281,1.4076091640127422,681310.0,26.1,2945.36,1811570.0,1910930.0,214427419,3.1773455240815074,2001-01-01
Indonesia,61,2002,0.598792014029712,0.0741516383181159,55.7283682109993,427825583308.405,44.657600402832,0.2642605988,43.568,0.351020880266259,1296010009.76563,1.33718698478421,1.408093080077783,682150.0,26.23,2665.02,1811570.0,1910930.0,217357790,3.138373830539959,2002-01-01
Indonesia,61,2003,0.608149975138845,-0.2542563203810049,55.63889885568871,448277225387.5126,43.0,0.2343860462,44.356,0.344027723103963,1738630004.88281,1.36840660949009,1.5222677238213902,703480.0,26.09,2972.61,1811570.0,1910930.0,220309473,3.1931445816676254,2003-01-01
Indonesia,61,2004,0.626362881156777,0.7382439798875625,55.549429500378125,470829487520.97736,41.4551010131836,0.2343860462,45.149,0.348759497806565,97559997.5585938,1.39492119471947,1.536865335547334,708910.0,26.11,2703.47,1811570.0,1910930.0,223285666,3.174901518308838,2004-01-01
Indonesia,61,2005,0.632495701688973,2.9161148430466235,55.459960145067534,497631791817.5845,41.5732002258301,0.2343860462,45.942,0.376248665117854,2489000000.0,1.35239989526287,1.5219444503709736,703250.0,26.13,2816.95,1811570.0,1910930.0,226289468,3.1077451647020533,2005-01-01
Indonesia,61,2006,0.630950856863346,1.3479426455457966,55.37049078975694,525006276753.314,40.0653991699219,0.2343860462,46.738,0.455404855524561,1229969970.70313,1.33965610313935,1.5877496926084325,718590.0,26.01,2719.01,1811570.0,1910930.0,229318262,3.133592561415802,2006-01-01
Indonesia,61,2007,0.607883557386569,1.603010571887896,55.281021434446366,558318041704.7357,40.013801574707,0.2343860462,47.535,0.468607318599632,737039978.027344,1.40509273635083,1.6352070764608293,731410.0,26.03,2952.38,1811570.0,1910930.0,232374239,3.147551996931984,2007-01-01
Indonesia,61,2008,0.61095121441667,1.8263290240399837,55.191552079135775,591893633878.6923,41.1221008300781,0.2343860462,48.335,0.477633302860098,1145670043.94531,1.44152339561705,1.6018193079616532,725820.0,25.9,3099.96,1811570.0,1910930.0,235469755,3.082434090102145,2008-01-01
Indonesia,61,2009,0.604654856890757,0.903919419654062,55.1020827238252,619291627728.7192,38.1792984008789,0.2343860462,49.134,0.477247681590068,902690002.441406,1.43007336653582,1.6532104774176328,744030.0,26.17,2845.17,1811570.0,1910930.0,238620554,3.1180465702883247,2009-01-01
Indonesia,61,2010,0.600790130592891,2.0251791383417745,55.01261336851461,657835435591.3654,34.8112983703613,0.2045114936,49.914,0.498905542503124,1323760009.76563,1.54051752262915,1.7240735808834602,762400.0,26.27,3373.4,1811570.0,1910930.0,241834226,3.152572787608649,2010-01-01
Indonesia,61,2011,0.597102698574035,2.302984285150615,54.5013110175152,698422462409.2023,30.9190006256104,0.2045114936,50.595,0.504461713492101,358109985.35156304,1.60708770157113,1.960133257403022,822480.0,26.07,2984.39,1811570.0,1910930.0,245115988,3.3554726752463,2011-01-01
Indonesia,61,2012,0.594777658698057,2.309780326651097,53.99000866651578,740537690664.7992,28.7847995758057,0.2045114936,51.276,0.514449326213963,69010002.1362305,1.58848813818238,1.959133193985532,827220.0,26.18,2940.46,1811570.0,1910930.0,248451714,3.329500073402593,2012-01-01
Indonesia,61,2013,0.586556837693536,2.551356334010577,53.478706315516376,781691322850.8075,29.7024993896484,0.2045114936,51.955,0.52209761316987,69470001.2207031,1.53359684930924,1.8042510413422013,796880.0,26.24,2980.92,1811570.0,1910930.0,251805314,3.1646671285102426,2013-01-01
Indonesia,61,2014,0.579905136515431,2.819972605071692,52.96740396451697,820828015498.8453,28.3188991546631,0.2045114936,52.635,0.350002151637472,-381940002.441406,1.62306912376597,1.9207999671506164,845070.0,26.23,2674.77,1811570.0,1910931.0,255128076,3.312336349841795,2014-01-01
Indonesia,61,2015,0.582804387733719,2.297616387455228,52.45610161351756,860854235065.079,26.9519004821777,0.174636941,53.313,0.349029936748717,-28459999.084472697,1.57802693912172,1.8996586918942664,852000.0,26.31,2552.66,1811570.0,1913580.0,258383257,3.297427278734241,2015-01-01
Indonesia,61,2016,0.579969980611114,0.4873724712956356,50.74345452695819,904181624278.9834,27.8348007202148,0.174636941,53.989,0.354595038238699,-108279998.779297,1.6006232857676,1.892440890355474,866360.0,26.42,3023.09,1877519.0,1913580.0,261556386,3.312325931892942,2016-01-01
Indonesia,61,2017,0.569984563047816,2.019489201295221,50.039333822986606,950021696789.2692,25.4328002929688,0.174636941,54.659,0.3733989669309,280190002.441406,1.65132618143173,2.0136710702918306,912420.0,26.22,3105.07,1877519.0,1916820.0,264650969,3.447635213457314,2017-01-01
Indonesia,61,2018,0.56028061407801,1.8142897969351688,49.71681777920756,999178589070.128,20.863899230957,0.174636941,55.325,0.382402698423161,962630004.882813,1.71718105086577,2.178461553497243,969580.0,26.23,2910.73,1877519.0,1916862.2,267670549,3.622288681449224,2018-01-01
Indonesia,61,2019,0.56028061407801,2.233379230276272,49.39429640925072,1049318966508.5784,19.592844510226897,0.174636941,55.985,0.380524916566795,-629950012.207031,1.7333175057496035,2.223979658742727,985288.2608695652,26.39,2587.65,1877519.0,1917120.1217391305,270625567,3.640780402945318,2019-01-01
Indonesia,61,2020,0.5561671181735212,1.8066623327335063,49.07178036547167,1027602854052.7509,18.32512557704172,0.1747281113333333,56.641,0.3808495204487547,-708354179.382324,1.7499194825110036,2.269675327820777,1001054.7069943288,26.38,3096.9,1877519.0,1917389.2574669188,273523621,3.659847377475048,2020-01-01
"Iran, Islamic Rep.",62,1995,0.558224011922409,0.0176313384274561,5.648996782828656,221169287352.01324,1.01808729977768,0.149208418,60.236,0.315138112726419,186940002.441406,2.16085112033808,4.433401953411586,370290.0,17.56,211.6,1628760.0,1745150.0,61442658,6.026594747902996,1995-01-01
"Iran, Islamic Rep.",62,1996,0.554982410699504,0.0215939791939169,5.664321324197549,232663723230.85205,1.03227215541096,0.1727889458,61.087,0.316210217664341,164500000.0,2.15807715386884,4.498601242261829,384500.0,17.33,266.15,1628760.0,1745150.0,62294919,6.172252989043938,1996-01-01
"Iran, Islamic Rep.",62,1997,0.545756770879323,0.0465242180580812,5.679645865566443,233823145949.68048,0.898423541082687,0.1963694736,61.853,0.314618168554432,200759994.506836,2.26040581006366,4.615569148966247,401980.0,17.56,226.56,1628760.0,1745150.0,63136309,6.366859361385855,1997-01-01
"Iran, Islamic Rep.",62,1998,0.543858496037325,0.0217633947743042,5.694970406935337,238906935392.64056,0.841574849410266,0.2199500014,62.588,0.313394307025047,164559997.55859402,2.2455081136711,4.57748312866931,410080.0,18.33,218.92,1628760.0,1745150.0,63971836,6.410320941859477,1998-01-01
"Iran, Islamic Rep.",62,1999,0.537484496394685,0.0307426231739111,5.710294948304232,241139559688.16748,0.585858646602411,0.2435305292,63.318,0.316460138369593,161490005.493164,2.35556365996709,5.037123341312907,447910.0,18.43,200.1,1628760.0,1745150.0,64800875,6.91209802336774,1999-01-01
"Iran, Islamic Rep.",62,2000,0.530496055009178,0.0355866340456931,5.725619489673126,255147112804.5326,0.439399987459183,0.267111057,64.042,0.319752667287034,129869995.117188,2.43223157348163,5.192507788037855,466760.0,18.11,181.85,1628760.0,1745150.0,65623397,7.112707073058105,2000-01-01
"Iran, Islamic Rep.",62,2001,0.52431322840692,0.321660450664957,5.8095066185318895,257325299775.13763,0.518499970436096,0.2372935108,64.758,0.325987059226108,114559997.558594,2.56458186529006,5.282388202304166,483520.0,18.49,156.62,1628760.0,1745150.0,66449111,7.276545806609813,2001-01-01
"Iran, Islamic Rep.",62,2002,0.519480559222573,2.736114981452641,5.893393747390653,276076985662.5004,0.665799975395203,0.2074759646,65.468,0.331147394345519,114540000.915527,2.66195565833427,5.4799894555681306,508200.0,18.14,196.62,1628760.0,1745150.0,67284801,7.552968760359416,2002-01-01
"Iran, Islamic Rep.",62,2003,0.515815170308497,1.874034425696196,5.9772808762494165,300128753810.3008,0.82940000295639,0.1776584184,66.172,0.338414692421072,131050003.051758,2.85583362277353,5.734925120018663,537500.0,17.85,221.54,1628760.0,1745150.0,68122947,7.890146032584292,2003-01-01
"Iran, Islamic Rep.",62,2004,0.512880307468137,1.598213511844829,6.061168005108181,313286230509.6424,0.737600028514862,0.1776584184,66.869,0.343764926093947,188649993.896484,2.9758767225893,6.087051699215035,574430.0,18.12,249.86,1628760.0,1745150.0,68951279,8.330954963141437,2004-01-01
"Iran, Islamic Rep.",62,2005,0.509846060238906,1.275850911277489,6.145055133966944,323279447495.34576,1.40059995651245,0.1776584184,67.558,0.348643028957929,100669998.168945,3.07463031826938,6.467672495814182,613270.0,17.89,202.24,1628760.0,1745150.0,69762345,8.790845548554882,2005-01-01
"Iran, Islamic Rep.",62,2006,0.509205412666821,0.8702771203770379,6.228942262825708,339442757993.63226,1.39800000190735,0.1776584184,68.239,0.328100016814126,117239997.86377,3.10320258931076,6.9558741015276135,661390.0,18.17,224.54,1628760.0,1745150.0,70554756,9.374137726448945,2006-01-01
"Iran, Islamic Rep.",62,2007,0.508335371065766,0.5767070179135971,6.312829391684471,367126940577.8087,1.30130004882813,0.1776584184,68.864,0.354904652707457,103769996.643066,3.30166770218365,7.341826080671549,699780.0,17.75,200.22,1628760.0,1745150.0,71336476,9.809567828946305,2007-01-01
"Iran, Islamic Rep.",62,2008,0.505130976995063,0.4801878036191992,6.396716520543236,368047902567.8869,0.702099978923798,0.1776584184,69.458,0.380734287965625,100470001.220703,3.13058069579416,7.40551161188214,713330.0,17.93,131.83,1628760.0,1745150.0,72120608,9.89079293396972,2008-01-01
"Iran, Islamic Rep.",62,2009,0.503753856527835,0.7164849231990161,6.480603649401999,371755563616.4815,0.781899988651276,0.1776584184,70.045,0.349015099773158,92569999.6948242,3.32980874135467,7.561621704365096,737580.0,18.07,231.65,1628760.0,1745150.0,72924833,10.114250107367404,2009-01-01
"Iran, Islamic Rep.",62,2010,0.500635318258048,0.749571759997077,6.564490778260764,393309721828.0868,0.897300004959106,0.1478408722,70.626,0.346691438365169,112440002.441406,3.39905539080239,7.46842715607367,743550.0,18.97,144.42,1628760.0,1745150.0,73762519,10.080322772057174,2010-01-01
"Iran, Islamic Rep.",62,2011,0.507103641708269,0.7363941361670014,6.564490778260764,403715587611.9704,0.916700005531311,0.1478408722,71.2,0.361065971559728,105790000.915527,3.25474253865075,7.526365761117387,750700.0,17.73,207.14,1628760.0,1745150.0,74634959,10.058289172504267,2011-01-01
"Iran, Islamic Rep.",62,2012,0.501866330834479,0.778423761520883,6.564490778260764,373660750454.1716,0.92960000038147,0.1478408722,71.755,0.364074886528159,151789993.28613302,3.27325960310792,7.560509659791495,761050.0,17.8,216.11,1628760.0,1745150.0,75539881,10.07481068179072,2012-01-01
"Iran, Islamic Rep.",62,2013,0.497965371467808,0.6626092533588825,6.564490778260764,372935574065.9415,0.990400016307831,0.1478408722,72.295,0.373416634390349,131610000.610352,3.30860960490372,7.74666309231629,781950.0,18.3,191.16,1628760.0,1745150.0,76481963,10.223979214550234,2013-01-01
"Iran, Islamic Rep.",62,2014,0.49218972345745,0.4866089861621648,6.564490778260764,390103360692.3064,0.934099972248077,0.1478408722,72.83,0.406099690880051,81169998.1689453,3.38038735963799,7.883094789906495,794190.0,18.12,190.46,1628760.0,1745150.0,77465769,10.252141174768433,2014-01-01
"Iran, Islamic Rep.",62,2015,0.490758037832874,0.5325346460835384,6.564490778260764,384951479697.42,0.906899988651276,0.118023326,73.358,0.415525858443894,110900001.525879,3.25535297034943,7.672481324515677,786500.0,18.57,203.6,1628760.0,1745150.0,78492208,10.020102887155373,2015-01-01
"Iran, Islamic Rep.",62,2016,0.484568330250309,0.8067302479288089,6.57069181463199,436520513870.6096,1.04429996013641,0.118023326,73.88,0.443596212233811,116190002.441406,3.14531485138204,7.61349440100359,795970.0,18.7,180.21,1628760.0,1745150.0,79563991,10.00414873607836,2016-01-01
"Iran, Islamic Rep.",62,2017,0.480491905628723,1.126990784611821,6.5759166482477465,452912716719.3774,0.970099985599518,0.118023326,74.394,0.441071505585433,140279998.779297,3.23123942028506,7.69493097940191,814730.0,18.49,187.88,1628760.0,1745150.0,80673888,10.099054603640772,2017-01-01
"Iran, Islamic Rep.",62,2018,0.496027524265643,0.8061648184658913,6.586010216360913,425620324116.9546,0.995000004768372,0.118023326,74.898,0.402161092115478,166410003.66210902,3.25852471530005,7.6930125993328815,828280.0,18.99,218.15,1628760.0,1745150.0,81800204,10.125647119413053,2018-01-01
"Iran, Islamic Rep.",62,2019,0.496027524265643,0.5839404805266891,6.596103784474078,396745289342.1325,0.9939962093331848,0.118023326,75.391,0.397132724388931,210399993.896484,3.30624965421144,7.83473480132946,848192.6086956522,18.48,258.92,1628760.0,1745150.0,82913893,10.22980079702267,2019-01-01
"Iran, Islamic Rep.",62,2020,0.4934360039466111,0.6595524646140352,6.601261082050149,410188057889.5469,0.992332037764586,0.1167239471666666,75.874,0.4005491665415356,211377493.5404456,3.3561701977045963,7.979784086506314,868353.156899811,18.06,252.66,1628760.0,1745150.0,83992953,10.338404900466008,2020-01-01
Iraq,63,1995,0.536475216913351,-0.0191111519736746,1.85426526739374,40841440066.32277,0.373227147039444,0.0872513009,68.78,0.304338163013229,332769989.013672,1.9415486734653,4.769386513961598,110130.0,22.18,140.76,437370.0,438320.0,20149342,5.465687167352661,1995-01-01
Iraq,63,1996,0.536698033312638,-0.0191111519736746,1.8574662185335076,45342487630.05631,0.350157932459888,0.0872513009,68.593,0.304140772320157,349739990.234375,1.83554377474602,4.725961362884112,111880.0,22.72,219.57,437370.0,438320.0,20783073,5.383227013637493,1996-01-01
Iraq,63,1997,0.53678727509621,0.0055526507929693,1.8606671696732744,54972296192.16435,0.362383356738199,0.0872513009,68.405,0.307400791257556,221929992.67578095,2.09688010476899,5.400759035426956,130430.0,21.78,182.92,437370.0,438320.0,21439579,6.08360826488244,1997-01-01
Iraq,63,1998,0.537964749146647,0.03583380102465,1.8638681208130417,74134041773.48169,0.390140044105445,0.0872513009,68.388,0.310655084888266,117760002.13623,1.58716903198367,3.683584354579135,96880.0,23.07,156.17,437370.0,438320.0,22114330,4.380869779911939,1998-01-01
Iraq,63,1999,0.538116027693646,0.0178838182259508,1.8670690719528087,87168486201.90254,0.384234167966341,0.0872513009,68.442,0.310215494999193,76790000.9155273,1.1512140385877,2.8335157949099425,80280.0,23.11,153.23,437370.0,438320.0,22802061,3.5207343757215632,1999-01-01
Iraq,63,2000,0.537893752653891,-6.616457274840248e-05,1.870270023092576,101918846020.0118,0.343400001525879,0.0872513009,68.496,0.310027409212821,101830001.831055,1.36293076862926,3.17351707870965,90630.0,22.56,164.59,437370.0,438320.0,23497589,3.856991455591465,2000-01-01
Iraq,63,2001,0.53339269181349,-0.0183987194875265,1.87187049866246,103714126199.67358,0.332899987697601,0.0872513009,68.55,0.312881927807732,122699996.948242,1.53633171962198,3.482294289144768,102140.0,23.06,171.32,437370.0,438320.0,24208178,4.219235334439461,2001-01-01
Iraq,63,2002,0.531141056200832,-0.0009900252023457,1.8734709742323437,95211154855.56032,0.300300002098084,0.0872513009,68.604,0.31602389634853,113379997.253418,1.51585159402788,3.1850733369051936,97860.0,22.4,194.09,437370.0,438320.0,24931922,3.925088486960612,2002-01-01
Iraq,63,2003,0.531836860971876,4.561717175252174,1.8750714498022272,60308504345.13886,0.333700001239777,0.0872513009,68.658,0.316782225637946,2287649902.34375,1.31564146660923,2.810738816033986,86970.0,22.5,197.38,437370.0,438320.0,25644503,3.391370072564869,2003-01-01
Iraq,63,2004,0.532617107373282,0.8190477356546861,1.8766719253721105,92502266009.24362,0.334199994802475,0.0872513009,68.712,0.294713104014553,4650649902.34375,1.33729047432602,2.861232177533357,90980.0,22.45,185.39,437370.0,438320.0,26313838,3.457496394102601,2004-01-01
Iraq,63,2005,0.519495202695687,1.0315306396551085,1.8782724009419944,94048801795.24188,2.27830004692078,0.0872513009,68.766,0.258882487255346,22057089843.75,1.40110550869526,3.2772114128971026,105140.0,22.47,164.12,437370.0,438320.0,26922279,3.90531574240056,2005-01-01
Iraq,63,2006,0.517945863069893,0.5879630557803294,1.8798728765118775,99359077223.12624,2.52859997749329,0.0872513009,68.819,0.253633801734914,8889320312.5,1.43728033643174,3.0563108793883327,101370.0,22.55,207.35,437370.0,438320.0,27448124,3.6931485736511536,2006-01-01
Iraq,63,2007,0.518365513991469,1.093912892389335,1.8814733520817613,101232564302.76878,2.00480008125305,0.0872513009,68.873,0.251768127436562,9204339843.75,1.27692248509216,2.77558411768276,95530.0,22.41,157.41,437370.0,438320.0,27911242,3.42263522347017,2007-01-01
Iraq,63,2008,0.521879154581817,1.409951741354761,1.8830738276516448,109562088117.55698,1.15349996089935,0.0872513009,68.927,0.257782311617325,9884530273.4375,1.37669082018672,3.0310995250114856,105020.0,22.63,123.08,437370.0,438320.0,28385739,3.699745143150932,2008-01-01
Iraq,63,2009,0.521969912777356,1.4314298914633756,1.897909375575612,113264518769.14967,1.20869994163513,0.0872513009,68.98,0.262049982881275,2791229980.46875,1.48368082354595,3.71102120490356,128300.0,22.54,162.37,434320.0,435240.0,28973157,4.428236798633991,2009-01-01
Iraq,63,2010,0.524995511395378,1.0079649397511266,1.8995210904402284,120516353029.3954,1.67729997634888,0.0872513009,69.103,0.266101388890961,2178330078.125,1.65145918275352,4.042434704323791,141410.0,24.01,143.85,434320.0,435240.0,29741977,4.754559523733072,2010-01-01
Iraq,63,2011,0.520709614015676,1.120863397641669,1.8995210904402284,129611084902.56244,1.06149995326996,0.0872513009,69.268,0.270731040719531,1914689941.40625,1.56624618146555,4.264563036884418,153590.0,22.01,161.72,434320.0,435240.0,30725305,4.998811240441714,2011-01-01
Iraq,63,2012,0.510612047683657,1.5596152726788697,1.8995210904402284,147674243247.4527,1.24109995365143,0.0872513009,69.432,0.265069639742374,1300880004.88281,1.70713133202529,4.761992563690475,175600.0,22.83,161.65,434320.0,435240.0,31890012,5.506426275411875,2012-01-01
Iraq,63,2013,0.502092350453832,-0.995279210263068,1.9003611837983263,158939678015.06876,1.35199999809265,0.0872513009,69.595,0.269224314732822,1541540039.0625,1.81339147744943,4.902424856051024,186900.0,22.41,183.13,434128.0,435052.0,33157061,5.636808401082352,2013-01-01
Iraq,63,2014,0.488858083205514,-4.455211245329563,1.9003611837983263,159252815740.1493,0.90829998254776,0.0872513009,69.758,0.277295866045429,1369270019.53125,1.70999874281255,4.906435261774914,193680.0,22.95,165.06,434128.0,435052.0,34411949,5.628277549754593,2014-01-01
Iraq,63,2015,0.499488431520524,-4.541592226046203,1.9003611837983263,166774109673.73242,0.803900003433228,0.0872513009,69.921,0.280476051339883,1482939941.40625,1.5090287032924,4.559450509046808,185770.0,23.16,153.41,434128.0,435052.0,35572269,5.22232641387031,2015-01-01
Iraq,63,2016,0.488633064026147,-3.754985923089591,1.9003611837983263,189767878273.08063,0.918299973011017,0.0872513009,70.094,0.291388335474995,2287899902.34375,1.44939097809452,4.707648860036069,197300.0,23.01,197.81,434128.0,435052.0,36610632,5.389144880099311,2016-01-01
Iraq,63,2017,0.483131448642845,-2.6879942835723085,1.9003611837983263,186314576641.7736,0.556400001049042,0.0872513009,70.278,0.308591530978474,2907510009.76563,1.70072430622204,4.641199885313445,200790.0,23.0,153.7,434128.0,435052.0,37552789,5.346873170991374,2017-01-01
Iraq,63,2018,0.478589663048683,-2.148548348079131,1.9003611837983263,191221824965.1352,0.477299988269806,0.0872513009,70.473,0.30882055909017,2300540039.0625,1.76433104717128,4.895195360809775,215690.0,23.83,225.25,434128.0,435052.0,38433604,5.612015984761668,2018-01-01
Iraq,63,2019,0.478589663048683,-1.308224952243478,1.9003611837983263,202613535336.0089,0.4818248944102565,0.0872513009,70.678,0.30691548553242,2211909912.10938,1.7566259329845837,4.900665310672739,220279.5652173913,23.16,195.81,434128.0,434909.9130434783,39309789,5.603682207945488,2019-01-01
Iraq,63,2020,0.4761777649709885,-1.8869374565614805,1.9003611837983263,170857727944.57065,0.4875495449298378,0.0872513009,70.893,0.3070228739707196,2290207408.905034,1.7531947224732167,4.908261134489636,224992.5897920605,23.13,196.41,434128.0,434761.6483931947,40222503,5.593699372514448,2020-01-01
Ireland,57,1995,0.33074147690327,2.086966573737818,7.925678618086805,101002659402.64882,1.92243647126362,0.041311152,57.949,0.512320255475812,133265336.60888693,6.14623537448711,9.288300592905037,60320.0,9.97,1131.55,68890.0,70280.0,3608841,16.714507510860134,1995-01-01
Ireland,57,1996,0.330936280419376,3.4535635901355146,8.17059079692263,108449813244.24892,1.93475144226076,0.039787712,58.173,0.515949493714002,133265336.60888693,6.59232556944841,9.616468408334272,61800.0,9.09,1119.31,68890.0,70280.0,3637510,16.98964401472436,1996-01-01
Ireland,57,1997,0.326120555934622,2.44856368849382,8.415502975758454,120395417356.46664,1.90073890024882,0.038264272,58.419,0.52202186814439,133265336.60888693,6.00875560174501,9.83895414775197,63310.0,10.13,1116.38,68890.0,70280.0,3674171,17.23109784492883,1997-01-01
Ireland,57,1998,0.322350407267218,9.825138434554075,8.660415154594281,130938683052.72896,2.27773144010268,0.036740832,58.664,0.529236610922027,133265336.60888693,6.42071925540796,10.41561172797342,66710.0,9.96,1279.63,68890.0,70280.0,3712696,17.96807495146384,1998-01-01
Ireland,57,1999,0.322684727980735,18.420531558147097,8.905327333430106,144716760494.98755,2.05684799992262,0.035217392,58.91,0.535323549494462,133265336.60888693,6.83064443907063,10.727642001434967,68260.0,9.95,1226.25,68890.0,70280.0,3754786,18.179464821696897,1999-01-01
Ireland,57,2000,0.249264851792604,25.790059877355592,9.150239512265932,158319293738.45963,2.03029990196228,0.033693952,59.155,0.540132277229605,133265336.60888693,6.41047216169317,11.200539055507054,71230.0,9.58,1252.5,68890.0,70280.0,3805174,18.719249106611155,2000-01-01
Ireland,57,2001,0.24644068149683,8.833628025958305,9.280911598200028,166717315964.30933,1.96589994430542,0.030593672,59.399,0.5410029056317,133265336.60888693,6.69122207809001,11.61592791761925,73480.0,9.49,944.65,68890.0,70280.0,3866243,19.00553069219912,2001-01-01
Ireland,57,2002,0.243045671843002,22.911726995403324,9.411583684134127,176547355233.11023,2.23979997634888,0.027493392,59.649,0.542526908506437,133265336.60888693,6.32956855681084,11.200557891548383,72740.0,9.86,1420.77,68890.0,70280.0,3931947,18.49974071369731,2002-01-01
Ireland,57,2003,0.240621801973954,13.864996312202212,9.542255770068223,181860696755.5849,2.00679993629456,0.024393112,59.925,0.540213947947973,133265336.60888693,5.94980298391278,11.064623456251072,73030.0,9.96,975.26,68890.0,70280.0,3996521,18.27339328380859,2003-01-01
Ireland,57,2004,0.237675952198799,-5.467409412268407,9.672927856002325,194201532341.29825,2.30139994621277,0.024393112,60.202,0.537312490539882,133265336.60888693,6.03875560583288,11.02140353618514,72260.0,9.86,1085.61,68890.0,70280.0,4070262,17.753156922085115,2004-01-01
Ireland,57,2005,0.237107210097851,22.191543589057268,9.80359994193642,205341342876.44388,2.88010001182556,0.024393112,60.477,0.548076445635519,133265336.60888693,6.11908014303874,11.245424785223925,73470.0,9.97,1069.15,68890.0,70280.0,4159914,17.661422808259978,2005-01-01
Ireland,57,2006,0.234069039662393,9.513522259240368,9.934272027870518,215568372598.65128,3.18569993972778,0.024393112,60.738,0.603301791323489,133265336.60888693,6.48287776658437,11.187312964670696,74450.0,10.09,1180.7,68890.0,70280.0,4273591,17.420946459312553,2006-01-01
Ireland,57,2007,0.208675150703375,22.21975262112637,10.064944113804616,227005284378.7204,3.53439998626709,0.024393112,60.94,0.614521060201323,133265336.60888693,6.19362133193349,10.688933839091307,72820.0,10.22,1066.69,68890.0,70280.0,4398942,16.553980479851745,2007-01-01
Ireland,57,2008,0.210600259617482,8.489027250046266,10.195616199738716,216820466847.174,4.13969993591309,0.024393112,61.141,0.613496724976518,133265336.60888693,6.04814274461344,10.323988360510556,71770.0,9.6,1310.58,68890.0,70280.0,4489544,15.986033325433496,2008-01-01
Ireland,57,2009,0.212319376871931,22.91810633489496,10.326288285672812,205761601550.8658,5.22469997406006,0.024393112,61.342,0.608474468770749,133265336.60888693,5.21074469824837,9.044456081360416,66400.0,9.62,1341.4,68890.0,70280.0,4535375,14.640465231651186,2009-01-01
Ireland,57,2010,0.204792249016782,17.029910246846715,10.456960371606913,209372883796.73056,5.24100017547607,0.021292832,61.542,0.603420891272233,133265336.60888693,5.41801144088817,8.90978486476885,65040.0,8.66,1022.75,68890.0,70280.0,4560155,14.262673088962984,2010-01-01
Ireland,57,2011,0.195089189023005,9.930055761735526,10.556510378864855,211610088866.2927,6.67649984359741,0.021292832,61.742,0.599498697543018,133265336.60888693,4.89542836946601,7.938719027860624,60650.0,9.73,1142.25,68890.0,70280.0,4580084,13.24211521011405,2011-01-01
Ireland,57,2012,0.208292160769275,25.75960664339401,10.656060386122803,211499300858.5761,6.5770001411438,0.021292832,61.942,0.59077119692674,133265336.60888693,4.84930928298803,8.0660362693343,62310.0,9.47,1177.86,68890.0,70280.0,4599533,13.54702749170405,2012-01-01
Ireland,57,2013,0.199553542047634,29.72617136284146,10.755610393380753,214179028009.07416,7.3516001701355,0.021292832,62.141,0.60543132212394,133265336.60888693,5.01600605485784,7.72522089979359,61380.0,9.44,1094.66,68890.0,70280.0,4623816,13.274749687271292,2013-01-01
Ireland,57,2014,0.190196365916565,37.65381788045949,10.8551604006387,232841941278.8197,8.43910026550293,0.021292832,62.34,0.628855838719258,133265336.60888693,4.97185269921835,7.632456942637416,61540.0,10.05,1326.0,68890.0,70280.0,4657740,13.212416322078948,2014-01-01
Ireland,57,2015,0.187208747055244,81.33464218234926,10.954710407896648,291462799328.9486,9.09179973602295,0.018192552,62.538,0.638789407377452,133265336.60888693,5.15486223877053,7.8669371072512995,63350.0,9.38,1329.87,68890.0,70280.0,4701957,13.47311342915301,2015-01-01
Ireland,57,2016,0.196198688875302,34.45162239639685,11.06619248076644,297415147420.9928,8.49880027770996,0.018192552,62.737,0.616638824338421,133265336.60888693,5.01472700033981,8.140330807398428,65880.0,9.71,1096.85,68890.0,70280.0,4755335,13.853913551831784,2016-01-01
Ireland,57,2017,0.198388680717503,17.42391144050848,11.177529394687182,324004099585.74493,9.94279956817627,0.018192552,62.947,0.613503612614138,133265336.60888693,5.09357098937656,7.806734135043812,65250.0,9.95,1140.55,68890.0,70280.0,4807388,13.57285910769008,2017-01-01
Ireland,57,2018,0.271533531805533,17.503205757189104,11.235592974306863,353262191749.5264,10.7444000244141,0.018192552,63.17,0.614600528798899,133265336.60888693,5.25090167865892,7.6243251927756495,65090.0,9.63,1178.4,68890.0,70280.0,4867316,13.372873263211185,2018-01-01
Ireland,57,2019,0.271533531805533,-11.683951035397648,11.29365655392655,370632118369.5548,11.127963657159771,0.018192552,63.405,0.600068659659803,133265336.60888693,5.21197412666639,7.551978436248285,65297.391304347824,9.82,1255.41,68890.0,70280.0,4934340,13.23325739700706,2019-01-01
Ireland,57,2020,0.2690665340931273,7.619753275421219,11.351720133546232,392377013983.203,11.527668536068424,0.017229277,63.653,0.6037248431674693,133265336.60888693,5.1519588465454325,7.462218002679329,65449.45179584121,9.74,1312.3,68890.0,70280.0,4985674,13.1275032815706,2020-01-01
Israel,58,1995,0.203514045286178,1.3421704398165435,6.585027726432532,139622933236.13925,5.43627427030068,0.017308448,90.866,0.518139099857861,72220001.2207031,5.23281562557634,8.434625788999098,59060.0,19.88,169.17,21640.0,22070.0,5545000,10.651036970243462,1995-01-01
Israel,58,1996,0.216601621907006,1.2680083044014965,6.682070240295748,148039121735.77478,5.44661308180387,0.016733133,90.943,0.519354435504639,85370002.746582,5.23659623591803,8.561138439915672,62160.0,20.48,237.24,21640.0,22070.0,5692000,10.920590302178496,1996-01-01
Israel,58,1997,0.218494011644817,1.423747520581375,6.779112754158965,153849528064.8344,5.69790780290493,0.016157818,91.009,0.520781330816935,186039993.28613305,5.23531769037541,8.733721727210419,65180.0,19.77,315.05,21640.0,22070.0,5836000,11.16860863605209,1997-01-01
Israel,58,1998,0.218096380284708,1.497770465268704,6.876155268022181,160307804468.0761,6.07462712345721,0.015582503,91.074,0.520392797048558,117589996.337891,5.32965104999575,8.625020934516831,66550.0,20.93,199.71,21640.0,22070.0,5971000,11.145536761011556,1998-01-01
Israel,58,1999,0.217084726972199,3.5419735531742456,6.973197781885397,166031729085.3738,5.86872888096563,0.015007188,91.139,0.52205544126741,467480010.986328,5.29193684092606,8.649795918367348,68740.0,20.54,139.11,21640.0,22070.0,6125000,11.222857142857142,1999-01-01
Israel,58,2000,0.220169341988469,6.07561796423726,7.070240295748614,180795726169.54688,5.95830011367798,0.014431873,91.203,0.52420118391044,643340026.855469,5.48683547721979,9.06344410876133,73610.0,19.82,284.25,21640.0,22070.0,6289000,11.704563523612658,2000-01-01
Israel,58,2001,0.218246772677884,1.354035936784982,7.074861367837339,180980619613.22424,6.29650020599365,0.0143482478,91.267,0.512785275695173,797400024.414063,5.7127502348284,8.999844696381427,73510.0,20.67,235.61,21640.0,22070.0,6439000,11.416369001397731,2001-01-01
Israel,58,2002,0.217001395296383,1.3062483839298396,7.079482439926063,180626132327.08728,6.50299978256226,0.0142646226,91.33,0.509744351292209,899669982.910156,5.81216743693489,9.296803652968036,75520.0,20.51,315.43,21640.0,22070.0,6570000,11.494672754946729,2002-01-01
Israel,58,2003,0.21449994124216,2.614787893683202,7.084103512014788,182702168860.6836,6.52440023422241,0.0141809974,91.393,0.510209053824863,1184680053.71094,5.56362638434869,9.40101947770453,76350.0,20.4,330.53,21640.0,22070.0,6689700,11.413067850576258,2003-01-01
Israel,58,2004,0.211970924087355,2.173689383629679,7.088724584103511,191682010291.154,6.73269987106323,0.0141809974,91.456,0.514517703866226,892159973.144531,6.11088708872613,9.27595829049787,77440.0,20.27,241.45,21640.0,22070.0,6809000,11.37318255250404,2004-01-01
Israel,58,2005,0.211269987102581,3.3776103984184034,7.093345656192236,199653703529.0083,7.0297999382019,0.0141809974,91.518,0.505058312266059,772409973.144531,5.50091461296884,8.800738806077833,76100.0,20.17,215.45,21640.0,22070.0,6930100,10.9810825240617,2005-01-01
Israel,58,2006,0.210392331181057,9.338904112051774,7.09796672828096,211187334934.17963,6.8572998046875,0.0141809974,91.58,0.525149322350858,857440002.441406,5.82059284974905,9.120036293009342,80420.0,20.04,221.51,21640.0,22070.0,7053700,11.401108638019762,2006-01-01
Israel,58,2007,0.212118005373005,4.910701187685917,7.102587800369687,224073703014.45065,6.71589994430542,0.0141809974,91.641,0.543129336292807,1344979980.46875,5.70027211086729,9.27424409130792,83610.0,20.3,205.99,21640.0,22070.0,7180100,11.644684614420411,2007-01-01
Israel,58,2008,0.208353542383716,4.740956362731343,7.10720887245841,231824093477.98132,8.90310001373291,0.0141809974,91.702,0.543947684565377,1255910034.17969,5.48065959571182,9.125985113835377,84290.0,20.62,186.15,21640.0,22070.0,7308800,11.532672942206656,2008-01-01
Israel,58,2009,0.2040610942834,2.215351675611698,7.111829944547135,234473784400.32605,8.46380043029785,0.0141809974,91.763,0.527346878136179,1978400024.41406,5.07010263152347,8.779523351501549,83870.0,20.78,202.86,21640.0,22070.0,7485600,11.20417868975099,2009-01-01
Israel,58,2010,0.203411125883429,2.976587849015777,7.116451016635859,247802932721.58157,8.55370044708252,0.0140973722,91.826,0.537622452802003,1937109985.35156,5.52981685377786,9.248911275512882,89320.0,22.06,235.13,21640.0,22070.0,7623600,11.716249540899312,2010-01-01
Israel,58,2011,0.198380577264938,3.298971479562301,7.218114602587801,261537633291.88303,9.0806999206543,0.0140973722,91.892,0.537698081584099,1250800048.82813,6.02916937165998,8.990702825207963,89590.0,20.27,242.86,21640.0,22070.0,7765800,11.536480465631358,2011-01-01
Israel,58,2012,0.200630762582316,3.489436207865604,7.319778188539741,268920830753.3984,2.88479995727539,0.0140973722,91.96,0.536340180741731,1241060058.59375,6.23835671394055,9.615068579735794,96710.0,21.06,286.24,21640.0,22070.0,7910500,12.2255230389988,2012-01-01
Israel,58,2013,0.203136429872327,4.025667476554795,7.421441774491683,281767722996.4412,3.26600003242493,0.0140973722,92.031,0.533228741695032,1191760009.76563,5.62593033310326,8.31317079223277,88550.0,20.87,293.11,21640.0,22070.0,8059500,10.987033935107638,2013-01-01
Israel,58,2014,0.205659634914013,1.94532834203386,7.523105360443623,293389928304.9614,3.70029997825623,0.0140973722,92.104,0.54543992020467,1371890014.64844,4.70385047746126,7.876383022749126,87150.0,20.95,246.18,21640.0,22070.0,8215700,10.607738841486425,2014-01-01
Israel,58,2015,0.202811599615626,3.7777476167488047,7.624768946395563,300078278118.43427,3.73850011825562,0.014013747,92.179,0.549942817737684,1749459960.9375,5.71246891508526,7.892507249316835,89510.0,20.8,268.93,21640.0,22070.0,8380100,10.68125678691185,2015-01-01
Israel,58,2016,0.196248919456269,3.7577061031326178,6.469500924214418,313470032931.6927,3.97790002822876,0.014013747,92.256,0.537319828138094,2065770019.53125,4.74402213430467,7.6363210858881345,89420.0,21.2,239.18,21640.0,22070.0,8546000,10.463374678212029,2016-01-01
Israel,58,2017,0.196401926120348,4.754737675899482,6.469500924214418,327190755542.21545,3.84990000724792,0.014013747,92.336,0.533692382388209,1266170043.94531,5.58680192579314,7.579217977115444,91060.0,20.81,120.35,21640.0,22070.0,8713300,10.450690323987468,2017-01-01
Israel,58,2018,0.237090204558902,5.758063514894242,6.469500924214418,340224152566.3568,3.71539998054504,0.014013747,92.418,0.531178670441933,1237180053.71094,4.65941855748559,6.976403836628091,87830.0,21.51,311.03,21640.0,22070.0,8882800,9.88764803890665,2018-01-01
Israel,58,2019,0.237090204558902,4.363154179848772,6.469500924214418,353062816517.3023,3.640579359251317,0.014013747,92.501,0.530940850324844,335589996.33789104,4.634488250177296,6.913002882177177,89080.86956521739,20.93,276.02,21640.0,22070.0,9054000,9.838841348046984,2019-01-01
Israel,58,2020,0.2384892111952655,5.964911830708305,6.469500924214418,345459861240.9419,3.5620561539229447,0.0138764677916666,92.587,0.5314742565943016,346563746.13444054,4.608309642101612,6.841344814449417,90251.34215500944,20.94,366.64,21640.0,22070.0,9215100,9.79385380028534,2020-01-01
Italy,59,1995,0.252578222851997,0.4123639378261267,27.13100540614056,1662884708948.8723,4.46227833744118,0.018286232,66.922,0.47199189430335,133265336.60888693,5.15943451507274,7.325624170288446,499020.0,12.26,913.8,294110.0,301340.0,56844303,8.778716136250276,1995-01-01
Italy,59,1996,0.253543270067533,0.2704103489922982,27.39604229709973,1683949879715.241,4.74891389547652,0.018595561,66.982,0.472494674026779,133265336.60888693,4.95479594457032,7.2484692785813,495260.0,12.01,1111.9,294110.0,301340.0,56860281,8.71012227322619,1996-01-01
Italy,59,1997,0.254189838621395,0.2969101427024688,27.66107918805889,1714769736426.2705,4.83141976728715,0.01890489,67.042,0.473151935623234,133265336.60888693,5.21617569871755,7.303872085772264,499040.0,12.77,818.26,294110.0,301340.0,56890372,8.771958812292526,1997-01-01
Italy,59,1998,0.252859969984182,0.2078705445213229,27.92611607901805,1745817617266.9844,4.75762543217441,0.019214219,67.102,0.472808814513555,133265336.60888693,5.40589041562341,7.492433585727555,510330.0,12.64,832.84,294110.0,301340.0,56906744,8.967829893764437,1998-01-01
Italy,59,1999,0.250584742238717,0.5544438095838314,28.191152969977217,1774199856105.2886,5.02245978426758,0.019523548,67.162,0.477363010190375,133265336.60888693,5.46613095921154,7.6078359040694785,517560.0,12.8,910.67,294110.0,301340.0,56916317,9.093350154754392,1999-01-01
Italy,59,2000,0.269252102001183,1.151655738308796,28.45618986093638,1841388008807.421,5.11889982223511,0.019832877,67.222,0.493532691045465,133265336.60888693,5.58287159687905,7.662168039160053,522470.0,13.1,875.25,294110.0,301340.0,56942108,9.175459398166293,2000-01-01
Italy,59,2001,0.269039840894781,1.2748863203967442,28.680184284791405,1877320330647.848,5.38180017471313,0.0186667026,67.282,0.495417722016184,133265336.60888693,5.45911091095354,7.662604586996547,520660.0,12.87,839.79,294110.0,301340.0,56974100,9.138538388495824,2001-01-01
Italy,59,2002,0.265039641079915,1.356669001862473,28.904178708646427,1882087654195.74,5.59619998931885,0.0175005282,67.382,0.496407812917573,133265336.60888693,5.51511619021135,7.772129648172811,528940.0,13.1,1026.59,294110.0,301340.0,57059007,9.27005266670694,2002-01-01
Italy,59,2003,0.225944494428254,1.2433973038618922,29.12520228462637,1884696733792.44,6.24020004272461,0.0163343538,67.501,0.495281437790126,133265336.60888693,5.6675610399359,8.064459423075691,547470.0,13.14,769.75,294140.0,301340.0,57313203,9.552249243512003,2003-01-01
Italy,59,2004,0.224768890611015,1.1147095323488003,29.349173862786436,1911527166394.101,5.93540000915527,0.0163343538,67.62,0.494286296948075,133265336.60888693,5.79602461725469,8.189430910220896,558590.0,12.63,909.24,294140.0,301340.0,57685327,9.683398344955208,2004-01-01
Italy,59,2005,0.226085150351816,1.9790897389448825,29.573145440946487,1927160571705.508,6.70230007171631,0.0163343538,67.738,0.507709211104825,133265336.60888693,5.76736846822684,8.173783296052799,559870.0,12.21,887.98,294140.0,301340.0,57969484,9.658012481187516,2005-01-01
Italy,59,2006,0.223439747166975,2.9259668581453666,29.79711701910655,1961669073615.545,7.51230001449585,0.0163343538,67.856,0.516603922265288,133265336.60888693,5.81886257491973,8.025766520038127,547470.0,12.95,769.64,294140.0,301340.0,58143979,9.415764270278098,2006-01-01
Italy,59,2007,0.220375207908069,2.9849230850820136,30.02108859726661,1990840524373.514,8.73159980773926,0.0163343538,67.974,0.517927341557912,133265336.60888693,5.7450669337439,7.860768047535939,540720.0,13.18,803.17,294140.0,301340.0,58438310,9.25283431365486,2007-01-01
Italy,59,2008,0.224088519682174,-0.3960878368145488,30.24506017542667,1971688382893.5845,10.8232002258301,0.0163343538,68.092,0.512721319279411,133265336.60888693,5.38313540350372,7.56424830065774,525850.0,13.04,984.14,294140.0,301340.0,58826731,8.938963479034726,2008-01-01
Italy,59,2009,0.222360667750774,0.7578896949454976,30.469031753586727,1867564757449.765,12.5392999649048,0.0163343538,68.209,0.508908008203713,133265336.60888693,4.99899916837543,6.718970261034855,476970.0,13.07,948.45,294140.0,301340.0,59095365,8.071191370084609,2009-01-01
Italy,59,2010,0.217566897606323,0.4653429408911923,30.693003331746787,1899561666732.942,12.7934999465942,0.0151681794,68.327,0.506905815965867,133265336.60888693,5.30338464335147,6.836836362151205,485460.0,12.48,1017.08,294140.0,301340.0,59277417,8.189628100698112,2010-01-01
Italy,59,2011,0.214239104125795,1.503735448405677,30.87593662881621,1912997899849.2275,11.9040002822876,0.0151681794,68.444,0.503744170531377,133265336.60888693,5.10621885749867,6.680594156405864,474590.0,13.3,779.67,294140.0,301340.0,59379449,7.99249585492112,2011-01-01
Italy,59,2012,0.211784646828995,0.0016722446020187,31.05886992588563,1855973235106.3552,14.390700340271,0.0151681794,68.684,0.494110607408422,133265336.60888693,4.51301080428913,6.327708947625667,456710.0,13.17,823.98,294140.0,301340.0,59539717,7.670678045043446,2012-01-01
Italy,59,2013,0.209303572408915,0.9121221761523431,31.241803222955056,1821803553097.1863,16.3194999694824,0.0151681794,68.979,0.495700958584735,133265336.60888693,4.30034044448145,5.751739866030365,424930.0,12.88,934.72,294140.0,301340.0,60233948,7.054659608232885,2013-01-01
Italy,59,2014,0.206388641595181,0.7888692722248956,31.42473652002448,1821720705808.8235,17.1315994262695,0.0151681794,69.272,0.510837709680239,133265336.60888693,4.23693730166352,5.3873109571874185,405240.0,13.58,999.44,294140.0,301340.0,60789140,6.666322306912057,2014-01-01
Italy,59,2015,0.20508000200623,0.724627962134635,31.607669817093903,1835899237320.0383,16.570499420166,0.014002005,69.565,0.515651128023685,133265336.60888693,4.27974248280713,5.563259709910239,416150.0,13.52,776.87,294140.0,301340.0,60730582,6.85239604652562,2015-01-01
Italy,59,2016,0.202059884274305,1.3677736692197466,31.790609913646563,1859645909743.7505,16.0921993255615,0.014002005,69.855,0.509475363651929,133265336.60888693,4.21144430577731,5.498165205498006,411450.0,13.34,847.76,294140.0,301340.0,60627498,6.786524490916646,2016-01-01
Italy,59,2017,0.199825058265588,0.5691728099303893,31.973550010199222,1890662182181.2732,16.4314994812012,0.014002005,70.144,0.506028939139208,133265336.60888693,4.25713685003869,5.437857548549592,405770.0,13.19,749.38,294140.0,301340.0,60536709,6.702875110042735,2017-01-01
Italy,59,2018,0.20134896047083,2.116288922739068,31.76875020992174,1908166139521.4976,17.0743007659912,0.014002005,70.438,0.520420868313905,133265336.60888693,4.3105326210994,5.376374339310871,399600.0,13.82,804.91,297730.0,302070.0,60421760,6.613511423699012,2018-01-01
Italy,59,2019,0.20134896047083,1.551978937658604,31.949484432203672,1915994931005.088,17.622649567232507,0.014002005,70.736,0.523694641073997,133265336.60888693,4.273623843100559,5.291624346659672,395277.39130434784,13.56,962.86,297730.0,302101.73913043475,59729081,6.617838156665223,2019-01-01
Italy,59,2020,0.1992144078716147,-1.1696315851522197,32.13021865448561,1744731951797.3955,18.18237720513494,0.0138234955416666,71.039,0.5258489221894406,133265336.60888693,4.244007664775786,5.206544132228297,390930.3213610586,13.59,838.1,297730.0,302134.8582230624,59449527,6.57583568934129,2020-01-01
Jamaica,64,1995,0.554004420052189,1.5476948881236263,48.120036934441366,13073365330.743916,10.7796064098073,0.116931117,50.615,0.367662029433797,114510002.13623,1.60315948691169,3.425813186618016,10360.0,24.95,2438.91,10830.0,10990.0,2533705,4.088873803382794,1995-01-01
Jamaica,64,1996,0.532857125112546,1.835300745469252,48.1174515235457,13058496834.673372,10.124201466869,0.1121386006,50.855,0.367315683158666,62409999.8474121,1.56974634975847,3.5331394015002555,10700.0,24.42,2533.98,10830.0,10990.0,2558631,4.181923849120878,1996-01-01
Jamaica,64,1997,0.529930517682509,1.8535639494416591,48.11486611265005,12909569918.341225,10.2933127076474,0.1073460842,51.095,0.367102777850733,76279998.7792969,1.57429231013309,3.5604900163085924,10840.0,25.13,1737.48,10830.0,10990.0,2583914,4.195186062694037,1997-01-01
Jamaica,64,1998,0.528804800417003,3.6655608209931128,48.11228070175439,12608189096.377708,9.37186601449738,0.1025535678,51.335,0.36609861462859,23100000.3814697,1.58478075539674,3.725745283214137,11390.0,25.31,2344.62,10830.0,10990.0,2608874,4.365868186811628,1998-01-01
Jamaica,64,1999,0.524184790029225,5.341472886201591,48.10969529085872,12740281799.113684,9.33129786184964,0.0977610514,51.574,0.362791488180645,-17229999.5422363,1.80968168896274,3.7908182431798503,11670.0,24.8,2349.49,10830.0,10990.0,2632677,4.43275039057203,1999-01-01
Jamaica,64,2000,0.523693770248328,4.659600174636841,48.10710987996307,12852231107.302898,9.3685998916626,0.092968535,51.814,0.34826885046066,14130000.1144409,1.56936621106755,3.789508260449965,11780.0,24.75,1893.92,10830.0,10990.0,2654698,4.437416233409601,2000-01-01
Jamaica,64,2001,0.520585920270664,6.269904202419825,48.45290858725762,13025084563.094374,7.94859981536865,0.0853902546,52.053,0.326666859242115,58900001.5258789,1.63096841423191,3.7686384970908953,11810.0,24.91,2231.85,10830.0,10990.0,2674706,4.415438556611456,2001-01-01
Jamaica,64,2002,0.515777143955788,4.566304984539533,48.798707294552166,13285233397.53072,8.07129955291748,0.0778119742,52.251,0.355175555962964,28530000.6866455,1.59388924324037,3.806386038844448,11980.0,25.21,1882.33,10830.0,10990.0,2692843,4.448829731254292,2002-01-01
Jamaica,64,2003,0.515144402254644,7.247967007033848,49.14450600184673,13772312246.82763,8.18379974365234,0.0702336938,52.437,0.355514358970745,10550000.1907349,1.70224852783248,3.90855963487631,12410.0,25.25,2615.15,10830.0,10990.0,2709438,4.580285653334751,2003-01-01
Jamaica,64,2004,0.519869561469194,5.49763452709418,49.49030470914128,13954619800.858725,6.40150022506714,0.0702336938,52.625,0.359970167516954,86750000.0,1.51182854252666,3.878874884083292,12320.0,24.97,1767.61,10830.0,10990.0,2725017,4.521072712573903,2004-01-01
Jamaica,64,2005,0.523862115281925,5.673332062553184,49.83610341643583,14079345904.607767,5.43319988250732,0.0702336938,52.811,0.349906207477155,43750000.0,1.7008449857012,3.854014598540146,12280.0,24.93,3182.83,10830.0,10990.0,2740000,4.481751824817518,2005-01-01
Jamaica,64,2006,0.525427526778003,7.060609234064595,50.18190212373038,14487523790.784534,4.82140016555786,0.0702336938,52.998,0.339482543509101,40700000.76293951,1.59726452583929,4.378426772445972,13480.0,25.2,1722.55,10830.0,10990.0,2754414,4.893962926415564,2006-01-01
Jamaica,64,2007,0.522501664509182,6.343189390466342,50.52770083102492,14694978472.517471,5.35169982910156,0.0702336938,53.184,0.342494739102759,31659999.8474121,2.0635798331204,4.342126319751726,13400.0,24.87,3391.87,10830.0,10990.0,2768229,4.8406399904054185,2007-01-01
Jamaica,64,2008,0.519714889246839,10.041303198305249,50.873499538319486,14575693938.716831,5.98759984970093,0.0702336938,53.371,0.344523786426851,89809997.55859381,1.29285403612876,3.458106762036602,11000.0,24.49,2277.41,10830.0,10990.0,2781869,3.954176131226884,2008-01-01
Jamaica,64,2009,0.523702199874563,4.002856370222228,51.21929824561404,13942336039.18919,7.5068998336792,0.0702336938,53.557,0.345660289320497,152279998.779297,1.41808429977326,2.8184741682192715,9260.0,24.72,1511.37,10830.0,10990.0,2795839,3.312064822044474,2009-01-01
Jamaica,64,2010,0.524695829295271,1.4052027629934576,51.56509695290858,13739175678.658514,8.98369979858398,0.0626554134,53.743,0.339788005836726,141100006.10351598,1.75247253232403,2.661482232115409,8860.0,24.26,3696.67,10830.0,10990.0,2810464,3.152504355152744,2010-01-01
Jamaica,64,2011,0.519216839574035,1.195993686407013,51.91615881809788,13976915113.947924,9.83530044555664,0.0626554134,53.93,0.351729098285341,41029998.779296905,1.93733587006304,2.6893782299078675,9010.0,24.44,2645.35,10830.0,10990.0,2825932,3.1883286646670905,2011-01-01
Jamaica,64,2012,0.506145827324521,2.791456896040998,52.26722068328717,13891147725.546824,11.9371004104614,0.0626554134,54.132,0.3513781182794,28059999.4659424,1.63383897285773,2.501646653493439,8570.0,24.7,2303.07,10830.0,10990.0,2842128,3.0153462476003896,2012-01-01
Jamaica,64,2013,0.501618401524073,3.818983589894324,52.61828254847646,13963060254.3397,11.1579999923706,0.0626554134,54.35,0.363144914300582,71589996.3378906,1.74803546757538,2.651545627223468,9050.0,24.9,1981.07,10830.0,10990.0,2858710,3.165763578677096,2013-01-01
Jamaica,64,2014,0.496742172328573,4.188352814221295,52.96934441366575,14059380565.747784,11.5607004165649,0.0626554134,54.584,0.373086474235262,95989997.8637695,1.45191058875706,2.5737903967706584,8890.0,25.16,1910.36,10830.0,10990.0,2875137,3.092026571255561,2014-01-01
Jamaica,64,2015,0.506423992401193,6.519007958933599,53.32040627885504,14188935947.569372,11.8043003082275,0.055077133,54.833,0.366161840996956,59069999.6948242,1.48410185389814,2.5215978836564483,8780.0,25.58,1363.23,10830.0,10990.0,2891024,3.036986202812568,2015-01-01
Jamaica,64,2016,0.509750007460603,6.5920970905404,53.6786703601108,14384065467.321148,10.7552003860474,0.055077133,55.098,0.389550600676983,26850000.3814697,1.55415150378658,2.6666740071886648,9230.0,25.32,1817.92,10830.0,10990.0,2906242,3.1759227208195324,2016-01-01
Jamaica,64,2017,0.500478554599582,6.001997630355797,54.03785780240074,14527492301.3972,10.7249002456665,0.055077133,55.378,0.393901687675353,61549999.237060495,1.79943327353789,2.4616138874737747,8690.0,25.2,3307.96,10830.0,10990.0,2920848,2.9751633772110018,2017-01-01
Jamaica,64,2018,0.515146976181675,4.924230845327857,54.397045244690666,14802050818.68739,8.67240047454834,0.055077133,55.674,0.399432135036776,100209999.084473,1.63385581569761,2.8996341554415164,10020.0,25.19,1801.61,10830.0,10990.0,2934853,3.4141403334340765,2018-01-01
Jamaica,64,2019,0.515146976181675,4.203305435901149,54.75530932594644,14934128282.737062,8.580782825189255,0.055077133,55.985,0.395472573986144,127069999.694824,1.635190438688302,2.8767568062599294,10005.217391304348,25.38,1865.54,10830.0,10990.0,2948277,3.393581197188849,2019-01-01
Jamaica,64,2020,0.5135279160204036,1.919290442186282,55.11449676823638,13440715454.463356,8.513677666855353,0.0524998836666666,56.311,0.3966313466758251,127593332.92643207,1.6380358338591643,2.848218432553828,9975.00945179584,25.39,2826.18,10830.0,10990.0,2961161,3.368614354908713,2020-01-01
Japan,65,1995,0.235843255584362,0.0007476800351241,68.32967635765222,3785636263364.3647,3.91718852109581,0.007605415,78.016,0.61151524017311,133265336.60888693,5.62908856596092,9.347025631216528,1277530.0,10.9,1518.15,364600.0,377800.0,125472000,10.181793547564396,1995-01-01
Japan,65,1996,0.236751018192721,-0.0007759609625334,68.32812071330589,3904273220115.027,3.8393584372338,0.0078958006,78.145,0.614037305610942,133265336.60888693,5.61962654238038,9.432715475082896,1291660.0,10.48,1388.95,364500.0,377800.0,125757000,10.271078349515337,1996-01-01
Japan,65,1997,0.23427180163297,0.0553581188953659,68.30781893004115,3942583070731.7393,4.07212749288482,0.0081861862,78.272,0.615343236697525,133265336.60888693,5.56488203491755,9.313167852638092,1279530.0,11.15,1618.16,364500.0,377800.0,126057000,10.150408148694638,1997-01-01
Japan,65,1998,0.232722263282483,0.0612933042415227,68.28751714677641,3892499235707.73,4.04535605146046,0.0084765718,78.398,0.615683539406145,133265336.60888693,5.15907307930119,8.949762658227849,1232410.0,11.66,1925.81,364500.0,377800.0,126400000,9.75007911392405,1998-01-01
Japan,65,1999,0.230381024620816,0.3188215423688481,68.26721536351165,3879501014654.613,3.82878657575963,0.0087669574,78.523,0.621577297928069,133265336.60888693,5.21990629121446,9.206987230614937,1258050.0,11.5,1744.65,364500.0,377800.0,126631000,9.934771106601069,1999-01-01
Japan,65,2000,0.227837795280266,0.2151247154685682,68.24691358024691,3986755544464.215,3.77609992027283,0.009057343,78.649,0.627878115626791,133265336.60888693,5.28328014774578,9.32609603998644,1274300.0,11.29,1539.19,364500.0,377800.0,126843000,10.046277681858676,2000-01-01
Japan,65,2001,0.225985025041455,0.112602474486226,68.27160493827161,4002148544213.4473,3.57979989051819,0.0079921208,79.99,0.625364666348511,133265336.60888693,5.17664822795873,9.206678778441042,1251440.0,10.91,1562.05,364500.0,377880.0,127149000,9.842310989469048,2001-01-01
Japan,65,2002,0.220747369012086,0.2763040701759341,68.2962962962963,4003827945768.801,3.77150011062622,0.0069268986,81.647,0.623032890514986,133265336.60888693,5.15763738579021,9.470516693475616,1283110.0,11.27,1573.05,364500.0,377890.0,127445000,10.0679508807721,2002-01-01
Japan,65,2003,0.218043395089094,0.1940793444321525,68.32098765432099,4065291729511.601,4.23080015182495,0.0058616764,83.196,0.637501305718696,133265336.60888693,5.1453537457182,9.51925335504784,1290880.0,10.93,1744.3,364500.0,377900.0,127718000,10.10726757387369,2003-01-01
Japan,65,2004,0.215040066200618,0.1538477356048939,68.34567901234568,4154163710034.4775,4.27290010452271,0.0058616764,84.64,0.644943646402237,133265336.60888693,5.04661595628479,9.479340330773868,1282760.0,11.86,1686.93,364500.0,377910.0,127761000,10.040309640657163,2004-01-01
Japan,65,2005,0.215959331555228,0.1130012541315065,68.37037037037037,4229100705435.4673,4.03809976577759,0.0058616764,85.978,0.669992032368693,133265336.60888693,5.07795980411069,9.499816080079516,1283820.0,10.96,1405.49,364500.0,377910.0,127773000,10.047662651733935,2005-01-01
Japan,65,2006,0.218129906184787,-0.0520879011005219,68.39506172839506,4287138774363.7056,4.44750022888184,0.0058616764,87.118,0.747333652419973,133265336.60888693,4.99162134041107,9.309524926869711,1261900.0,11.17,1817.98,364500.0,377920.0,127854000,9.86985154942356,2006-01-01
Japan,65,2007,0.217024575571135,0.4723227269750482,68.41975308641976,4350758602409.603,4.28760004043579,0.0058616764,88.146,0.752456392707846,133265336.60888693,4.98509829561671,9.58086264951055,1297980.0,11.6,1484.49,364500.0,377930.0,128001000,10.14038952820681,2007-01-01
Japan,65,2008,0.218411805200865,0.4822085894651118,68.44444444444444,4297492743392.063,4.44579982757568,0.0058616764,89.103,0.755073885048554,133265336.60888693,4.83412304615003,9.055074455541414,1231180.0,11.32,1503.98,364500.0,377940.0,128063000,9.61386192733264,2008-01-01
Japan,65,2009,0.220051761589303,0.2311463746337371,68.46913580246914,4052826324007.501,4.5128002166748,0.0058616764,89.989,0.760476805671558,133265336.60888693,4.47841848912155,8.600045295867924,1171570.0,11.37,1667.56,364500.0,377947.0,128047000,9.149531031574345,2009-01-01
Japan,65,2010,0.218884980978457,0.1292044895880497,68.49382716049382,4218907820177.167,4.79400014877319,0.0047964542,90.812,0.784911033806917,133265336.60888693,4.73025342154608,9.026938393066292,1228240.0,11.66,1787.25,364500.0,377950.0,128070000,9.590380260794875,2010-01-01
Japan,65,2011,0.221347717924021,-0.0136482744839263,68.48175582990397,4219912322037.65,4.94029998779297,0.0047964542,91.069,0.787943251647433,133265336.60888693,4.78006172288153,9.482449758669516,1284770.0,11.22,1746.65,364500.0,377955.0,127833000,10.05037822784414,2011-01-01
Japan,65,2012,0.224452035901899,0.0087202015018961,68.46968449931413,4277925608850.595,4.79570007324219,0.0047964542,91.148,0.79222595208394,133265336.60888693,4.75859308642789,9.811406498523064,1327040.0,11.02,1724.84,364500.0,377960.0,127629000,10.397636900704386,2012-01-01
Japan,65,2013,0.224297249917507,0.2042933841864244,68.45761316872428,4363702302795.859,5.15740013122559,0.0047964542,91.226,0.800884085524067,133265336.60888693,4.77573578036945,9.893679626505552,1338630.0,11.41,1711.96,364500.0,377962.0,127445000,10.503589783828318,2013-01-01
Japan,65,2014,0.220621957440636,0.403354543401037,68.44554183813443,4376627829637.509,5.71990013122559,0.0047964542,91.304,0.738324454287537,133265336.60888693,4.66486232523799,9.58405355290864,1300990.0,11.18,1734.92,364500.0,377962.0,127276000,10.22180143939156,2014-01-01
Japan,65,2015,0.223992002295955,0.1181619877482409,68.43347050754458,4444930651964.18,6.32340002059937,0.003731232,91.381,0.7330688095946,133265336.60888693,4.4124200329663,9.292832367214352,1265070.0,11.7,1789.53,364500.0,377971.0,127141000,9.950134103082403,2015-01-01
Japan,65,2016,0.223619998193824,0.8184816152645158,68.42249657064473,4478437728055.551,6.35979986190796,0.003731232,91.457,0.717600888666522,133265336.60888693,4.41797752656586,9.223941970216336,1257730.0,11.78,1834.74,364500.0,377970.0,126994511,9.903813874286268,2016-01-01
Japan,65,2017,0.221149683687355,0.3813196380342735,68.40877914951989,4553466417292.212,6.97450017929077,0.003731232,91.535,0.723876421145934,133265336.60888693,4.61314793408604,9.085639143002744,1235370.0,11.17,1525.13,364500.0,377970.0,126785797,9.743757023509502,2017-01-01
Japan,65,2018,0.21935935742174,0.5020828153546214,68.40877914951989,4578913522439.235,7.38770008087158,0.003731232,91.616,0.719715695318728,133265336.60888693,4.60769238599932,8.7422577098865,1186770.0,11.73,1828.61,364500.0,377974.0,126529100,9.379423389560188,2018-01-01
Japan,65,2019,0.21935935742174,0.7793773409494139,68.40877914951989,4591290538384.747,7.538591887818352,0.003731232,91.698,0.718137647542392,133265336.60888693,4.563283856435772,8.715963452437368,1182823.9130434785,11.91,1572.66,364500.0,377981.5652173913,126264931,9.367794396081983,2019-01-01
Japan,65,2020,0.2186725283316307,1.2401361451872768,68.40877914951989,4380756530555.84,7.699428124800289,0.0035698077083333,91.782,0.7225802478494454,133265336.60888693,4.517355913568616,8.684800321017997,1178091.9092627598,11.96,1799.6,364500.0,377989.4593572779,125836021,9.36211984375094,2020-01-01
Jordan,66,1995,0.452177252630183,0.1978178339227676,1.10494106980961,15695791016.27736,2.22003842239553,0.07732176,78.207,0.35538589480003,540489990.234375,1.72371497848368,2.963710670360845,23340.0,18.8,67.82,88240.0,88780.0,4588842,5.086250518104568,1995-01-01
Jordan,66,1996,0.451837045058306,0.2239319448833453,1.10494106980961,16023365347.620749,2.19255859550592,0.0715485328,78.22,0.35655298217154,509079986.5722661,1.6884163120407,2.930582178003604,22570.0,19.35,93.4,88240.0,88780.0,4732848,4.768798828950349,1996-01-01
Jordan,66,1997,0.443895425563564,4.98097565108738,1.10494106980961,16553494530.406143,2.13988101548592,0.0657753056,78.232,0.36429748069104,475570007.324219,1.75436098383048,2.9637812321080013,22070.0,18.52,119.25,88240.0,88780.0,4848536,4.551889477566012,1997-01-01
Jordan,66,1998,0.425658781662377,3.918115241823032,1.10494106980961,17052114282.185322,2.20198840245121,0.0600020784,78.245,0.370487437188537,413910003.66210896,1.93559226624337,2.955112030299506,21280.0,19.87,84.6,88240.0,88780.0,4943975,4.304228884652532,1998-01-01
Jordan,66,1999,0.423022200070557,1.9384821982083504,1.10494106980961,17630100938.773594,2.17902858250643,0.0542288512,78.258,0.368851139341636,435200012.207031,1.7848412928547,2.907534827815509,20340.0,19.64,61.6,88240.0,88780.0,5031754,4.042327983442752,1999-01-01
Jordan,66,2000,0.421497377351463,10.794471610114549,1.10494106980961,18378624310.593506,2.09179997444153,0.048455624,78.27,0.36742319338713,554179992.675781,1.91474608485415,3.1761866043793114,20900.0,18.87,86.96,88240.0,88780.0,5122495,4.080043025908274,2000-01-01
Jordan,66,2001,0.418324513514053,3.048547532074497,1.10494106980961,19347169978.215763,2.12109994888306,0.0489350298,78.283,0.358477120778186,450309997.558594,1.9606645477987,3.114621124069638,21030.0,19.66,93.27,88240.0,88780.0,5217328,4.030798907026739,2001-01-01
Jordan,66,2002,0.417689844280428,2.4860322703681064,1.10494106980961,20466173164.99744,2.08890008926392,0.0494144356,78.296,0.348263212651188,562719970.703125,1.95560404856842,3.172535135779614,21840.0,19.43,112.58,88240.0,88780.0,5317514,4.107182416444978,2002-01-01
Jordan,66,2003,0.413277657329874,5.3647092740509486,1.10494106980961,21317907139.580887,1.9815000295639,0.0498938414,78.308,0.372414133230005,1321219970.70313,2.05282612084116,3.1854776081719005,22430.0,19.39,123.72,88240.0,88780.0,5434036,4.127687045135512,2003-01-01
Jordan,66,2004,0.415171915334302,8.209450192034641,1.10494106980961,23144258034.582253,1.83000004291534,0.0498938414,78.321,0.376672588452496,604630004.882813,2.28810004747805,3.329605298409154,23930.0,19.29,86.48,88240.0,88780.0,5580241,4.28834525247207,2004-01-01
Jordan,66,2005,0.407362794204256,15.764063485726664,1.10494106980961,25029726977.284084,1.68970000743866,0.0498938414,79.485,0.382716756997055,709849975.585938,2.27078186675838,3.446278894672386,25440.0,19.19,80.08,88240.0,88780.0,5765639,4.412347009585581,2005-01-01
Jordan,66,2006,0.410285246809115,23.537372480216863,1.10494106980961,27055376510.191795,2.28379988670349,0.0498938414,80.97,0.384486898914268,573570007.324219,2.21011405337493,3.3664093764097984,26180.0,19.08,85.88,88240.0,88780.0,5991547,4.369489215389614,2006-01-01
Jordan,66,2007,0.398255076813642,15.324691726389656,1.10494106980961,29267470182.66227,2.32929992675781,0.0498938414,82.371,0.401112583986163,631510009.765625,2.25534779344191,3.3715463231920504,27630.0,19.36,85.83,88240.0,88780.0,6255290,4.417061399231691,2007-01-01
Jordan,66,2008,0.400668374381114,12.47588761522542,1.10494106980961,31384186979.027035,2.75620007514954,0.0498938414,83.692,0.408748633902673,734090026.855469,2.03777340000795,3.0519457641326366,26890.0,19.59,63.81,88240.0,88780.0,6556473,4.101290434659,2008-01-01
Jordan,66,2009,0.412029410890079,9.834178744765511,1.0982203198918676,32960837541.535797,2.79760003089905,0.0498938414,84.928,0.401068686674074,740419982.910156,1.96714778518459,2.997131399985318,27570.0,19.63,70.72,88780.0,89320.0,6893258,3.999560149932006,2009-01-01
Jordan,66,2010,0.398929974740601,6.222475669739118,1.0982203198918676,33723826288.35368,2.97709989547729,0.0503732472,86.088,0.399727468462834,954750000.0,1.8095296773639,2.781778688573128,27430.0,21.16,96.29,88780.0,89320.0,7261541,3.7774351201762815,2010-01-01
Jordan,66,2011,0.400867850002357,5.033358726884925,1.0982203198918676,34646908078.41634,3.03290009498596,0.0503732472,87.172,0.401127030017302,974099975.585938,1.80058771878943,2.709171956468461,28550.0,19.09,96.84,88780.0,89320.0,7662858,3.725763938206868,2011-01-01
Jordan,66,2012,0.424569357792136,4.894806886823207,1.0982203198918676,35488605511.9193,2.94479990005493,0.0503732472,88.185,0.409205981404981,1157500000.0,1.93477910038274,2.981472226758021,32120.0,19.9,91.51,88780.0,89320.0,8089963,3.970351903958028,2012-01-01
Jordan,66,2013,0.406048781710115,5.649771687145909,1.0982203198918676,36414839440.074326,3.15599989891052,0.0503732472,89.125,0.408024823841944,1400329956.05469,1.77901372551699,2.7937577591339444,32420.0,19.7,106.77,88780.0,89320.0,8518992,3.8056145609715326,2013-01-01
Jordan,66,2014,0.406459335842775,5.912048902058894,1.0982203198918676,37647146046.473785,3.1389000415802,0.0503732472,90.0,0.420696829535398,2697159912.10938,1.82999976842956,2.869212996963052,34680.0,19.8,105.58,88780.0,89320.0,8918822,3.888405890374312,2014-01-01
Jordan,66,2015,0.408263269116131,4.147202291749402,1.0982203198918676,38587017887.32394,3.23420000076294,0.050852653,90.256,0.42410258514678,2141050048.82813,1.85442130989602,2.736718309994429,34970.0,19.74,94.24,88780.0,89320.0,9266573,3.7737791522281214,2015-01-01
Jordan,66,2016,0.413951930764428,3.892851428689706,1.0982203198918676,39356512808.34939,4.66940021514893,0.050852653,90.506,0.414170203165519,2727969970.70313,1.95708377901782,2.6019736064003105,35070.0,20.02,94.93,88780.0,89320.0,9554286,3.670603957218781,2016-01-01
Jordan,66,2017,0.393341651009455,4.901640293397461,1.0982203198918676,40177928314.0421,5.26079988479614,0.050852653,90.747,0.410019786539971,2979659912.10938,1.76525620948362,2.667119020952724,36740.0,19.71,50.21,88780.0,89320.0,9785840,3.75440432298096,2017-01-01
Jordan,66,2018,0.422288195356288,2.224278093813358,1.0982203198918676,40955006291.36529,7.18979978561401,0.050852653,90.979,0.407111677213158,2526010009.76563,1.75705586006581,2.4785952726866225,35810.0,20.35,110.78,88780.0,89320.0,9965322,3.5934614054618605,2018-01-01
Jordan,66,2019,0.422288195356288,1.639709719665941,1.0982203198918676,41755867661.24588,7.405876366623509,0.050852653,91.203,0.402051922050893,2797189941.40625,1.758505463612859,2.4575032988747,36352.17391304348,19.8,102.71,88780.0,89343.47826086957,10101697,3.598620500401416,2019-01-01
Jordan,66,2020,0.4210428179698757,1.6431730682735104,1.0982203198918676,41108073616.9012,7.632542356672101,0.0497497735416666,91.418,0.4039963398530123,2891219106.038412,1.7615528180290398,2.436934651956052,36951.3988657845,19.85,129.81,88780.0,89367.97731568999,10203140,3.621571287445287,2020-01-01
Kazakhstan,67,1995,0.402661970830923,4.732431909208335,1.1703468163129236,58532032231.65854,1.57574604306889,0.0872513009,55.921,0.359130169624023,58860000.6103516,5.93308353712254,10.905244690537442,221600.0,7.65,207.93,2699700.0,2724902.0,15816243,14.0109127053751,1995-01-01
Kazakhstan,67,1996,0.395390671362183,5.405182293169477,1.1701497944216024,58824692394.030495,1.63377869207555,0.0872513009,55.943,0.356630746228917,118489997.86377,4.06212066633219,9.622404398138505,193460.0,5.42,214.83,2699700.0,2724902.0,15578227,12.418614775609573,1996-01-01
Kazakhstan,67,1997,0.397612659737365,5.961400568432416,1.1699527725302812,59824712164.43202,1.67101528137917,0.0872513009,55.964,0.366030015411106,124239997.86377,4.42963382529723,8.269639415419118,165450.0,7.27,228.44,2699700.0,2724902.0,15334405,10.789463301640984,1997-01-01
Kazakhstan,67,1998,0.392186114168411,5.201656852521269,1.16975575063896,58688042633.65193,1.53673131839788,0.0872513009,55.986,0.373751773095818,210509994.506836,3.50736747661774,8.646703344825115,164910.0,6.62,238.93,2699700.0,2724902.0,15071640,10.94174223906622,1998-01-01
Kazakhstan,67,1999,0.392654293552614,9.406773511531096,1.1695587287476388,60272619783.49403,1.78863498514024,0.0872513009,56.025,0.372193330417538,168309997.55859402,2.3646531613818,7.921157387937895,148830.0,7.37,256.63,2699700.0,2724902.0,14928374,9.96960553105114,1999-01-01
Kazakhstan,67,2000,0.394910303528601,7.492464359214017,1.1693617068563174,66179336523.56722,2.50449991226196,0.0872513009,56.098,0.374532131427186,184839996.33789095,2.26974760344458,7.705111644165205,148040.0,7.18,265.81,2699700.0,2724902.0,14883626,9.946500940026308,2000-01-01
Kazakhstan,67,2001,0.390945846850904,12.715487468093595,1.166593028855058,75113546953.21361,2.40949988365173,0.0872513009,56.171,0.384441651550863,149600006.10351598,3.2263234855295,7.529107399987953,148590.0,7.21,267.47,2699700.0,2724902.0,14858335,10.00044756024144,2001-01-01
Kazakhstan,67,2002,0.386616885288537,10.506692368273695,1.1638243138126458,82474674554.33441,2.77309989929199,0.0872513009,56.244,0.39122271995489,189289993.28613305,3.48964773677199,8.174199142496494,165640.0,7.68,295.38,2699700.0,2724902.0,14858948,11.14749173360052,2002-01-01
Kazakhstan,67,2003,0.384110759546757,8.053698563386364,1.1610556358113864,90144819288.16594,2.28430008888245,0.0872513009,56.317,0.405769168291034,289559997.558594,4.0186595588088,9.142117264724124,176830.0,6.54,289.57,2699700.0,2724902.0,14909019,11.860605986215456,2003-01-01
Kazakhstan,67,2004,0.383400021436336,13.012858922071766,1.158286957810127,98798721941.06354,1.88810002803802,0.0872513009,56.39,0.407633664609863,272410003.66210896,4.00108681384133,10.006005468333276,193870.0,7.85,271.88,2699700.0,2724902.0,15012984,12.913488750803973,2004-01-01
Kazakhstan,67,2005,0.384021776206949,4.457111443852183,1.1555182798088677,108382197968.5828,2.09389996528625,0.0872513009,56.463,0.4208595057352,225199996.948242,4.53175487525074,10.726856071906909,206300.0,7.44,231.1,2699700.0,2724902.0,15147029,13.619832641767571,2005-01-01
Kazakhstan,67,2006,0.379094114418519,9.396053649418832,1.1527495647664554,119979093151.22118,2.12660002708435,0.0872513009,56.536,0.396053849358225,178729995.727539,5.05619615245269,11.772210567161078,227660.0,7.34,260.35,2699700.0,2724902.0,15308085,14.87187979423945,2006-01-01
Kazakhstan,67,2007,0.37719269139108,11.419032820396277,1.1499808867651962,130657232441.67271,1.83280003070831,0.0872513009,56.609,0.410102422485409,261250000.0,5.60590824127793,12.21310094837367,235720.0,7.62,247.75,2699700.0,2724902.0,15484192,15.2232677042496,2007-01-01
Kazakhstan,67,2008,0.370633356272073,12.603932459159552,1.1472122087639365,134968921112.52348,1.15359997749329,0.0872513009,56.682,0.410852686998277,337679992.675781,5.88914003920991,14.70564186789604,282130.0,7.48,222.8,2699700.0,2724902.0,15776938,17.88243067190858,2008-01-01
Kazakhstan,67,2009,0.35759139448384,12.380586215739047,1.1444434937215249,136588548165.10272,1.30540001392365,0.0872513009,56.755,0.427209912663553,294880004.88281304,5.66063154914495,12.690129798241726,251220.0,6.85,270.44,2699700.0,2724902.0,16092822,15.610686553296867,2009-01-01
Kazakhstan,67,2010,0.345964014489393,5.036306282880471,1.1416748231284957,146559512181.37653,1.38209998607635,0.0872513009,56.827,0.428830991281499,211990005.493164,5.53093270733706,13.697570964899125,277300.0,7.31,238.17,2699700.0,2724902.0,16321872,16.98947277616195,2010-01-01
Kazakhstan,67,2011,0.336138671336573,7.143508789835567,1.1584379375486165,157404916083.80075,1.38170003890991,0.0872513009,56.9,0.425549533935975,201029998.779297,6.78335258371659,14.627471477366766,294130.0,6.25,260.74,2699700.0,2724902.0,16557202,17.764474939666737,2011-01-01
Kazakhstan,67,2012,0.333178796291777,6.561648211459732,1.1752010223358151,164960352055.81177,1.32749998569489,0.0872513009,56.973,0.436895095425331,131860000.610352,5.43452120154781,14.38117589889049,294140.0,6.66,230.69,2699700.0,2724902.0,16792090,17.516580723423946,2012-01-01
Kazakhstan,67,2013,0.334112950068265,4.2306980098169005,1.1919641071230138,174857973177.9325,1.16489994525909,0.0872513009,57.046,0.450261434464105,90760002.1362305,6.37465912098368,15.047355967529317,307440.0,8.09,297.1,2699700.0,2724902.0,17035551,18.046965431291305,2013-01-01
Kazakhstan,67,2014,0.336941978344354,3.300631726662176,1.2087272289513649,182202008052.50797,1.34119999408722,0.0872513009,57.118,0.47433602976579,92800003.0517578,5.00827631636069,11.871044467395118,258090.0,6.4,250.14,2699700.0,2724902.0,17288285,14.928606278760444,2014-01-01
Kazakhstan,67,2015,0.359807774548686,3.5673734913987265,1.2254903100344483,184388432148.71536,1.70659995079041,0.0872513009,57.191,0.469945351425225,81699996.9482422,4.58105754751718,11.779187434438938,259340.0,7.83,298.2,2699700.0,2724902.0,17542806,14.783267853500746,2015-01-01
Kazakhstan,67,2016,0.352826103830167,12.544560960071918,1.2363262584731636,186416704902.1699,2.04390001296997,0.0872513009,57.264,0.492213501264343,62779998.779296905,4.68958264656041,12.533399497753605,274520.0,7.78,333.13,2699700.0,2724902.0,17794055,15.42762456337243,2016-01-01
Kazakhstan,67,2017,0.353353008038027,2.825220378245911,1.2471607956439603,194059789803.78995,1.98730003833771,0.0872513009,57.336,0.511189055676698,59490001.6784668,4.92857862381096,12.504867562386847,283580.0,7.54,239.35,2699700.0,2724902.0,18037776,15.721450360620954,2017-01-01
Kazakhstan,67,2018,0.355826349440215,0.0465089087481511,1.257992073193318,202016241185.49545,1.8555999994278,0.0872513009,57.428,0.507223263460722,79930000.3051758,4.95088571272752,12.061969139305594,274220.0,6.46,250.14,2699700.0,2724902.0,18276452,15.004006248039827,2018-01-01
Kazakhstan,67,2019,0.355826349440215,2.0469449266748185,1.26882246175501,211106972039.0141,1.8677675627477528,0.0872513009,57.54,0.515710394326057,54409999.8474121,4.908181459492954,12.11226150664334,276507.82608695654,7.77,234.36,2699700.0,2724902.0,18513673,14.935330557418649,2019-01-01
Kazakhstan,67,2020,0.3538748652156022,4.329217946983174,1.2796532948105346,205829297738.03876,1.8779409919074133,0.0872513009,57.671,0.5222345703553084,54224583.14895629,4.944966711369509,12.220516163534851,280118.60113421554,8.32,235.77,2699700.0,2724902.0,18754440,14.936121853503252,2020-01-01
"Korea, Rep.",101,1995,0.398090625072077,0.4389644807830314,67.52539912917271,604637550473.7404,0.443590287348248,0.017832825,78.239,0.537933703938595,247479995.727539,4.78727565099408,8.522610531645594,427420.0,10.94,1084.58,96460.0,99260.0,45092991,9.47863493907512,1995-01-01
"Korea, Rep.",101,1996,0.397145186675327,0.4560371734064255,67.44764669292971,652347705779.2571,0.608638119605653,0.0173111454,78.662,0.543060612838858,216139999.389648,4.94558857234614,8.98150170453693,455360.0,10.78,1205.54,96460.0,99260.0,45524681,10.002486343616551,1996-01-01
"Korea, Rep.",101,1997,0.392076694191662,0.5793898505503117,67.3698942566867,692601162968.0217,0.676453174140543,0.0167894658,78.905,0.555043187930382,237179992.67578095,5.10165329928078,9.36771411498299,481200.0,11.48,1365.88,96460.0,99260.0,45953580,10.471436610597042,1997-01-01
"Korea, Rep.",101,1998,0.385349529010933,1.562409791381593,67.2921418204437,657074545321.9379,0.948920714404801,0.0162677862,79.145,0.553747497161611,164210006.71386698,3.85134089344597,7.900143158363033,416390.0,12.14,1801.95,96460.0,99260.0,46286503,8.995926955207656,1998-01-01
"Korea, Rep.",101,1999,0.381471128055858,2.1559853388181307,67.2143893842007,732420905134.7844,0.78712686156931,0.0157461066,79.384,0.569433545759179,133860000.610352,4.64108236285659,8.600784650523245,454250.0,11.48,1771.51,96460.0,99260.0,46616677,9.744366806754586,1999-01-01
"Korea, Rep.",101,2000,0.377511857574585,1.997542030316386,67.13663694795771,798784342587.1287,0.700500011444092,0.015224427,79.621,0.585047750427673,138710006.71386698,5.00736943836188,9.693859002332596,511790.0,11.26,1319.18,96460.0,99260.0,47008111,10.887270071328754,2000-01-01
"Korea, Rep.",101,2001,0.372483161834029,1.1909434803449346,66.85032044655779,837544550604.1378,0.692200005054474,0.0142872972,79.94,0.597757540863501,330390014.64843804,5.20452973112759,9.932834515835747,528550.0,11.53,1169.03,96740.0,99540.0,47370164,11.15786721785468,2001-01-01
"Korea, Rep.",101,2002,0.3711877748651,0.8728791079302184,66.72383510693254,902246062108.946,0.696699976921082,0.0133501674,80.299,0.605897357110475,33779998.779296905,5.42638108778544,9.695509699119752,521370.0,11.37,1464.66,96790.0,99590.0,47644736,10.942866804844924,2002-01-01
"Korea, Rep.",101,2003,0.357181351062226,0.9975561553205592,66.625,930642372967.5135,0.845600008964539,0.0124130376,80.652,0.608204814228705,7639999.8664856,5.34104139786203,9.701135860376809,529250.0,11.1,2062.74,96800.0,99600.0,47892330,11.050830059844657,2003-01-01
"Korea, Rep.",101,2004,0.337403176929993,1.6760992048779926,66.5193141912828,979011499282.8145,0.77020001411438,0.0124130376,81.002,0.614061518086032,-36880001.0681152,5.42270409191742,10.084746183950967,553340.0,11.79,1571.34,96820.0,99620.0,48082519,11.508132508615033,2004-01-01
"Korea, Rep.",101,2005,0.338813194005193,1.4593201803210578,66.40681466184823,1021192627905.4865,0.873000025749207,0.0124130376,81.345,0.625805543357459,-8819999.69482422,5.44421001655989,9.963357350085642,548760.0,10.83,1342.3,96850.0,99650.0,48184561,11.38871017212339,2005-01-01
"Korea, Rep.",101,2006,0.335680816415984,0.8698967813741328,66.2943848059455,1074951542999.0962,0.94870001077652,0.0124130376,81.528,0.655225301388152,-17569999.6948242,5.58705415978716,10.052790465857054,557070.0,11.3,1592.14,96880.0,99680.0,48438292,11.50061195386493,2006-01-01
"Korea, Rep.",101,2007,0.332335010048904,0.7527540476719257,66.17519603796947,1137293878173.464,1.02499997615814,0.0124130376,81.631,0.676504185364626,10659999.8474121,5.70902893627972,10.301202223219226,565860.0,11.8,1412.0,96920.0,99720.0,48683638,11.62320695918411,2007-01-01
"Korea, Rep.",101,2008,0.328442114888588,1.0681832616541178,66.03567378080214,1171560370682.244,1.06079995632172,0.0124130376,81.733,0.675058068151755,9279999.73297119,5.70080494931706,10.461585053161462,579950.0,11.47,1231.83,96990.0,99830.0,49054708,11.822514568836084,2008-01-01
"Korea, Rep.",101,2009,0.324403155078667,0.95576859415752,65.89635277148156,1180847317902.2375,1.2069000005722,0.0124130376,81.835,0.680458778765927,51669998.1689453,5.42277665223208,10.655304577862728,593600.0,11.45,1344.76,97060.0,99900.0,49307835,12.038654708729354,2009-01-01
"Korea, Rep.",101,2010,0.320733498210512,0.8301437142978979,65.70987654320987,1261201910432.4556,1.31500005722046,0.0114759078,81.936,0.710266012856191,52279998.779296905,5.8551897139837,11.588543852829003,646420.0,11.16,1523.74,97200.0,100030.0,49554112,13.0447297693479,2010-01-01
"Korea, Rep.",101,2011,0.316509061732162,0.7798292603366084,65.61374627019241,1307685622912.813,1.34759998321533,0.0114759078,81.923,0.712591828454562,54419998.1689453,5.90021898650702,11.960957403660212,670790.0,10.83,1551.35,97190.0,100030.0,49936638,13.432822610124454,2011-01-01
"Korea, Rep.",101,2012,0.313277426326699,0.7427796259178283,65.43006885212208,1339103175287.2612,1.6143000125885,0.0114759078,81.851,0.713113461524244,-3099999.90463257,5.75992163012162,11.931509042466718,675290.0,10.83,1624.59,97310.0,100150.0,50199853,13.452031423279267,2012-01-01
"Korea, Rep.",101,2013,0.309266679315945,0.93132803501368,65.24952271467576,1381481889126.846,1.91509997844696,0.0114759078,81.779,0.724587039681473,-35110000.6103516,5.7339715204138,11.851142558294905,675000.0,11.42,1217.66,97426.0,100266.0,50428893,13.385183767567533,2013-01-01
"Korea, Rep.",101,2014,0.304631783455525,0.6247716882629787,65.1442060966848,1425723208306.5356,2.86770009994507,0.0114759078,81.707,0.739750942980242,-114230003.356934,5.6373784294579,11.547558234326324,664250.0,11.57,1265.79,97430.0,100280.0,50746659,13.089531667493617,2014-01-01
"Korea, Rep.",101,2015,0.301281594201171,0.2799955595087973,65.03155626250705,1465773245547.1497,2.74399995803833,0.010538778,81.634,0.735059791869563,57000000.0,5.77364515795838,11.888868570225114,685800.0,11.84,1096.95,97445.0,100295.0,51014947,13.443118935319092,2015-01-01
"Korea, Rep.",101,2016,0.293955002767459,0.8068933024961918,64.87911456677163,1508967849304.805,2.54979991912842,0.010538778,81.562,0.719724775118874,-148899993.89648402,5.88422788036396,12.003248167438969,696930.0,12.09,1330.23,97489.0,100339.0,51217803,13.607182643113372,2016-01-01
"Korea, Rep.",101,2017,0.293402306364289,1.103077990561847,64.78309916931597,1556645736778.4768,2.84450006484985,0.010538778,81.503,0.723444482088018,-159649993.89648402,6.16659608283814,12.175364736720953,710340.0,11.74,1007.79,97510.0,100360.0,51361911,13.830092887314882,2017-01-01
"Korea, Rep.",101,2018,0.309442027003363,0.7063008938081414,64.67391304347827,1601903713673.825,3.18400001525879,0.010538778,81.459,0.730722573031686,-50369998.9318848,6.31681983173438,12.229704190698012,718880.0,11.62,1474.44,97520.0,100370.0,51585058,13.935818391441956,2018-01-01
"Korea, Rep.",101,2019,0.309442027003363,0.58339386057331,64.57136997538966,1637850078348.9475,3.303148264298379,0.010538778,81.43,0.727939240821405,-55099998.4741211,6.383321752636132,12.390882175874204,731552.1739130435,12.2,1295.31,97520.0,100418.26086956522,51764822,14.13222620398547,2019-01-01
"Korea, Rep.",101,2020,0.3057483354171665,0.56313716564095,64.46882690730106,1623895080923.7437,3.420300879285019,0.010234859375,81.414,0.7358561381915222,-67707498.2325236,6.445831890909609,12.539116109410609,743560.5293005671,11.87,1667.78,97520.0,100468.62003780718,51836239,14.344415097333108,2020-01-01
Kuwait,68,1995,0.381430914793915,0.0246451177166925,0.2328843995510662,55744743300.75752,0.115747062159404,0.003295435,98.096,0.373600498659813,509999.99046325695,1.679322622467086,21.04729601402821,38240.0,25.34,119.6,17820.0,17820.0,1605907,23.81208874486505,1995-01-01
Kuwait,68,1996,0.381340095658626,1.1029369241360294,0.2407407407407407,56082069882.07768,0.0695067534649749,0.0034198222,98.325,0.377207882064934,589999.973773956,2.0148054012249883,20.247618415374912,37810.0,25.94,147.82,17820.0,17820.0,1626858,23.24111877004631,1996-01-01
Kuwait,68,1997,0.378616874197705,0.0651594391294346,0.2485970819304152,57469161881.70323,0.0,0.0035442094,98.527,0.378296153590426,389999.98569488496,2.331126566568139,19.909288487051946,39300.0,25.42,160.97,17820.0,17820.0,1710257,22.979002570958635,1997-01-01
Kuwait,68,1998,0.362480788553984,0.2276939235611048,0.2564534231200898,59573714041.50793,0.0,0.0036685966,98.705,0.378794723666776,379999.995231628,2.624051273268321,21.78446973192924,45530.0,26.52,96.95,17820.0,17820.0,1831121,24.86455018537825,1998-01-01
Kuwait,68,1999,0.361644646152905,0.2399090487399881,0.2643097643097643,58507934861.501335,0.0,0.0037929838,98.862,0.380788622523992,330000.013113022,2.88783520952198,22.406773373395325,49780.0,26.73,145.04,17820.0,17820.0,1951642,25.506727155902567,1999-01-01
Kuwait,68,2000,0.365469696260332,0.0432209120217043,0.2721661054994388,61254637764.48423,0.0,0.003917371,99.0,0.382911373651207,189999.997615814,3.72984904493573,23.06462740871821,53600.0,26.17,94.42,17820.0,17820.0,2045123,26.20869258230434,2000-01-01
Kuwait,68,2001,0.363737759062357,-0.3196452753758537,0.2800224466891133,61385313861.45255,0.0,0.0038073784,99.908,0.385798634604142,509999.99046325695,5.16862429271617,24.16234126525658,57500.0,26.48,114.33,17820.0,17820.0,2103273,27.33834361968228,2001-01-01
Kuwait,68,2002,0.372762289314194,0.0094904954005126,0.2878787878787878,63235641034.93308,0.0,0.0036973858,100.0,0.388939651779788,939999.997615814,6.01898740309447,24.983727119112807,60450.0,26.0,131.0,17820.0,17820.0,2136991,28.287437803902776,2002-01-01
Kuwait,68,2003,0.383708853507077,-0.1401762560476024,0.2957351290684624,74191861111.79166,0.0,0.0035873932,100.0,0.394438268544836,1169999.95708466,6.60266714227025,25.735256700280253,63030.0,26.12,118.47,17820.0,17820.0,2161626,29.15860560522496,2003-01-01
Kuwait,68,2004,0.388457192269177,0.0399618649631493,0.3035914702581369,81789328824.88791,0.0,0.0035873932,100.0,0.39652530866639,10250000.0,8.09442933357812,27.034789397672707,67170.0,25.91,141.81,17820.0,17820.0,2200498,30.5249084525412,2004-01-01
Kuwait,68,2005,0.3541576671415,0.2894901920892458,0.3114478114478114,90466395512.05064,0.0,0.0035873932,100.0,0.387580596215439,9399999.61853027,9.92870971214917,29.622992904577405,75260.0,25.84,134.73,17820.0,17820.0,2270196,33.151322617077994,2005-01-01
Kuwait,68,2006,0.351123032978332,0.1194553149546191,0.3193041526374859,97264739776.28072,0.0,0.0035873932,100.0,0.394095274963388,5860000.1335144,9.86042201042778,29.351284787507566,78270.0,26.18,122.95,17820.0,17820.0,2373661,32.97438008207575,2006-01-01
Kuwait,68,2007,0.350332787094926,0.0972923861060201,0.3271604938271605,103092430105.15852,0.0,0.0035873932,100.0,0.404863146349807,5159999.84741211,9.84298619805054,27.4517916347514,77930.0,26.12,99.61,17820.0,17820.0,2504026,31.12188132231854,2007-01-01
Kuwait,68,2008,0.338920654620175,-0.0040379587191519,0.335016835016835,105648871798.1774,0.0,0.0035873932,100.0,0.404708108578979,4469999.79019165,10.1266477258133,27.4509508623838,82730.0,26.2,53.31,17820.0,17820.0,2656010,31.14822609854632,2008-01-01
Kuwait,68,2009,0.332337959891898,1.0509199173197974,0.3428731762065095,98173098011.30444,0.0,0.0035873932,100.0,0.402778444174393,4210000.03814697,9.84320184218719,26.600109675825344,85480.0,26.35,89.97,17820.0,17820.0,2821041,30.300871203218957,2009-01-01
Kuwait,68,2010,0.313480917487975,1.1303364092946515,0.3507295173961841,95846136293.44942,0.0,0.0034774006,100.0,0.410348185414255,4960000.03814697,8.96882613091517,26.154088861733943,89240.0,27.26,53.6,17820.0,17820.0,2991884,29.82735961688354,2010-01-01
Kuwait,68,2011,0.317291325802057,2.1153419917736165,0.3507295173961841,105074592365.38092,0.0,0.0034774006,100.0,0.401574885912667,3390000.10490417,8.65306255622518,25.61825019396765,93590.0,25.85,83.15,17820.0,17820.0,3168054,29.541794426483893,2011-01-01
Kuwait,68,2012,0.32410212520957,1.6502456791328657,0.3507295173961841,112036643935.12566,0.0,0.0034774006,100.0,0.399257712337022,5940000.05722046,8.33941422790454,24.960792534277417,97460.0,26.2,96.66,17820.0,17820.0,3348852,29.1025103528015,2012-01-01
Kuwait,68,2013,0.317007155780772,0.8231632061671919,0.3507295173961841,113324281573.54524,0.0015999999595806,0.0034774006,100.0,0.407217271682156,4719999.79019165,7.55218780492371,24.17775499080928,100560.0,25.87,78.68,17820.0,17820.0,3526382,28.51647949654916,2013-01-01
Kuwait,68,2014,0.30529264398942,0.298716373584249,0.3507295173961841,113891896815.1438,0.003000000026077,0.0034774006,100.0,0.411400046402042,12859999.6566772,7.56185186392058,22.64464408650481,100320.0,26.41,71.56,17820.0,17820.0,3690939,27.180075314168025,2014-01-01
Kuwait,68,2015,0.304726802403538,0.2484545140820095,0.3507295173961841,114567298105.68295,0.0037000000011175,0.003367408,100.0,0.397750601852978,11760000.2288818,8.38897819762513,22.95345589776587,106220.0,26.9,88.27,17820.0,17820.0,3835588,27.69327675443765,2015-01-01
Kuwait,68,2016,0.326475660421817,0.2668865240550138,0.3507295173961841,117919386278.24731,0.0212999992072582,0.003367408,100.0,0.40836665867134,6530000.20980835,8.341228708088,22.714969589538377,109840.0,26.91,118.98,17820.0,17820.0,3956862,27.75937093585776,2016-01-01
Kuwait,68,2017,0.324734057672656,0.093624775060092,0.3507295173961841,112362899556.38138,0.0260000005364418,0.003367408,100.0,0.406165829439072,2029999.97138977,8.18962070057179,22.11975931571741,111460.0,26.85,88.55,17820.0,17820.0,4056102,27.479585079467924,2017-01-01
Kuwait,68,2018,0.321647655912309,-0.0154705438387973,0.3507295173961841,113763086691.71088,0.0335999988019466,0.003367408,100.0,0.417936471982345,4469999.79019165,7.8997299983415,21.622724308573147,112970.0,27.33,142.51,17820.0,17820.0,4137314,27.305154987027816,2018-01-01
Kuwait,68,2019,0.321647655912309,0.3785828448407072,0.3507295173961841,114249382864.58516,0.0300283873516223,0.003367408,100.0,0.428280850246819,4230000.01907349,8.170182492944736,21.6477429300751,116219.1304347826,26.87,78.81,17820.0,17820.0,4207077,27.62467395647444,2019-01-01
Kuwait,68,2020,0.3191566867922421,-0.5946492742085352,0.3507295173961841,104326525025.93211,0.0283119366510418,0.003370406875,100.0,0.4305591982296109,4385000.020265583,8.437807583889073,21.708617908975107,119628.22306238185,26.8,111.96,17820.0,17820.0,4270563,28.012283875072644,2020-01-01
Kyrgyz Republic,69,1995,0.382028422227454,5.785004738279726,6.040986965589156,2678346669.700992,34.9747800949726,0.488802833,36.349,0.358388814046204,244669998.168945,0.812233144747427,1.008683448820279,10010.0,1.77,271.67,191800.0,199950.0,4560400,2.194982896237172,1995-01-01
Kyrgyz Republic,69,1996,0.383100850149954,2.584742847008244,6.064176225234619,2868094204.011324,29.4990005163644,0.488802833,36.066,0.35971382422705,204229995.727539,1.14856455527406,1.246651110534958,10950.0,0.95,383.12,191800.0,199950.0,4628400,2.365828364013482,1996-01-01
Kyrgyz Republic,69,1997,0.382660388982669,4.741314846980842,6.087365484880083,3152473026.2544985,28.7494578631921,0.488802833,35.785,0.366730809542086,187679992.67578095,1.17110200139001,1.2115663061068052,10830.0,2.33,313.35,191800.0,199950.0,4696400,2.3060216335916874,1997-01-01
Kyrgyz Republic,69,1998,0.385164178932945,6.636141592497674,6.110555265901981,3219363310.607985,25.0742534465009,0.4463917884,35.504,0.369306954912886,196210006.71386695,1.25592797072134,1.2644160201300063,11040.0,1.95,539.15,191800.0,199950.0,4769000,2.314950723422101,1998-01-01
Kyrgyz Republic,69,1999,0.388072917029945,3.555693651731496,6.133745046923879,3337056452.956106,34.5489882207009,0.4463917884,35.3,0.367920418291171,203570007.32421905,1.17437085764376,0.9895876373853402,9700.0,2.52,450.67,191800.0,199950.0,4840400,2.003966614329394,1999-01-01
Kyrgyz Republic,69,2000,0.392976630089984,-0.1723110739621808,6.156934306569343,3518703669.328443,35.1609992980957,0.4463917884,35.298,0.37525224872056,193350006.103516,1.01598339862841,0.9533725298056508,9660.0,2.41,376.29,191800.0,199950.0,4898400,1.9720725134737875,2000-01-01
Kyrgyz Republic,69,2001,0.398373218812633,0.3282853016734714,6.182367049009385,3705955757.575164,35.9998016357422,0.4463917884,35.296,0.376074869906713,129419998.168945,1.00782975936037,0.8028149076863966,9070.0,2.56,350.46,191800.0,199950.0,4945100,1.83413884451275,2001-01-01
Kyrgyz Republic,69,2002,0.40629903365943,0.2903486790419939,6.2077997914494265,3705313715.491683,28.2992000579834,0.4039807438,35.295,0.376514878894072,158520004.272461,1.0394247341005,0.995852285250566,10030.0,2.62,525.24,191800.0,199950.0,4990700,2.009738112889975,2002-01-01
Kyrgyz Republic,69,2003,0.401763457419551,2.3733421461614803,6.233232533889469,3965808133.703122,30.5132007598877,0.3615696992,35.293,0.373230092399053,174300003.05175802,1.14020385494285,1.1084012452164256,10670.0,1.7,575.9,191800.0,199950.0,5043300,2.115678226558008,2003-01-01
Kyrgyz Republic,69,2004,0.403310762703725,7.933803579949727,6.25866527632951,4244478032.014769,27.7094993591309,0.3615696992,35.292,0.35920706568926,206710006.71386695,1.10360403848639,1.0891923129664818,10820.0,2.94,465.59,191800.0,199950.0,5104700,2.1196152565282973,2004-01-01
Kyrgyz Republic,69,2005,0.404877526649292,1.7301202093078438,6.284098018769551,4237028318.88693,28.0300006866455,0.3615696992,35.29,0.336030154316303,237869995.117188,1.17062277691221,1.026614496571495,10500.0,2.41,429.31,191800.0,199950.0,5162600,2.0338589083020184,2005-01-01
Kyrgyz Republic,69,2006,0.407519947248072,6.422443742837001,6.309530761209594,4368499017.4331455,27.761999130249,0.3615696992,35.289,0.288673749859061,270559997.558594,1.19841192806383,1.019469569216618,10610.0,2.77,383.01,191800.0,199950.0,5218400,2.0331902498850223,2006-01-01
Kyrgyz Republic,69,2007,0.404336703590458,5.467872701224106,6.334963503649635,4741694417.578772,24.4908008575439,0.3615696992,35.287,0.314457924380141,254520004.272461,1.36291400270941,1.22807683547187,11860.0,2.95,370.62,191800.0,199950.0,5268400,2.2511578467846025,2007-01-01
Kyrgyz Republic,69,2008,0.403333346418997,7.3345379062590785,6.360396246089676,5140073377.277436,22.0408992767334,0.3615696992,35.285,0.315403145824555,316279998.779297,1.46162899153055,1.4119991727301784,13030.0,2.46,346.53,191800.0,199950.0,5318700,2.4498467670671404,2008-01-01
Kyrgyz Republic,69,2009,0.397496380560031,4.037844056188436,6.385828988529719,5288431036.336136,24.7271003723145,0.3615696992,35.284,0.32940135371477,279420013.427734,1.48811570226606,1.255735329630524,12660.0,2.29,423.48,191800.0,199949.0,5383300,2.351717348095035,2009-01-01
Kyrgyz Republic,69,2010,0.396908754593046,9.860930706632004,6.41126173096976,5263492561.844974,25.5905990600586,0.3191586546,35.306,0.327143804105263,372040008.544922,1.48307914823034,1.1655867398447108,12330.0,2.56,478.01,191800.0,199949.0,5447900,2.2632574019346903,2010-01-01
Kyrgyz Republic,69,2011,0.392129755508957,11.064644694192893,6.434337851929092,5577000617.04261,25.9463996887207,0.3191586546,35.352,0.343476656198439,437859985.35156304,1.56466679344653,1.381786530301382,13750.0,2.18,442.71,191800.0,199949.0,5514600,2.4933812062524936,2011-01-01
Kyrgyz Republic,69,2012,0.384809765110802,3.950370508884396,6.457413972888425,5572084479.788322,22.4507007598877,0.3191586546,35.423,0.335189773058713,470489990.234375,1.74881187192275,1.7941218433442716,16340.0,1.6,346.28,191800.0,199949.0,5607200,2.914110429447853,2012-01-01
Kyrgyz Republic,69,2013,0.385268308377397,8.343757297852376,6.480490093847759,6180303659.148212,24.8071994781494,0.3191586546,35.517,0.346422318482884,539450012.207031,1.77053286432912,1.6399748234142248,15870.0,2.9,387.45,191800.0,199949.0,5719600,2.7746695573117,2013-01-01
Kyrgyz Republic,69,2014,0.391374612587192,4.593013720911718,6.503566214807091,6429001465.582127,26.6044006347656,0.3191586546,35.635,0.368059085440086,626570007.324219,1.67633783231552,1.6639533887413247,16410.0,1.66,360.48,191800.0,199949.0,5835500,2.8120983634649988,2014-01-01
Kyrgyz Republic,69,2015,0.394740669834137,17.131228632667845,6.526642335766423,6678178340.45121,23.300199508667,0.27674761,35.777,0.360644824804894,774710021.972656,1.69338869240683,1.7240511004045729,16960.0,2.92,433.28,191800.0,199949.0,5956900,2.847118467659353,2015-01-01
Kyrgyz Republic,69,2016,0.394587403117816,9.0886882786326,6.549739311783107,6967734531.18414,21.9185009002686,0.27674761,35.944,0.390783609640326,519489990.234375,1.63848738372569,1.595525947857554,16510.0,2.99,561.18,191800.0,199950.0,6079500,2.7156838555802287,2016-01-01
Kyrgyz Republic,69,2017,0.391673583037718,-1.3918435347293006,6.572806152241919,7298000773.994415,24.5468006134033,0.27674761,36.135,0.393365059905029,464970001.220703,1.50595402577759,1.506889096834565,16240.0,2.35,431.06,191800.0,199950.0,6198200,2.62011551740828,2017-01-01
Kyrgyz Republic,69,2018,0.381752886785425,1.7436912789469912,6.6678832116788325,7572253083.988687,23.2124004364014,0.27674761,36.351,0.390319442164713,415959991.455078,1.54155172869091,1.7397355601948503,18120.0,2.29,396.32,191800.0,199950.0,6322800,2.865818940975517,2018-01-01
Kyrgyz Republic,69,2019,0.381752886785425,4.552631190823429,6.762982273201251,7920624102.900557,22.700992625159174,0.27674761,36.591,0.391598226259424,448709991.455078,1.5732612323406263,1.7715204346024405,18472.60869565217,2.9,367.21,191800.0,199950.0,6456200,2.8612200203915883,2019-01-01
Kyrgyz Republic,69,2020,0.3817414061420071,-5.190277036058658,6.85808133472367,7238139485.0763235,22.40542706467199,0.2679119757083333,36.856,0.3929819517683081,457211657.8420002,1.5917263052565642,1.794340839996679,18799.6786389414,2.35,398.63,191800.0,199950.0,6579900,2.857137439617836,2020-01-01
Latvia,72,1995,0.410299965580175,4.215470329268055,51.56280146633224,12347465586.915895,32.4288068962795,0.134629307,68.75,0.456361694838973,133265336.60888693,2.90116453068026,3.621648767673646,13020.0,6.59,674.08,62196.0,64559.0,2485056,5.239318550567875,1995-01-01
Latvia,72,1996,0.407969357774169,5.5454092078411765,51.67213325615795,12667020997.839249,32.025379599921,0.134629307,68.65,0.455492081514629,133265336.60888693,3.73266629354151,3.666742361902995,13010.0,5.23,567.69,62196.0,64559.0,2457222,5.2945969065880085,1996-01-01
Latvia,72,1997,0.407874316893363,7.2665340816429405,51.78146504598367,13786394334.031456,32.8914211234083,0.134629307,68.6,0.454681735581112,133265336.60888693,3.18668623931175,3.506174443071113,12430.0,6.36,713.75,62196.0,64559.0,2432851,5.109231925835162,1997-01-01
Latvia,72,1998,0.406178214966186,5.182608478790554,51.89079683580937,14659890892.60428,35.3488108747756,0.1198186948,68.451,0.465117689331511,133265336.60888693,3.16104176872146,3.3734173879956963,11980.0,6.16,744.35,62196.0,64559.0,2410019,4.970915167058849,1998-01-01
Latvia,72,1999,0.403776931975351,4.620517511628293,52.00012862563509,15063943883.257015,36.3311304479174,0.1198186948,68.22,0.452620354807885,133265336.60888693,4.28298588112053,3.1583588581716997,11270.0,7.19,613.62,62196.0,64559.0,2390482,4.714530375045702,1999-01-01
Latvia,72,2000,0.404424049713319,4.073261109750359,52.10946041546081,15918933444.495031,35.8208999633789,0.1198186948,68.067,0.456643686364332,133265336.60888693,4.22135179192764,2.9270765136955923,10490.0,7.56,638.81,62196.0,64559.0,2367550,4.4307406390572535,2000-01-01
Latvia,72,2001,0.405551193634267,2.074772108056279,52.32027783137178,16926326526.183683,35.347900390625,0.1198186948,67.95,0.472110556378013,133265336.60888693,3.97185727185239,3.1491076815122563,11020.0,6.62,775.9,62196.0,64559.0,2337170,4.715104164438188,2001-01-01
Latvia,72,2002,0.40400225468066,1.6751090586753417,52.53109524728279,18125909789.939144,34.3832015991211,0.1050080826,67.85,0.491179818687638,133265336.60888693,4.380756528167,3.1815799076519378,11060.0,7.08,570.58,62196.0,64559.0,2310173,4.787520241990535,2002-01-01
Latvia,72,2003,0.401161289807479,2.6898814529924167,52.74191266319378,19652563501.10987,34.3384017944336,0.0901974704,67.8,0.496597185393943,133265336.60888693,4.4189288350819,3.317372937841872,11170.0,6.35,627.23,62196.0,64559.0,2287955,4.88208902710062,2003-01-01
Latvia,72,2004,0.397715402452537,4.09810365195434,52.95273007910477,21280183324.60569,36.1128997802734,0.0901974704,67.9,0.497785630282441,133265336.60888693,4.80904537956367,3.367030146850236,11250.0,6.48,680.5,62196.0,64559.0,2263122,4.971009075074168,2004-01-01
Latvia,72,2005,0.400924008265751,4.762891664048259,53.16354749501575,23560403549.176548,36.3008995056152,0.0901974704,68.0,0.503293816509694,133265336.60888693,5.1468185605765,3.448277402303645,11410.0,6.43,622.86,62196.0,64559.0,2238799,5.096482533715622,2005-01-01
Latvia,72,2006,0.394562734798469,7.90756297931773,53.37436491092675,26379453886.5382,34.0009994506836,0.0901974704,67.967,0.519517607682409,133265336.60888693,5.64673298574468,3.696429384449843,11940.0,6.97,584.17,62196.0,64559.0,2218357,5.382361811015991,2006-01-01
Latvia,72,2007,0.391271038291246,8.737624766475415,53.58518232683773,29002363545.96761,33.0766983032227,0.0901974704,67.9,0.535955879734971,133265336.60888693,6.2957419647048,3.876700032949678,12360.0,7.23,707.26,62196.0,64559.0,2200325,5.617351982093554,2007-01-01
Latvia,72,2008,0.387741676931526,4.000286685560661,53.79599974274873,28061874917.699112,33.7060012817383,0.0901974704,67.834,0.548004603122567,133265336.60888693,4.7390186133035,3.724759130711948,12010.0,7.71,696.08,62196.0,64559.0,2177322,5.515950327971701,2008-01-01
Latvia,72,2009,0.392033587343255,-0.5680309902354184,54.02071405596656,24063539456.76428,38.3979988098145,0.0901974704,67.814,0.55399644530188,133265336.60888693,4.47587530114325,3.436572131361102,11220.0,6.62,726.88,62180.0,64560.0,2141669,5.238904798080376,2009-01-01
Latvia,72,2010,0.386134652565046,1.9827198106799104,54.1793059125964,22987672592.16372,33.0705986022949,0.0753868582,67.841,0.536263827166877,133265336.60888693,4.4102120849746,4.061872036728476,12390.0,5.63,810.98,62240.0,64510.0,2097555,5.906877292848102,2010-01-01
Latvia,72,2011,0.38960334599092,5.530675724574484,54.27627009646302,23577173747.936035,35.5353012084961,0.0753868582,67.869,0.535839087573638,133265336.60888693,5.00485966288971,3.83549326628179,11750.0,7.21,633.63,62200.0,64480.0,2059709,5.704689351748232,2011-01-01
Latvia,72,2012,0.391544349070364,3.836644237757248,54.35587005467997,25236374247.95301,40.3662986755371,0.0753868582,67.897,0.56259261786986,133265336.60888693,5.04621892408787,3.7211469784237377,11540.0,6.18,798.17,62180.0,64480.0,2034319,5.672659990886385,2012-01-01
Latvia,72,2013,0.384666544065891,3.275255658127885,54.40926193921853,25743813334.64179,39.5992012023926,0.0753868582,67.925,0.577469322547486,133265336.60888693,5.36422784051893,3.701592976811135,11490.0,7.08,635.64,62190.0,64490.0,2012647,5.708899772289925,2013-01-01
Latvia,72,2014,0.375185903484401,3.3341909211558747,54.515223688445445,26232970564.55181,40.2352981567383,0.0753868582,67.952,0.582567282546562,133265336.60888693,5.74036292894956,3.651352053534439,11440.0,7.35,659.54,62140.0,64570.0,1993782,5.737838941268404,2014-01-01
Latvia,72,2015,0.372247894829047,2.982680107871182,54.58619024625785,27252128626.628056,38.1002006530762,0.060576246,67.98,0.58757391596939,133265336.60888693,6.1777800611601,3.7015929491733863,11500.0,7.93,564.45,62130.0,64570.0,1977527,5.815344114138518,2015-01-01
Latvia,72,2016,0.368426069293263,1.1951774622661786,54.65727623953638,27897352624.558502,38.4826011657715,0.060576246,68.021,0.577492698856675,133265336.60888693,6.24179746381808,3.64882112458198,11340.0,7.11,706.39,62120.0,64570.0,1959537,5.787081336050302,2016-01-01
Latvia,72,2017,0.372449212049021,3.793593437563089,54.72838512316858,28821616714.92259,42.598201751709,0.060576246,68.075,0.583764697138934,133265336.60888693,6.16742751455126,3.6658552357886327,11260.0,6.88,811.68,62110.0,64570.0,1942248,5.797405892553371,2017-01-01
Latvia,72,2018,0.375355731656864,1.2431847532304563,54.80834272829763,29971449461.12277,41.2528991699219,0.060576246,68.142,0.576492403013671,133265336.60888693,6.40517384309679,3.959165077984655,11660.0,7.56,557.93,62090.0,64570.0,1927174,6.050309935688215,2018-01-01
Latvia,72,2019,0.375355731656864,3.1699651910505446,54.87067160573361,30716038078.949986,41.63655535573244,0.060576246,68.222,0.578702295859253,133265336.60888693,6.5575220740714215,3.97383970017209,11600.869565217392,7.98,662.9,62090.0,64570.47826086957,1913822,6.061624103609109,2019-01-01
Latvia,72,2020,0.3738997219100594,2.800919673210973,54.93300048316959,29604557971.02121,42.05443256250685,0.0574907017916666,68.315,0.5837998209017647,133265336.60888693,6.680341890616201,3.987191758357703,11539.60302457467,8.59,649.97,62090.0,64570.97731568998,1900449,6.072040357081232,2020-01-01
Lebanon,70,1995,0.540503346920526,0.2986655063218619,13.581622678396874,22000517780.90746,4.52738036822598,0.064387267,84.82,0.297429502011386,191289993.28613305,3.79095432735475,3.769436333228375,15370.0,15.35,442.3,10230.0,10450.0,3528379,4.356108003136852,1995-01-01
Lebanon,70,1996,0.540501805872821,0.5843588750456545,13.566764418377325,24483482075.154,5.0321605852645,0.0639191266,85.142,0.297874153602328,235259994.506836,3.77926875849193,3.910639126387592,16400.0,15.72,638.36,10230.0,10450.0,3610663,4.542102101470007,1996-01-01
Lebanon,70,1997,0.541675874240886,11.424677113402062,13.55190615835777,24741774650.38049,4.70147579156338,0.0634509862,85.459,0.303066912126655,261239990.234375,3.96801981545587,4.409001141201474,18610.0,14.83,618.45,10230.0,10450.0,3658425,5.0868884834320784,1997-01-01
Lebanon,70,1998,0.541622389848662,6.580224630570852,13.53704789833822,25648739768.263752,5.54078811169389,0.0629828458,85.77,0.307592606265829,340829986.57226604,3.80339045886547,4.399604279285255,18950.0,16.33,569.7,10230.0,10450.0,3693514,5.130615451843421,1998-01-01
Lebanon,70,1999,0.526609884236627,5.01221158504455,13.522189638318672,25513933933.103928,4.26421257322712,0.0625147054,85.885,0.310091917680051,194509994.506836,3.81491540795191,4.544045219520343,19930.0,16.29,351.82,10230.0,10450.0,3747762,5.3178403537898085,1999-01-01
Lebanon,70,2000,0.522406987515749,5.755816919677171,13.50733137829912,25856298171.544216,4.8931999206543,0.062046565,86.0,0.312436769206723,201190002.441406,3.45709157176613,4.077783392934375,18770.0,15.61,646.73,10230.0,10450.0,3842774,4.8844922964504285,2000-01-01
Lebanon,70,2001,0.516212022341358,8.23754952644041,13.49921798631476,26849094508.929512,4.65520000457764,0.0528188238,86.118,0.312215480039379,198970001.220703,3.50341609699867,4.232023110003285,20090.0,16.47,645.48,10230.0,10450.0,3990999,5.033827370039432,2001-01-01
Lebanon,70,2002,0.532065367227875,6.975529145885287,13.491104594330402,27768179241.228703,5.97590017318726,0.0435910826,86.24,0.312430061051906,204020004.272461,3.40870846360355,4.026584062713329,20070.0,16.04,725.14,10230.0,10450.0,4182205,4.798903927473665,2002-01-01
Lebanon,70,2003,0.534109934618718,14.241059032638136,13.48299120234604,28664285672.72145,7.37979984283447,0.0343633414,86.366,0.310396589377903,534640014.648438,3.11611155095644,3.9672972565262152,20750.0,16.07,910.28,10230.0,10450.0,4388378,4.728398510793737,2003-01-01
Lebanon,70,2004,0.538649571043091,8.973516094604797,13.474877810361685,30578900759.014145,6.56190013885498,0.0343633414,86.494,0.309418093935109,266670013.427734,3.10308115412897,3.913006083761528,21300.0,15.91,647.63,10230.0,10450.0,4569377,4.66146697897766,2004-01-01
Lebanon,70,2005,0.556088813490894,12.203849591000044,13.466764418377322,31400182548.817787,6.97090005874634,0.0343633414,86.627,0.301189058831057,230720001.220703,2.96498811596926,3.677565213467976,20730.0,15.78,595.67,10230.0,10450.0,4698761,4.411801323795784,2005-01-01
Lebanon,70,2006,0.551295408897532,12.144438128763973,13.458651026392962,31886733088.09417,7.041100025177,0.0343633414,86.762,0.274133220282523,819039978.027344,2.92288195656271,3.4098357900398337,19800.0,15.69,574.81,10230.0,10450.0,4759760,4.159873607072625,2006-01-01
Lebanon,70,2007,0.535029757783726,13.597826896454782,13.450537634408605,34855586441.29946,7.93919992446899,0.0343633414,86.901,0.271505272465523,978969970.703125,2.84051608511252,3.156892082745393,18780.0,16.04,544.21,10230.0,10450.0,4767347,3.939297894615181,2007-01-01
Lebanon,70,2008,0.54032628082247,14.88051771799228,13.442424242424243,38016684284.74513,5.40000009536743,0.0343633414,87.042,0.279100915474232,1068359985.35156,3.13139139829201,3.916264144251161,22530.0,16.2,411.32,10230.0,10450.0,4764745,4.728479698283959,2008-01-01
Lebanon,70,2009,0.533312369490391,13.569658914179469,13.434310850439882,41906610565.960846,4.30810022354126,0.0343633414,87.187,0.29963332907872,580080017.089844,3.73703894154374,4.554307414919429,25970.0,16.23,627.82,10230.0,10450.0,4813026,5.3957738852854735,2009-01-01
Lebanon,70,2010,0.503151570260223,11.132793630517217,13.42619745845552,45248719566.879776,5.69729995727539,0.0251356002,87.334,0.311474906169484,445089996.33789104,3.63375855006809,4.21557242143449,25060.0,17.62,475.96,10230.0,10450.0,4953064,5.059494486645034,2010-01-01
Lebanon,70,2011,0.493755598865819,7.856939894566728,13.484457478005863,45641179755.64855,6.18489980697632,0.0251356002,87.484,0.314798184008471,475489990.234375,3.30405538349428,4.071493738396339,25760.0,15.61,716.53,10230.0,10450.0,5202022,4.951920618559476,2011-01-01
Lebanon,70,2012,0.503802927640679,7.06539098212759,13.54271749755621,46800713000.37872,5.56389999389648,0.0251356002,87.636,0.317120983432296,711580017.089844,3.17186156317987,4.24008870236672,28360.0,16.43,800.1,10230.0,10450.0,5537620,5.121333713761508,2012-01-01
Lebanon,70,2013,0.506145154923802,5.672830570641801,13.60097751710655,48584298663.10306,5.93520021438599,0.0251356002,87.79,0.323463258714714,621599975.585938,3.05511605290152,3.930312382039893,28350.0,16.31,643.51,10230.0,10450.0,5913016,4.794507574476375,2013-01-01
Lebanon,70,2014,0.507265324291678,5.947031674546709,13.65923753665689,49776391957.701614,4.23969984054565,0.0251356002,87.947,0.329494401356888,820950012.207031,3.16281215126673,3.98335996892532,30310.0,16.45,534.31,10230.0,10450.0,6261046,4.84104413224244,2014-01-01
Lebanon,70,2015,0.506540626667657,4.3128915370611,13.717497556207231,50065946086.17001,4.16690015792847,0.015907859,88.106,0.328413987980826,965609985.351563,3.03756854848971,4.140719560621435,32660.0,16.09,653.07,10230.0,10450.0,6532681,4.999478774487841,2015-01-01
Lebanon,70,2016,0.500012738730786,4.998091347626643,13.776148582600197,50858016664.50807,3.94470000267029,0.015907859,88.266,0.322042684470395,1129339965.82031,3.06841428856376,4.141917801772073,33790.0,16.55,626.02,10230.0,10450.0,6714281,5.0325567249866365,2016-01-01
Lebanon,70,2017,0.496483571180212,4.730274859080622,13.834799608993157,51255733475.36847,3.9539999961853,0.015907859,88.429,0.31382134776308,1303040039.0625,3.04872906577439,4.293649870743248,35600.0,16.24,360.59,10230.0,10450.0,6819373,5.220421290930999,2017-01-01
Lebanon,70,2018,0.503361990822308,4.80859010885868,13.893450635386117,50383271292.75825,4.71000003814697,0.015907859,88.593,0.305550323290191,1422180053.71094,2.96371720280731,4.039707216716078,34350.0,17.03,735.44,10230.0,10450.0,6859408,5.007720782901382,2018-01-01
Lebanon,70,2019,0.503361990822308,3.9546322907944553,13.952101661779082,46777216084.395256,4.717940023795709,0.015907859,88.758,0.297685044374381,1525489990.23438,2.9277503713052475,4.051458124693804,35175.217391304344,16.42,796.09,10230.0,10450.0,6855709,5.130792072899293,2019-01-01
Lebanon,70,2020,0.5018144343182156,9.014483823794574,14.010752688172042,36736829867.88284,4.704278260253588,0.0138878836666666,88.925,0.2976956919728391,1581081656.7738905,2.8907278327319137,4.057580689837552,35991.531190926275,16.57,783.54,10230.0,10450.0,6825442,5.27314292479905,2020-01-01
Libya,71,1995,0.582231122209671,-0.3464047185448674,0.1233276879184332,33784609933.11267,2.19164068555507,0.732218878,75.994,0.326808827497065,1549999.95231628,2.65474188431263,7.5755799996605235,107570.0,22.44,55.84,1759540.0,1759540.0,4948796,21.736600175072887,1995-01-01
Libya,71,1996,0.586181131953927,-0.4006570261523942,0.1233276879184332,33807340529.167625,2.10173579385332,0.732218878,76.048,0.327577488862898,6969999.79019165,2.6448843565163,7.823400824395826,109810.0,22.49,45.42,1759540.0,1759540.0,5036173,21.804254937231107,1996-01-01
Libya,71,1997,0.587677503318823,-0.2212333118935891,0.1233276879184332,34064866665.3359,2.12249880795397,0.732218878,76.114,0.327754371518553,6320000.17166138,2.74709868636426,7.608428904370607,109570.0,22.46,48.83,1759540.0,1759540.0,5118008,21.408719955107536,1997-01-01
Libya,71,1998,0.585724070793692,-0.4693397370293717,0.1233276879184332,34356187739.58552,2.14799280796174,0.7758399728,76.193,0.328154993957101,5170000.07629395,2.77236163924417,7.677840136977286,111010.0,22.79,43.48,1759540.0,1759540.0,5196774,21.36132916305385,1998-01-01
Libya,71,1999,0.580031714642817,-0.3559787898303347,0.1233276879184332,34058433301.22006,2.0449556489784,0.7758399728,76.284,0.334356838010807,3430000.0667572,2.76532406741465,7.213906349242151,109460.0,23.1,37.26,1759540.0,1759540.0,5275921,20.747088517815182,1999-01-01
Libya,71,2000,0.581892952994066,0.3684328129782675,0.1233276879184332,35311515706.50401,2.04250001907349,0.7758399728,76.387,0.337662467224672,12130000.1144409,2.97591026425187,7.441358011442184,111300.0,22.35,39.2,1759540.0,1759540.0,5357893,20.77309121328104,2000-01-01
Libya,71,2001,0.583587845282195,-0.3899142441860465,0.1233276879184332,34689016705.1694,2.92239999771118,0.7758399728,76.502,0.342830122306403,4690000.05722046,2.96046858225157,7.611263052636394,115370.0,23.02,39.67,1759540.0,1759540.0,5443249,21.195061993305835,2001-01-01
Libya,71,2002,0.583103067994809,0.7079424880824235,0.1233276879184332,34356401283.30601,2.85509991645813,0.8194610676,76.629,0.34825659835001,107620002.746582,2.92546319956164,7.882703919312933,120150.0,22.88,37.43,1759540.0,1759540.0,5531097,21.7226347684736,2002-01-01
Libya,71,2003,0.585774862295621,0.5444378346222487,0.1233276879184332,38828230843.91382,2.84660005569458,0.8630821624,76.768,0.360467886498811,5250000.0,2.77187715156715,7.878239565736062,123420.0,22.92,44.17,1759540.0,1759540.0,5620545,21.95872464325079,2003-01-01
Libya,71,2004,0.58570408223104,1.0778234515432314,0.1233276879184332,40560602832.78564,2.73539996147156,0.8630821624,76.919,0.366373473086242,4639999.8664856,3.35667360468872,7.966497628876794,127320.0,22.81,36.77,1759540.0,1759540.0,5710163,22.297086790692315,2004-01-01
Libya,71,2005,0.585315123048442,2.192919976748692,0.1233276879184332,45375442047.190056,2.66240000724792,0.8630821624,77.08,0.380363031381345,5230000.01907349,3.42859748807895,8.472712880575793,133590.0,22.71,42.14,1759540.0,1759540.0,5798615,23.03825999829269,2005-01-01
Libya,71,2006,0.588520930562942,3.755326186320951,0.1233276879184332,48325094086.90915,2.74970006942749,0.8630821624,77.253,0.449833169831258,10739999.7711182,3.2701641742681,8.386454338924189,134750.0,22.7,54.68,1759540.0,1759540.0,5886874,22.88990727506653,2006-01-01
Libya,71,2007,0.590260677480552,6.94499612885062,0.1233276879184332,51394857251.19002,2.9439001083374,0.8630821624,77.437,0.468625316305909,6130000.11444092,2.91346872862415,7.747557820480934,132520.0,22.83,38.21,1759540.0,1759540.0,5974786,22.17987389004393,2007-01-01
Libya,71,2008,0.591072995058463,4.718017988276671,0.1233276879184332,52765740951.71726,2.76740002632141,0.8630821624,77.632,0.479678572904515,5500000.0,3.25914559246906,8.495165661507178,138420.0,22.99,45.91,1759540.0,1759540.0,6058740,22.84633438635756,2008-01-01
Libya,71,2009,0.579661064944429,2.175212642077817,0.1233276879184332,52348816759.728775,2.56110000610352,0.8630821624,77.837,0.471018745934301,9779999.73297119,3.97167176423418,8.772434633461074,141570.0,22.94,31.76,1759540.0,1759540.0,6133987,23.079605483350388,2009-01-01
Libya,71,2010,0.588115014538575,2.38587375822134,0.1233276879184332,54977402524.17696,2.36080002784729,0.9067032572,78.052,0.480139678241089,8340000.152587891,4.34714103563363,9.234119871235418,145810.0,23.85,31.83,1759540.0,1759540.0,6197667,23.52659476541737,2010-01-01
Libya,71,2011,0.602964375494047,0.0,0.1233276879184332,20849674343.402027,3.39520001411438,0.9067032572,78.277,0.451434706727473,7489999.771118159,3.26726520746299,6.090496616372984,115160.0,22.39,43.02,1759540.0,1759540.0,6247438,18.433156119356447,2011-01-01
Libya,71,2012,0.617186463297988,1.7404864472410455,0.1233276879184332,46523870590.22015,2.8118999004364,0.9067032572,78.512,0.446220837129891,3279999.97138977,3.78470810962055,8.320405946719811,117930.0,22.76,44.53,1759540.0,1759540.0,6285751,18.76148132498408,2012-01-01
Libya,71,2013,0.619865135123908,1.0717087635054023,0.1233276879184332,40196624201.96133,2.58960008621216,0.9067032572,78.756,0.297281786099646,2869999.88555908,3.88634314956351,8.700467537399037,109150.0,22.81,40.07,1759540.0,1759540.0,6320350,17.26961323344435,2013-01-01
Libya,71,2014,0.601620543359146,0.0,0.1233276879184332,30549434379.63164,2.28080010414124,0.9067032572,79.009,0.292970463130412,3950000.04768372,3.9065451389676,9.383784035275482,102270.0,22.75,42.79,1759540.0,1759540.0,6362039,16.075035063444282,2014-01-01
Libya,71,2015,0.666078538888832,0.0,0.1233276879184332,27842131479.872574,2.88759994506836,0.950324352,79.27,0.287988130261909,5840000.15258789,3.47026332018412,8.388494488039306,84880.0,22.43,41.89,1759540.0,1759540.0,6418315,13.224654757518133,2015-01-01
Libya,71,2016,0.641604407003219,0.0,0.1233276879184332,27063813356.06716,2.63289999961853,0.950324352,79.54,0.286830742070415,3769999.98092651,3.46004313243926,7.883354692429022,86620.0,22.88,28.65,1759540.0,1759540.0,6492160,13.342246648264984,2016-01-01
Libya,71,2017,0.612109312276736,0.0,0.1233276879184332,34284683046.32165,2.667799949646,0.950324352,79.817,0.287099175894189,3980000.01907349,3.28930833648623,8.63279004449815,96580.0,22.41,42.76,1759540.0,1759540.0,6580723,14.676198952607487,2017-01-01
Libya,71,2018,0.612854940329618,0.0,0.1233276879184332,39472915524.86965,2.62619996070862,0.950324352,80.102,0.284237936363859,5550000.19073486,3.28113460730195,8.825249136603448,103040.0,22.9,46.96,1759540.0,1759540.0,6678565,15.428464048788925,2018-01-01
Libya,71,2019,0.612854940329618,0.0019197118075186,0.1233276879184332,40473930298.82747,2.645093842237036,0.950324352,80.393,0.2795676642001,4699999.80926514,3.3083690735188767,8.879582577340097,102843.04347826086,22.51,47.06,1759540.0,1759540.0,6777453,15.17429091404409,2019-01-01
Libya,71,2020,0.6141309327512824,0.016433229738868,0.1233276879184332,27805590095.54543,2.66871810521024,0.9594120800833332,80.691,0.2775992823960598,4831249.803304676,3.337216235127684,8.925503523120282,102540.13232514178,22.51,38.15,1759540.0,1759540.0,6871287,14.922987836942594,2020-01-01
Lithuania,73,1995,0.49599922995444,0.9222855618924216,31.62890874282068,17906118262.95286,10.3412667310781,0.092128642,67.285,0.443369076935691,133265336.60888693,3.23754173120935,3.786060573662575,22620.0,7.11,681.07,62680.0,65300.0,3629102,6.232946883278563,1995-01-01
Lithuania,73,1996,0.493902024366205,1.8180691079912377,31.74856413529036,18829798984.19139,11.473514207011,0.092128642,67.225,0.444430123530029,133265336.60888693,3.7311594888982,3.951007506914264,23380.0,5.61,534.93,62680.0,65300.0,3601613,6.491535875731235,1996-01-01
Lithuania,73,1997,0.493796956785812,3.580400051269212,31.86821952776005,20394728808.0258,11.6195137056217,0.092128642,67.166,0.44803699612292,133265336.60888693,3.82582077673681,3.8935570860641135,23170.0,6.82,675.0,62680.0,65300.0,3575137,6.480870523283444,1997-01-01
Lithuania,73,1998,0.490444332805958,8.174483753802315,31.987874920229736,21919389526.195347,12.9265928786273,0.0822302888,67.106,0.451276611954987,133265336.60888693,3.95912512186138,4.144442995032021,24050.0,6.74,764.81,62680.0,65300.0,3549331,6.775924815127133,1998-01-01
Lithuania,73,1999,0.491267813913938,5.145451220557992,32.10753031269943,21669164097.737,14.9732739093942,0.0822302888,67.046,0.44751068294852,133265336.60888693,3.20860476851903,3.4759286972105747,21320.0,7.79,630.99,62680.0,65300.0,3524238,6.049534679553424,1999-01-01
Lithuania,73,2000,0.493969738237102,3.299608351644697,32.22718570516911,22469953565.50392,17.1874008178711,0.0822302888,66.986,0.447791024047478,133265336.60888693,3.58256056854075,3.0032552887011303,19620.0,8.18,609.2,62680.0,65300.0,3499536,5.606457541799827,2000-01-01
Lithuania,73,2001,0.492450282095061,3.615150552859721,32.46649649010849,23936367205.527206,17.5912990570068,0.0822302888,66.919,0.458327215965089,133265336.60888693,3.68741441774437,3.2124991860708336,20060.0,7.21,740.15,62680.0,65300.0,3470818,5.7796173697382,2001-01-01
Lithuania,73,2002,0.493185238906472,4.633945574291231,32.70580727504786,25552410589.987804,17.8915996551514,0.0723319356,66.828,0.4727664885232,133265336.60888693,4.17260802502423,3.258722528489861,20420.0,7.8,600.05,62680.0,65300.0,3443067,5.930758826360335,2002-01-01
Lithuania,73,2003,0.492905029868542,1.1575022094048124,32.94511805998724,28252267302.51777,18.0676002502441,0.0624335824,66.737,0.480285162565667,133265336.60888693,4.18689374792706,3.2882282891286723,20600.0,6.91,615.96,62680.0,65300.0,3415213,6.031834617635854,2003-01-01
Lithuania,73,2004,0.490744395738054,3.887042121881376,33.184428844926614,30108297210.936512,18.0687999725342,0.0624335824,66.646,0.485222781538247,133265336.60888693,4.68604903885479,3.52672060881088,21580.0,6.97,679.83,62680.0,65300.0,3377075,6.390145318063709,2004-01-01
Lithuania,73,2005,0.488510714796245,4.95274255731953,33.423739629865985,32436381430.47221,17.5114002227783,0.0624335824,66.635,0.506927609177226,133265336.60888693,4.53588954799649,3.861517495112156,22720.0,6.92,630.04,62680.0,65300.0,3322528,6.838166600853326,2005-01-01
Lithuania,73,2006,0.483916464291468,7.485467964637629,33.66305041480536,34841254106.55911,17.4641990661621,0.0624335824,66.706,0.54672157592343,133265336.60888693,4.68775691035406,3.981762183595935,22850.0,7.41,597.98,62680.0,65300.0,3269909,6.987962050320054,2006-01-01
Lithuania,73,2007,0.475985234216902,6.553211945118606,33.90236119974473,38711239487.33798,17.0638008117676,0.0624335824,66.777,0.557177194849824,133265336.60888693,4.99628419452338,4.088145492177437,23850.0,7.84,734.89,62680.0,65300.0,3231294,7.3809439809562365,2007-01-01
Lithuania,73,2008,0.469372492370154,3.613767021035748,34.144395692062226,39723315048.96596,18.335599899292,0.0624335824,66.848,0.563991459050212,133265336.60888693,5.01876896344037,4.083507413942271,23280.0,8.23,667.89,62675.0,65300.0,3198231,7.279023935419299,2008-01-01
Lithuania,73,2009,0.464146305284732,-0.963401425538259,34.38372556840846,33828927895.83916,20.088399887085,0.0624335824,66.842,0.563025693759416,133265336.60888693,4.44660607274462,3.695956516075672,19710.0,7.19,716.18,62675.0,65300.0,3162916,6.231591354307228,2009-01-01
Lithuania,73,2010,0.449345223594705,2.969929795690452,34.623055444754684,34387524905.82527,21.4589996337891,0.0525352292,66.757,0.564424632719435,133265336.60888693,4.85717147636615,4.068082919152986,20520.0,6.36,833.05,62675.0,65300.0,3097282,6.625163611192006,2010-01-01
Lithuania,73,2011,0.450848158102131,4.320222499257674,34.677856846539235,36464190341.04882,22.7392997741699,0.0525352292,66.741,0.562829682513998,133265336.60888693,5.07658943612987,3.910023232274864,19980.0,7.7,643.77,62674.0,65300.0,3028115,6.598164204463833,2011-01-01
Lithuania,73,2012,0.44847973312084,1.577505050891089,34.732105817404346,37865824499.59978,23.9237003326416,0.0525352292,66.864,0.573983805942663,133265336.60888693,5.17778114261373,3.992940561414807,19900.0,6.84,768.7,62674.0,65300.0,2987773,6.660479226500809,2012-01-01
Lithuania,73,2013,0.438648537418345,1.6521957559280365,34.78579976067012,39210088851.82635,26.3433990478516,0.0525352292,66.986,0.581370239669753,133265336.60888693,4.93801291143585,3.830693490762551,19000.0,7.6,671.53,62675.0,65300.0,2957689,6.423934362267297,2013-01-01
Lithuania,73,2014,0.426515415837504,0.7362379411969233,34.85395051875499,40596953568.08644,27.7318992614746,0.0525352292,67.108,0.604860027984971,133265336.60888693,5.455345208717,3.703492775631427,18550.0,7.9,632.87,62650.0,65286.0,2932367,6.325947604784804,2014-01-01
Lithuania,73,2015,0.417249440679357,2.5035787579074262,34.90822027134876,41418872976.11961,28.9622993469238,0.042636876,67.23,0.597346628842972,133265336.60888693,5.57097350665141,3.8107893187740753,18800.0,8.49,561.99,62650.0,65286.0,2904910,6.471801191775304,2015-01-01
Lithuania,73,2016,0.408541115789121,2.737299242009707,34.960569585900835,42462143259.0298,31.4717998504639,0.042636876,67.366,0.585291548803144,133265336.60888693,5.55014845208693,3.904845878870984,18820.0,7.79,746.51,62642.0,65286.0,2868231,6.561535664317135,2016-01-01
Lithuania,73,2017,0.41905372882231,2.9045103342758773,35.056911607413674,44280625711.65842,33.7784996032715,0.042636876,67.516,0.581310115430598,133265336.60888693,6.11949033068276,3.966902877701657,18730.0,7.55,821.38,62641.0,65286.0,2828403,6.622111488355796,2017-01-01
Lithuania,73,2018,0.432598633045537,2.419450716681724,35.09500239501836,46048888511.484406,33.4990997314453,0.042636876,67.679,0.587694566483298,133265336.60888693,6.00078459946608,4.137005928518677,18840.0,8.24,567.31,62630.0,65290.0,2801543,6.724865547307323,2018-01-01
Lithuania,73,2019,0.432598633045537,6.278727375107596,35.12693597317579,48155059559.28632,34.50596203580909,0.042636876,67.855,0.59505553555274,133265336.60888693,6.120925593738112,4.152264422208073,18675.652173913044,8.71,600.14,62630.0,65289.5652173913,2794137,6.6838713255338025,2019-01-01
Lithuania,73,2020,0.429956941507666,7.920132034143834,35.142902762254515,48091287110.448975,35.507372810974225,0.0405747190833333,68.046,0.6013758046617838,133265336.60888693,6.224828467861586,4.161014722873021,18471.115311909263,9.06,622.35,62630.0,65289.11153119092,2794885,6.608899941110014,2020-01-01
Luxembourg,74,1995,0.227844902697612,14.653522504862933,35.45162011316872,30592112066.17394,3.99091542099098,0.01586408,82.893,0.530747105946419,133265336.60888693,13.5772226452656,21.24197002141328,9580.0,9.84,977.01,2430.0,2590.0,408625,23.4444784337718,1995-01-01
Luxembourg,74,1996,0.224795158021792,15.329377800797293,35.50164094650206,31019812578.68038,3.06537209669016,0.0154835082,82.825,0.553804574949126,133265336.60888693,14.0847565354522,21.147926851348902,9660.0,8.18,691.14,2430.0,2590.0,414225,23.32065906210393,1996-01-01
Luxembourg,74,1997,0.222663286842976,15.61816925441562,35.54927983539095,32701034708.65361,4.38633602298422,0.0151029364,82.779,0.548789465462341,133265336.60888693,15.0761601502485,19.71629514840863,9160.0,9.68,863.84,2430.0,2590.0,419450,21.8381213493861,1997-01-01
Luxembourg,74,1998,0.221826118504237,17.496523997762274,35.59465020576132,34883669256.440605,6.73001859305192,0.0147223646,82.893,0.545743045116487,133265336.60888693,14.0362398364665,17.871438662585355,8480.0,9.62,981.66,2430.0,2590.0,424700,19.967035554509064,1998-01-01
Luxembourg,74,1999,0.219707609697372,16.028434781954097,35.63786008230453,37735472553.90842,5.86317308991828,0.0143417928,83.448,0.531786599069305,133265336.60888693,15.3150979318275,18.46797142691213,8870.0,10.16,1014.24,2430.0,2590.0,430475,20.605145478831524,1999-01-01
Luxembourg,74,2000,0.219000190790925,13.947046979872017,35.67901234567901,40353608789.92266,6.80630016326904,0.013961221,84.216,0.611122668239749,133265336.60888693,15.0788033545061,19.665367866147147,9400.0,10.39,1053.45,2430.0,2590.0,436300,21.544808617923447,2000-01-01
Luxembourg,74,2001,0.217491878518039,14.322042991244118,35.76131687242798,41594221979.15312,3.42400002479553,0.0124968762,84.843,0.575783059987257,133265336.60888693,14.2419392360309,20.700979559481343,9960.0,9.82,1139.04,2430.0,2590.0,441525,22.558179038559537,2001-01-01
Luxembourg,74,2002,0.215609761772729,18.027188575793605,35.84362139917695,42935809044.1761,1.3183000087738,0.0110325314,85.299,0.567050229948546,133265336.60888693,15.7562249348007,22.054126743990587,10740.0,10.29,1071.74,2430.0,2590.0,446175,24.07127248277021,2002-01-01
Luxembourg,74,2003,0.207365225694417,14.496046179454243,35.92592592592593,44060460429.16776,1.27730000019073,0.0095681866,85.743,0.531391573980426,133265336.60888693,17.7261131340779,22.717711400925538,11150.0,10.16,735.05,2430.0,2590.0,451630,24.688351083851824,2003-01-01
Luxembourg,74,2004,0.208233650057491,14.798778085421295,36.0082304526749,45925051224.05065,1.35469996929169,0.0095681866,86.177,0.544304232345673,133265336.60888693,15.5409039122505,25.496894748905795,12590.0,9.67,881.26,2430.0,2590.0,458095,27.4833822678702,2004-01-01
Luxembourg,74,2005,0.205924835846858,12.334007688125808,36.090534979423865,47065312723.95136,1.87230002880096,0.0095681866,86.598,0.563587730080328,133265336.60888693,16.0123082172358,25.668697517832648,12820.0,9.9,770.83,2430.0,2590.0,465158,27.56052782065449,2005-01-01
Luxembourg,74,2006,0.207370874938814,75.1489604813805,36.17283950617284,49897098475.13188,2.0783998966217,0.0095681866,87.009,0.64265004648699,133265336.60888693,15.3478161441869,24.839358746776067,12620.0,10.25,891.45,2430.0,2590.0,472637,26.701252758459454,2006-01-01
Luxembourg,74,2007,0.279826591238646,-57.60545235129585,36.25514403292181,53938098625.97339,3.64190006256104,0.0095681866,87.409,0.569536802446853,133265336.60888693,14.4501791961702,23.208671793130318,12030.0,10.45,1016.24,2430.0,2590.0,479993,25.06286550012188,2007-01-01
Luxembourg,74,2008,0.279210784922604,12.144230151788475,36.33744855967078,53776189294.16321,3.96000003814697,0.0095681866,87.8,0.60729113068266,133265336.60888693,15.3016625734719,22.59285787373376,11960.0,9.89,954.75,2430.0,2590.0,488650,24.47559602987824,2008-01-01
Luxembourg,74,2009,0.208758668991368,50.237866227410834,36.41975308641975,52034403245.543175,3.73140001296997,0.0095681866,88.178,0.620326533288357,133265336.60888693,14.0570612252478,21.0131724064502,11380.0,10.0,922.24,2430.0,2590.0,497783,22.86136730261981,2009-01-01
Luxembourg,74,2010,0.204739407366596,69.67430769238969,36.50205761316872,53991112017.99135,3.67770004272461,0.0081038418,88.547,0.646297662465678,133265336.60888693,15.8866753066014,21.81661810858206,11980.0,8.74,956.02,2430.0,2590.0,506953,23.631382001881832,2010-01-01
Luxembourg,74,2011,0.207396544298655,14.352152069657704,36.50205761316872,54554940495.972206,3.76209998130798,0.0081038418,88.906,0.652812967966917,133265336.60888693,15.3961882068272,21.08626074810889,11830.0,10.56,775.26,2430.0,2590.0,518347,22.822549373296265,2011-01-01
Luxembourg,74,2012,0.208220992818999,42.65216720839285,36.50205761316872,55455043566.56408,4.14979982376099,0.0081038418,89.249,0.671872431794616,133265336.60888693,14.0178599036202,20.133874254632296,11580.0,9.83,951.46,2430.0,2590.0,530946,21.81012758359607,2012-01-01
Luxembourg,74,2013,0.208444876610482,24.55743763282446,36.50205761316872,57213961369.71343,5.71759986877441,0.0081038418,89.574,0.677818716626957,133265336.60888693,13.4989109415789,18.680064782096583,11050.0,9.31,921.5,2430.0,2590.0,543360,20.33642520612485,2013-01-01
Luxembourg,74,2014,0.208448606478885,27.494773127615783,36.50205761316872,58714732789.47153,6.84619998931885,0.0081038418,89.884,0.693287150683964,133265336.60888693,12.6544297363745,17.34616290293878,10560.0,11.08,871.35,2430.0,2590.0,556319,18.981915052335083,2014-01-01
Luxembourg,74,2015,0.205119766904942,20.816415419545493,36.50205761316872,60047430684.26389,9.08520030975342,0.006639497,90.179,0.702395433362463,133265336.60888693,12.7102511428634,16.028679573879398,10050.0,10.51,790.08,2430.0,2590.0,569604,17.643836770809195,2015-01-01
Luxembourg,74,2016,0.196241590682571,51.30690937800205,36.50205761316872,63036706136.14181,13.4963998794556,0.006639497,90.46,0.690633856457427,133265336.60888693,12.5842787969548,15.223001508554775,9770.0,10.12,952.87,2430.0,2590.0,582014,16.786537780878124,2016-01-01
Luxembourg,74,2017,0.205003051216791,-10.397171102593084,36.50205761316872,63867017852.48878,15.328800201416,0.006639497,90.727,0.684409822205789,133265336.60888693,11.9260835547481,15.09216280754474,9920.0,10.43,868.14,2430.0,2590.0,596336,16.634917227871536,2017-01-01
Luxembourg,74,2018,0.211720108669143,-23.517933457605427,36.50205761316872,65147153745.44207,16.0277004241943,0.006639497,90.981,0.686284452678497,133265336.60888693,12.9503590124291,15.330208076322066,10220.0,11.1,787.65,2430.0,2590.0,607950,16.810592976396084,2018-01-01
Luxembourg,74,2019,0.211720108669143,21.07197119594197,36.50205761316872,67286460381.38876,16.551038902594446,0.006639497,91.223,0.666156201669138,133265336.60888693,12.923104071870991,15.07317494827462,10247.826086956522,10.79,873.24,2430.0,2590.0,620001,16.528725093921658,2019-01-01
Luxembourg,74,2020,0.2110482422512901,84.71980909768439,36.50205761316872,66091291203.41221,17.137372241981588,0.006255139375,91.453,0.6717982473242513,133265336.60888693,12.872597443019634,14.80905530031487,10273.383742911154,11.32,802.69,2430.0,2590.0,630419,16.296120108865935,2020-01-01
Malaysia,81,1995,0.436120704083819,4.710245401588307,61.34507685283823,117334865369.35097,9.02961384827698,0.071226944,55.688,0.392128432022903,106750000.0,3.53871056110347,4.094182999632363,122590.0,25.54,3354.57,328550.0,330800.0,20487604,5.983618191761223,1995-01-01
Malaysia,81,1996,0.436708834385491,5.035342931072918,61.062882361893166,129071520752.78458,7.47308267129816,0.0731286446,56.969,0.395840971948263,-456600006.103516,3.66867082034768,4.553798410752426,135220.0,25.45,3314.84,328550.0,330800.0,21017619,6.43364978687643,1996-01-01
Malaysia,81,1997,0.4300933437568,5.136241158053275,60.780687870948114,138523095019.84384,6.70558722177825,0.0750303452,58.237,0.390326384847948,-240339996.33789095,3.88260459772051,4.753559256478406,143800.0,25.77,2610.94,328550.0,330800.0,21562790,6.668895815430193,1997-01-01
Malaysia,81,1998,0.429539828183134,2.997750852014568,60.49849338000304,128328605325.8226,7.16784032044907,0.0769320458,59.496,0.388330986827015,201740005.493164,3.13040085436316,4.659355403683359,145710.0,26.16,2807.09,328550.0,330800.0,22114647,6.588845845018462,1998-01-01
Malaysia,81,1999,0.429493742778351,4.921466664893409,60.21629888905798,136204917219.30614,7.34271482331671,0.0788337464,60.742,0.391988419708853,145929992.67578098,3.73762108627856,4.934405110952848,155090.0,25.53,3553.77,328550.0,330800.0,22661293,6.843828372899993,1999-01-01
Malaysia,81,2000,0.415897589538324,4.038428623937644,59.93410439811292,148271131276.40512,4.44409990310669,0.080735447,61.977,0.397569339543363,48650001.5258789,3.58231877394933,5.244833935580246,166030.0,25.66,3404.24,328550.0,330800.0,23194252,7.15823903267068,2000-01-01
Malaysia,81,2001,0.413260851045466,0.5970293182520802,59.70774615735809,149038694328.51114,4.26119995117188,0.072764744,62.922,0.40602440725788,29329999.9237061,3.65349289285095,5.346888738782532,172150.0,25.76,3086.91,328550.0,330800.0,23709115,7.260920536257891,2001-01-01
Malaysia,81,2002,0.411361557327029,3.166124322504712,59.48138791660325,157073352912.5593,3.56620001792908,0.064794041,63.856,0.415773022147356,89339996.3378906,3.58261950730206,5.6315184268132485,183540.0,25.94,2769.93,328550.0,330800.0,24208391,7.581668686696278,2002-01-01
Malaysia,81,2003,0.409507631343224,2.9209420945676468,59.25502967584843,166165542824.22232,3.32620000839233,0.056823338,64.78,0.424427362676053,110319999.694824,3.32438515968981,5.8225451328223325,193010.0,25.74,3250.4,328550.0,330800.0,24698821,7.814543050455728,2003-01-01
Malaysia,81,2004,0.406941547048091,3.507872620494129,59.02867143509359,177437278939.95654,3.2211000919342,0.056823338,65.694,0.426260077834131,299230010.986328,3.70546376876534,6.251129635534967,208590.0,25.69,2907.98,328550.0,330800.0,25190647,8.28045424954746,2004-01-01
Malaysia,81,2005,0.402027414071127,2.7343931256266543,58.802313194338765,186898481577.26288,3.00600004196167,0.056823338,66.594,0.416842673363545,29219999.3133545,3.84323422096875,6.477462684330446,219100.0,25.73,2946.93,328550.0,330800.0,25690615,8.528406190353948,2005-01-01
Malaysia,81,2006,0.397784378347653,4.72719448835046,58.57595495358393,197336475944.1813,3.12789988517761,0.056823338,67.483,0.425716013835044,241360000.610352,4.4371098686013,6.590348185482656,226630.0,25.64,3240.83,328550.0,330800.0,26201954,8.649354929788824,2006-01-01
Malaysia,81,2007,0.403284485396275,4.6868880488533895,58.3495967128291,209766278120.5992,2.84599995613098,0.056823338,68.36,0.422343547437603,202149993.896484,4.02571403402106,7.048555882484698,244160.0,25.57,3378.51,328550.0,330800.0,26720367,9.13759904570173,2007-01-01
Malaysia,81,2008,0.390122818571901,3.2807870354773625,58.12323847207427,219901701984.381,3.03900003433228,0.056823338,69.225,0.417428843091128,156350006.10351598,4.2132061068495,7.384710597953745,258710.0,25.38,3720.94,328550.0,330800.0,27236003,9.498824038167422,2008-01-01
Malaysia,81,2009,0.382070234909948,0.0566922678201597,57.89688023131944,216573426577.90292,2.26559996604919,0.056823338,70.075,0.429848944789247,139919998.168945,3.52302205434227,6.5267622853085685,238640.0,25.68,3497.76,328550.0,330800.0,27735038,8.604278818727416,2009-01-01
Malaysia,81,2010,0.375097920825139,4.2686638663911225,57.6705219905646,232653672974.011,1.95539999008179,0.048852635,70.912,0.454567091949989,-6139999.8664856,3.77923597411357,7.058628841406425,259160.0,25.8,3281.77,328550.0,330800.0,28208028,9.187455429355076,2010-01-01
Malaysia,81,2011,0.369973092245655,5.07445534647755,57.98497641150511,244970155626.68036,2.16380000114441,0.048852635,71.609,0.455475505499567,40810001.373291,3.79495839754019,7.038856147308422,263030.0,25.58,3540.22,328550.0,330800.0,28650962,9.180494532783923,2011-01-01
Malaysia,81,2012,0.363901445840708,2.82905646583735,58.2994308324456,258378484880.29703,2.51979994773865,0.048852635,72.275,0.485336491629729,18319999.6948242,3.84280024054898,6.9932117202072686,265900.0,25.77,3343.6,328550.0,330800.0,29068189,9.14745669226246,2012-01-01
Malaysia,81,2013,0.374838490155748,3.494301778732019,58.61388525338609,270506054026.3731,2.74790000915527,0.048852635,72.93,0.500624918969461,-113309997.558594,4.11086400716252,7.459383568242382,282940.0,25.87,3222.1,328550.0,330396.0,29468923,9.601301004451368,2013-01-01
Malaysia,81,2014,0.372191483629807,3.141267794900328,58.928339674326594,286754600537.70325,3.02999997138977,0.048852635,73.577,0.530909387709474,19920000.0762939,4.21657910201757,7.757158613871292,296240.0,25.78,2936.18,328550.0,330396.0,29866606,9.918770147501862,2014-01-01
Malaysia,81,2015,0.360533377976738,3.27094905445992,59.24279409526708,301354803994.36694,3.40630006790161,0.040881932,74.213,0.533754200290985,-600000.023841858,3.96312342986092,7.682279041979665,297970.0,26.01,2783.16,328550.0,330345.0,30270965,9.84342587030179,2015-01-01
Malaysia,81,2016,0.385909531863354,4.471319286797345,58.78752092527774,314764434003.3287,4.43120002746582,0.040881932,74.84,0.509404362472766,-51819999.6948242,3.91763991331535,7.451282158911237,294860.0,26.3,2963.33,328550.0,330345.0,30684652,9.609364316727463,2016-01-01
Malaysia,81,2017,0.389582567817839,2.935792390750236,58.6348805356871,333060816796.8251,5.22349977493286,0.040881932,75.447,0.492424249713668,-29250000.0,3.98733541124429,7.165808461788115,289730.0,25.85,3418.04,328550.0,330345.0,31104655,9.314682963048456,2017-01-01
Malaysia,81,2018,0.396513037081481,2.3145694203903053,58.48224014609649,349191140699.0143,5.3105001449585,0.040881932,76.036,0.502116377184007,-34549999.237060495,4.2594544380563,7.600220413369905,306670.0,25.89,3354.01,328550.0,330345.0,31528033,9.72689923281925,2018-01-01
Malaysia,81,2019,0.396513037081481,2.5063006072916068,58.32959975650586,364693381129.1769,5.148799549162044,0.040881932,76.607,0.510476119185972,5989999.771118159,4.290791128358597,7.752656822662841,314673.4782608696,26.17,2717.01,328550.0,330325.2173913043,31949789,9.849000200310227,2019-01-01
Malaysia,81,2020,0.3948627176230502,1.279802999355416,58.17695936691523,344099347074.6384,5.047743761243082,0.0396175565,77.16,0.5154072728177665,1791666.4282480832,4.31783983740255,7.891737623180685,322475.8034026465,26.05,3239.07,328550.0,330304.57466918713,32365998,9.963412943504675,2020-01-01
Maldives,82,1995,0.630228388263121,1.8122583775768413,2.733333333333333,1407651006.0826986,3.31846451019339,0.043929507,25.638,0.37552104205391,52490001.6784668,3.253629499177885,1.0230420548980106,330.0,27.98,2365.0,300.0,300.0,254144,1.298476454293629,1995-01-01
Maldives,82,1996,0.61831862148799,2.0682987256816827,2.733333333333333,1518273328.619332,3.1609785777111,0.043929507,26.008,0.375648473465065,26489999.7711182,3.253629499177885,1.0803386089868738,350.0,27.68,2365.0,300.0,300.0,259178,1.3504232612335925,1996-01-01
Maldives,82,1997,0.623589510668083,2.2448550885018483,2.733333333333333,1645777024.392487,2.72304595058001,0.043929507,26.379,0.373295133225882,23479999.5422363,3.253629499177885,1.2886793310996223,420.0,28.02,2365.0,300.0,300.0,263836,1.59189799724071,1997-01-01
Maldives,82,1998,0.618493332054733,2.132576087287988,2.733333333333333,1769122795.6633065,3.02727798129573,0.0425918726,26.755,0.370901006094333,24829999.9237061,3.253629499177885,1.154798934604854,400.0,28.09,2365.0,300.0,300.0,268445,1.490063141425618,1998-01-01
Maldives,82,1999,0.614551237241383,2.09121158653824,2.733333333333333,1878377730.6974225,2.20041860787177,0.0425918726,27.134,0.380301537200721,30420000.0762939,3.253629499177885,1.5720856092014537,520.0,27.95,2365.0,300.0,300.0,273522,1.9011267832203624,1999-01-01
Maldives,82,2000,0.615449828702543,3.573781889063085,2.733333333333333,1950616576.6662493,2.34330010414124,0.0425918726,27.706,0.390001990450895,18139999.3896484,3.253629499177885,1.6464086815845609,560.0,27.68,2365.0,300.0,300.0,279396,2.0043236123638133,2000-01-01
Maldives,82,2001,0.602354239059148,2.3609579201236337,2.733333333333333,1873691391.2320485,2.2613000869751,0.0425918726,28.859,0.398188378344779,22299999.237060502,3.253629499177885,1.676510343719548,590.0,27.84,2365.0,300.0,300.0,286309,2.0607106308219443,2001-01-01
Maldives,82,2002,0.599006876756134,2.75560074067064,2.733333333333333,2009878519.8661544,1.78310000896454,0.0412542382,30.042,0.406876438545092,21530000.6866455,3.253629499177885,2.073525162737733,720.0,27.93,2365.0,300.0,300.0,294185,2.447439536346177,2002-01-01
Maldives,82,2003,0.590118341380545,3.0200360906042523,2.733333333333333,2286237817.6790743,2.22000002861023,0.0399166038,31.252,0.417032958648523,17000000.0,3.253629499177885,1.7510183989084218,640.0,27.75,2365.0,300.0,300.0,302681,2.114437311889415,2003-01-01
Maldives,82,2004,0.57854959386256,4.314674454064022,2.733333333333333,2424183784.564316,1.67330002784729,0.0399166038,32.49,0.40184295514701,26620000.8392334,3.253629499177885,2.37739546688513,860.0,27.73,2365.0,300.0,300.0,311265,2.762919056109746,2004-01-01
Maldives,82,2005,0.561785634256492,4.554996736179958,2.733333333333333,2105911400.235148,1.94920003414154,0.0399166038,33.75,0.423325978431291,72389999.3896484,3.253629499177885,2.221499105142614,840.0,27.75,2365.0,300.0,300.0,319604,2.6282524624222474,2005-01-01
Maldives,82,2006,0.542795298037076,4.051980514597467,2.733333333333333,2655796318.6455307,1.58990001678467,0.0399166038,34.794,0.453293671254478,34090000.1525879,3.253629499177885,2.656577778184916,1000.0,27.69,2365.0,300.0,300.0,327489,3.053537676074616,2006-01-01
Maldives,82,2007,0.525959832789714,7.088056791036433,2.733333333333333,2860660921.649889,1.52160000801086,0.0399166038,35.2,0.435594598771395,33790000.9155273,3.253629499177885,2.595682216891626,1010.0,27.73,2365.0,300.0,300.0,335172,3.013378205816715,2007-01-01
Maldives,82,2008,0.531145426345122,7.979034445143188,2.733333333333333,3132004126.3595586,1.53090000152588,0.0399166038,35.61,0.428430680771658,52930000.3051758,3.253629499177885,2.5331345647667187,1020.0,27.7,2365.0,300.0,300.0,343448,2.9698819035196014,2008-01-01
Maldives,82,2009,0.509590531298857,6.73534012537353,2.733333333333333,2905596513.378541,1.49070000648499,0.0399166038,36.021,0.42762679435177,29090000.1525879,3.253629499177885,2.5750514302854346,1080.0,27.73,2365.0,300.0,300.0,353391,3.056104994184911,2009-01-01
Maldives,82,2010,0.511064437968202,8.363764330607362,2.733333333333333,3116691850.2824626,1.36199998855591,0.0385789694,36.434,0.417459689732522,88279998.7792969,3.253629499177885,2.6248872118776148,1140.0,27.73,2365.0,300.0,300.0,365730,3.1170535641046677,2010-01-01
Maldives,82,2011,0.509146997842198,15.265932390229086,2.733333333333333,3383690536.063114,1.33280003070831,0.0385789694,36.849,0.411085365610449,49830001.8310547,3.253629499177885,2.654450936022476,1220.0,27.73,2365.0,300.0,300.0,380493,3.2063664771756644,2011-01-01
Maldives,82,2012,0.479402961093418,7.898939478996411,2.733333333333333,3468871018.271601,1.20200002193451,0.0385789694,37.267,0.407535321892302,56729999.5422363,3.253629499177885,2.8698666518977625,1380.0,27.73,2365.0,300.0,300.0,397231,3.47404910492887,2012-01-01
Maldives,82,2013,0.478985675025072,10.950382089991797,2.733333333333333,3721442083.348001,1.25989997386932,0.0385789694,37.685,0.397084441958681,21700000.762939498,3.253629499177885,2.719012878014976,1390.0,27.71,2365.0,300.0,300.0,415592,3.3446264605670946,2013-01-01
Maldives,82,2014,0.479386158424972,9.016594968124773,2.733333333333333,3994209877.435174,1.1952999830246,0.0385789694,38.106,0.41779173019517,22540000.915527303,3.253629499177885,3.1263074171643472,1650.0,27.73,2365.0,300.0,300.0,435018,3.792946498765568,2014-01-01
Maldives,82,2015,0.45820994182748,7.251038963227521,2.733333333333333,4109424799.724072,1.380499958992,0.037241335,38.529,0.415179075508042,23989999.7711182,3.253629499177885,2.967593874886242,1660.0,27.73,2365.0,300.0,300.0,454914,3.649041357267528,2015-01-01
Maldives,82,2016,0.4895087695629,10.427605106276696,2.733333333333333,4369892497.951929,1.21319997310638,0.037241335,38.954,0.425970378349962,22709999.084472697,3.253629499177885,3.680297788666786,2120.0,27.8,2365.0,300.0,300.0,475505,4.458417892556335,2016-01-01
Maldives,82,2017,0.442786748590082,9.62960408193097,2.733333333333333,4684957819.545712,1.25460004806519,0.037241335,39.38,0.422083609198678,46479999.5422363,3.253629499177885,3.666412838085568,2230.0,27.75,2365.0,300.0,300.0,496398,4.492362982929021,2017-01-01
Maldives,82,2018,0.43085658370676,10.859499776316255,2.733333333333333,5065522982.520948,1.11829996109009,0.037241335,39.808,0.422350328390956,131429992.675781,3.253629499177885,3.7036749763430175,2380.0,27.73,2365.0,300.0,300.0,515704,4.615050494081877,2018-01-01
Maldives,82,2019,0.43085658370676,17.13762921086438,2.733333333333333,5414217823.038075,1.0226406328682074,0.037241335,40.238,0.433884577770992,72080001.8310547,3.253629499177885,3.820224233797149,2469.1304347826085,27.78,2365.0,300.0,300.0,530957,4.650339735200041,2019-01-01
Maldives,82,2020,0.4225494251835783,11.775014581992856,2.733333333333333,3600460152.8705373,0.929669417875038,0.0369626611666666,40.669,0.4363163917592037,72896251.83741254,3.253629499177885,3.939349695745422,2561.266540642722,27.78,2365.0,300.0,300.0,540542,4.738330306697207,2020-01-01
Malta,77,1995,0.391983523679395,10.54156786275519,1.09375,4659151336.957727,0.0,0.010610948,90.946,0.459745297396421,39529998.779296905,7.01678736788359,6.305988834690357,2620.0,19.1,492.3,320.0,320.0,377419,6.941886868440646,1995-01-01
Malta,77,1996,0.393046515511197,8.187437681453147,1.09375,4835143126.594918,0.0,0.0123293116,91.181,0.454463175905656,51799999.237060495,7.09030879823617,6.106789855358576,2570.0,18.99,535.41,320.0,320.0,379905,6.764849107013595,1996-01-01
Malta,77,1997,0.383991358480892,3.611358991503121,1.09375,5089325640.741152,0.0,0.0140476752,91.492,0.480864224659516,15930000.3051758,6.60018904442036,6.452607297454747,2730.0,19.46,462.63,320.0,320.0,382791,7.131829118239457,1997-01-01
Malta,77,1998,0.372401290995134,8.06081598090462,1.09375,5350184178.408964,0.0,0.0157660388,91.793,0.469176756906381,49369998.9318848,7.56224642938967,6.151258672106768,2630.0,19.29,343.63,320.0,320.0,385287,6.826080298582615,1998-01-01
Malta,77,1999,0.393861825390801,16.184810793672412,1.09375,5602711527.793186,0.0,0.0174844024,92.085,0.479734036174779,25079999.9237061,8.46361828278347,6.218103194711775,2670.0,19.94,377.85,320.0,320.0,387578,6.888935904514704,1999-01-01
Malta,77,2000,0.397343636026169,18.262255304296776,1.09375,6705396316.431819,0.0,0.019202766,92.368,0.504301141802704,44029998.779296905,6.38495469602579,5.460320390066832,2410.0,19.55,344.37,320.0,320.0,390087,6.178108985944161,2000-01-01
Malta,77,2001,0.370230354994047,10.19695552176899,1.09375,6626628203.705757,0.0,0.0186831684,92.641,0.516388569970447,11409999.8474121,6.75776323165458,6.335426483609311,2780.0,19.94,314.51,320.0,320.0,393028,7.073287399371037,2001-01-01
Malta,77,2002,0.340019158022573,-11.135275189950985,1.09375,6796618661.932763,0.0872000008821487,0.0181635708,92.905,0.513685426041204,18329999.9237061,7.69893566168585,5.85904452116201,2620.0,19.61,382.22,320.0,320.0,395969,6.61667958855365,2002-01-01
Malta,77,2003,0.345335112611311,16.72916816471334,1.09375,7073517585.70953,0.0986000001430511,0.0181635708,93.16,0.520934406513798,6829999.92370605,6.83851700187517,6.548213416561711,2920.0,19.79,525.45,320.0,320.0,398582,7.325970565655248,2003-01-01
Malta,77,2004,0.362418797201118,122.48158160868032,1.09375,7083439476.311993,0.119499996304512,0.0181635708,93.407,0.507274452607148,-1429999.94754791,5.86113125228878,6.4794601114467145,2920.0,19.38,395.39,320.0,320.0,401268,7.276932125163232,2004-01-01
Malta,77,2005,0.358563272891615,339.78794610828885,1.09375,7323114279.374236,0.140499994158745,0.0181635708,93.645,0.533624876952068,-2829999.92370605,6.19178580119024,6.487814299935121,2970.0,19.15,417.48,320.0,320.0,403834,7.354507049926455,2005-01-01
Malta,77,2006,0.308722890989193,369.3448777408476,1.09375,7506934871.851769,0.170800000429153,0.0181635708,93.784,0.604369853872496,-5210000.03814697,6.61642306113412,6.538237587217623,3050.0,19.68,409.99,320.0,320.0,405308,7.525141373967452,2006-01-01
Malta,77,2007,0.325808351919242,449.0827656730138,1.09375,7865368911.572174,0.203400000929832,0.0181635708,93.857,0.614607526363137,5309999.94277954,6.27915274820739,6.66299505315644,3140.0,19.73,444.5,320.0,320.0,406724,7.720223050520746,2007-01-01
Malta,77,2008,0.33085691036409,163.2244902151979,1.09375,8166326195.495397,0.223800003528595,0.0181635708,93.929,0.623545354771788,21799999.237060502,6.69321160794111,6.644209888636203,3080.0,19.75,361.17,320.0,320.0,409379,7.523590609190994,2008-01-01
Malta,77,2009,0.341586888741403,16.61465139843837,1.09375,8073730389.43748,0.256399989128113,0.0181635708,94.001,0.618791322502028,4630000.11444092,5.70496443848361,6.085187780167137,2890.0,19.64,519.99,320.0,320.0,412477,7.006451268798018,2009-01-01
Malta,77,2010,0.340251163210775,102.31371810445118,1.09375,8521308887.162988,1.22679996490479,0.0176439732,94.072,0.650422158225529,30870000.8392334,5.55497583151058,6.224246576664383,2990.0,19.89,397.15,320.0,320.0,414508,7.213371032645932,2010-01-01
Malta,77,2011,0.332068261666605,80.99365986712371,1.09375,8561107733.27416,1.97239995002747,0.0176439732,94.141,0.642930806727893,42490001.6784668,5.21501773997378,6.173907194403605,2980.0,19.47,438.29,320.0,320.0,416268,7.158849587285115,2011-01-01
Malta,77,2012,0.293102932244813,35.12487997435569,1.09375,8913629091.31255,2.67549991607666,0.0176439732,94.211,0.517116986283201,9210000.03814697,5.25250032418699,6.451950822326131,3160.0,19.94,389.25,320.0,320.0,420028,7.52330796994486,2012-01-01
Malta,77,2013,0.287855915147222,4.833909746884412,1.09375,9401503716.853434,3.24519991874695,0.0176439732,94.279,0.523166587212721,72169998.1689453,4.83655685719456,5.563811281155583,2830.0,19.81,396.65,320.0,320.0,425967,6.643707141633037,2013-01-01
Malta,77,2014,0.276245147180397,1.340744498968922,1.09375,10119171086.208809,4.4899001121521,0.0176439732,94.347,0.519225140443227,22389999.3896484,5.00945317097068,5.407793666207963,2840.0,20.18,424.01,320.0,320.0,434558,6.535376175332177,2014-01-01
Malta,77,2015,0.277213686588843,32.82447506782541,1.09375,11091434483.5238,6.00190019607544,0.016604778,94.414,0.527260404844363,21870000.8392334,5.02200011398436,3.707423610221704,2160.0,20.04,483.77,320.0,320.0,445053,4.85335454429023,2015-01-01
Malta,77,2016,0.285789536652846,23.68322243673387,1.1875,11545175909.920116,9.25279998779297,0.016604778,94.48,0.500341202468189,25100000.3814697,5.50689904091029,2.964713323202066,1870.0,20.26,331.91,320.0,320.0,455356,4.106676973620639,2016-01-01
Malta,77,2017,0.317568559334969,29.424072782770327,1.3125000000000002,12482577842.44214,7.25339984893799,0.016604778,94.546,0.513568298929622,21239999.7711182,5.68774093969845,3.2478701877568112,2010.0,19.78,397.29,320.0,320.0,467999,4.294880971967888,2017-01-01
Malta,77,2018,0.29742371126313,30.03653830321217,1.4375,13129078609.248089,7.46479988098145,0.016604778,94.612,0.519735436193193,1700000.04768372,5.45122858025085,3.198316241256216,2040.0,20.04,442.41,320.0,320.0,484630,4.209396859459794,2018-01-01
Malta,77,2019,0.29742371126313,27.96295578948134,1.4375,13856372628.222237,7.789356397545861,0.016604778,94.678,0.502035763848686,11039999.961853,5.383160806875514,3.063200041541688,2014.782608695652,19.9,415.2,320.0,320.0,504062,3.997092835198155,2019-01-01
Malta,77,2020,0.2934837190791189,29.951356043528065,1.4375,12886270020.56341,8.128024067004377,0.0168545209166666,94.744,0.5037978666175303,9852916.677792838,5.308936981164181,2.930870049636606,1990.6427221172023,20.06,337.72,320.0,320.0,515332,3.862835457757722,2020-01-01
Mauritania,75,1995,0.756076842458961,0.3341432097219606,0.435471039099641,3279931827.027982,45.2492021547015,0.190619513,38.705,0.345145752199931,230229995.727539,2.0157916636202,0.4322212281133976,7070.0,28.09,104.3,1030700.0,1030700.0,2313630,3.0558040827617208,1995-01-01
Mauritania,75,1996,0.752165259729361,-0.020427920883086,0.4301930726690599,3470785373.7600503,43.8773383626228,0.2011589774,38.582,0.344985347405111,272269989.013672,2.14671904381099,0.4467107758439041,7590.0,28.28,76.17,1030700.0,1030700.0,2372900,3.198617725146445,1996-01-01
Mauritania,75,1997,0.753972810582426,-0.1607103371384193,0.4249151062384787,3330402638.37319,43.8072234078007,0.2116984418,38.459,0.344889853314635,239070007.32421905,2.30313585978301,0.431465416814084,7880.0,28.43,87.96,1030700.0,1030700.0,2433567,3.2380452233285544,1997-01-01
Mauritania,75,1998,0.758749720612002,0.0065265959233113,0.4196371398078975,3422914722.197832,46.0089866649841,0.2222379062,38.337,0.344555264117497,165860000.61035198,2.52938409595503,0.3966001353247734,8160.0,28.69,92.82,1030700.0,1030700.0,2496217,3.268946569949648,1998-01-01
Mauritania,75,1999,0.765061017141577,0.7613311010038523,0.4143591733773164,3548644483.7960467,43.9259144827723,0.2327773706,38.214,0.346101595357808,222699996.948242,2.52533531310789,0.4333256297665819,8730.0,27.89,116.44,1030700.0,1030700.0,2561584,3.408047520596631,1999-01-01
Mauritania,75,2000,0.771372313671152,2.253187637437095,0.4090812069467352,3409607674.558946,44.4104995727539,0.243316835,38.091,0.347237556302054,223630004.882813,2.43731492323744,0.4258203790789885,9150.0,28.15,94.93,1030700.0,1030700.0,2630217,3.4788004183685226,2000-01-01
Mauritania,75,2001,0.769898381730004,4.392735227653991,0.4038032405161541,3382348072.058168,44.1800003051758,0.2434333398,38.616,0.356988479136407,282739990.234375,2.46068265209697,0.4366480967878612,9260.0,28.65,88.0,1030700.0,1030700.0,2702405,3.4265774375047413,2001-01-01
Mauritania,75,2002,0.765992420951829,3.789427798594258,0.3985252740855729,3429074668.212349,42.1338005065918,0.2435498446,39.48,0.366861855701512,363459991.455078,2.62359366814577,0.4571474646133666,9350.0,28.54,80.57,1030700.0,1030700.0,2778097,3.365613223728329,2002-01-01
Mauritania,75,2003,0.763261152948295,4.970775933683421,0.3932473076549917,3666650204.3333206,40.1651000976563,0.2436663494,40.351,0.356728410334171,260850006.103516,2.68367088326539,0.4549988625028437,9530.0,28.42,116.67,1030700.0,1030700.0,2857150,3.3354916612708467,2003-01-01
Mauritania,75,2004,0.754611175016248,17.104840240254244,0.3879693412244106,3840183882.4433455,38.5900993347168,0.2436663494,41.229,0.341503703483063,194770004.272461,2.78856878664858,0.4797148656492175,9560.0,28.42,100.71,1030700.0,1030700.0,2939246,3.252534833763489,2004-01-01
Mauritania,75,2005,0.767703786211734,27.65203617756668,0.3826913747938295,4169145064.7058034,38.7682991027832,0.2436663494,42.111,0.335158803876524,188800003.051758,2.69924682663428,0.4794659608927722,9710.0,28.67,106.56,1030700.0,1030700.0,3024198,3.210768607081944,2005-01-01
Mauritania,75,2006,0.761448728110438,3.94434467857252,0.3774134083632482,4933482716.001516,39.1207008361816,0.2436663494,42.998,0.307559025864538,216320007.32421905,2.47427336861188,0.4691655408835993,10090.0,28.45,86.45,1030700.0,1030700.0,3111908,3.2423837722709026,2006-01-01
Mauritania,75,2007,0.75429129826799,3.206769222903374,0.3721354419326671,4836321584.945953,35.6291999816895,0.2436663494,43.89,0.30898003531956,348850006.10351604,2.45762648603214,0.537078393461133,10340.0,28.45,94.42,1030700.0,1030700.0,3202512,3.228715458365184,2007-01-01
Mauritania,75,2008,0.733547178640156,6.583584404770202,0.366857475502086,4820309530.36144,35.7953987121582,0.2436663494,44.788,0.293074845228225,454790008.544922,2.34213891625335,0.5460772389849395,9740.0,28.39,112.43,1030700.0,1030700.0,3296237,2.954884615396284,2008-01-01
Mauritania,75,2009,0.73950527616047,-0.0651603378363456,0.3615795090715048,4825027450.346069,33.4255981445313,0.2436663494,45.686,0.304568935729044,375980010.986328,2.48938021666693,0.5864311040700086,10530.0,28.36,107.82,1030700.0,1030700.0,3393408,3.1030751386217044,2009-01-01
Mauritania,75,2010,0.739894357467764,2.318904271273708,0.3563015426409237,4951454243.97486,33.9987983703613,0.2437828542,46.588,0.28331904131776,373609985.35156304,2.53908787931254,0.5924102798923931,11100.0,29.02,132.58,1030700.0,1030700.0,3494200,3.176692805220079,2010-01-01
Mauritania,75,2011,0.742513146913145,8.703344739605297,0.3510235762103424,5158067698.935024,33.282600402832,0.2437828542,47.493,0.283223318769579,381720001.220703,2.42056738196635,0.608562220346208,11220.0,28.46,86.93,1030700.0,1030700.0,3598646,3.1178393206778328,2011-01-01
Mauritania,75,2012,0.731234847080801,20.601305404589155,0.3457456097797613,5388634005.031283,31.8425998687744,0.2437828542,48.4,0.296173264742998,409790008.544922,2.51569675133697,0.6475015209540935,11670.0,28.18,114.74,1030700.0,1030700.0,3706555,3.14847614563928,2012-01-01
Mauritania,75,2013,0.734641870265709,15.589019964842452,0.3404676433491801,5612306135.872043,34.1962013244629,0.2437828542,49.306,0.299614592301263,294739990.234375,2.45961440310181,0.5762938386068149,11670.0,28.63,109.28,1030700.0,1030700.0,3817497,3.056976862064332,2013-01-01
Mauritania,75,2014,0.730506500538706,7.62361704174834,0.335189676918599,5852222304.625058,31.6089992523193,0.2437828542,50.203,0.314431424256497,260709991.455078,2.38924662896665,0.6410755415943549,12150.0,28.33,92.85,1030700.0,1030700.0,3930894,3.0908999326870683,2014-01-01
Mauritania,75,2015,0.744718923749978,8.135857773092802,0.3299117104880179,6166857628.622117,28.5986003875732,0.243899359,51.089,0.316035296507388,329459991.455078,2.49062750086148,0.7290603968461095,12830.0,28.58,109.73,1030700.0,1030700.0,4046304,3.170794878486639,2015-01-01
Mauritania,75,2016,0.74851310716328,4.2373131913921664,0.3246337440574367,6244616105.322149,31.6481990814209,0.243899359,51.962,0.347636029344702,307290008.544922,2.49016812569752,0.6749077465959191,13250.0,28.65,96.06,1030700.0,1030700.0,4163532,3.182394178788586,2016-01-01
Mauritania,75,2017,0.733225909789287,8.651429179844817,0.319394586203551,6636187611.612874,25.1851005554199,0.243899359,52.824,0.353623533509449,291730010.986328,2.50550982660608,0.8873151757514509,13920.0,28.63,86.05,1030700.0,1030700.0,4282582,3.250375591173736,2017-01-01
Mauritania,75,2018,0.719084114879386,10.509182533299684,0.3140584069079267,6936590983.806185,25.1306991577148,0.243899359,53.672,0.358523875038887,448380004.882813,2.51663522644664,0.9084071262722242,14080.0,28.13,98.63,1030700.0,1030700.0,4403312,3.197593084478229,2018-01-01
Mauritania,75,2019,0.719084114879386,-11.198972341113814,0.3088192490540409,7336133809.76738,24.25598163610668,0.243899359,54.507,0.35885540026923,412179992.675781,2.5384110335260504,0.929110860974782,14384.782608695652,28.2,94.72,1030700.0,1030700.0,4525698,3.178467190850042,2019-01-01
Mauritania,75,2020,0.717542751230237,11.725470813414416,0.3034830697584166,7206774163.450074,23.402879169736416,0.2461193525833333,55.327,0.3594266356054508,419761242.54862446,2.555441120035401,0.9500847777196026,14680.207939508506,28.66,115.24,1030700.0,1030700.0,4649660,3.157264819257431,2020-01-01
Mauritius,76,1995,0.526387797693802,0.4626549623565646,20.44334975369458,4997715469.961023,38.8345145301275,0.201752168,43.284,0.439669835897083,23819999.6948242,2.53365966245727,1.3808992237564557,2770.0,23.22,1845.76,2030.0,2040.0,1122457,2.467800548261537,1995-01-01
Mauritius,76,1996,0.522950947203736,0.8290772344606996,20.485714285714288,5276980008.963186,35.5639263187439,0.2057171574,43.161,0.440655973232389,20329999.9237061,2.49255546200415,1.4197580943848127,2940.0,22.96,1211.95,2030.0,2040.0,1133996,2.5926017375722665,1996-01-01
Mauritius,76,1997,0.512913493800831,1.320109835057408,20.52807881773399,5577107056.709324,36.4410649703155,0.2096821468,43.038,0.449087061266714,42060001.373291,2.41299966691152,1.4108008123425912,3050.0,23.3,1664.89,2030.0,2040.0,1148284,2.65613733187957,1997-01-01
Mauritius,76,1998,0.512873492270752,0.2918794659904903,20.570443349753692,5915745659.929282,33.5273526493632,0.2136471362,42.916,0.458602506170513,40409999.8474121,2.68127048188366,1.5425436113272684,3330.0,23.58,2116.55,2030.0,2040.0,1160421,2.8696481707931865,1998-01-01
Mauritius,76,1999,0.509968857658763,1.1361989371938723,20.6128078817734,6070201775.257932,21.0451973055852,0.2176121256,42.793,0.460116262570479,41819999.6948242,2.58353912196841,1.8719150627049004,3860.0,23.21,1060.8,2030.0,2040.0,1175267,3.2843600645640523,1999-01-01
Mauritius,76,2000,0.503972825197311,5.696405197817529,20.655172413793103,6568127787.720363,20.4232006072998,0.221577115,42.67,0.461806757986311,20750000.0,2.47367198713852,2.047396814992,4300.0,23.12,1499.88,2030.0,2040.0,1186873,3.622965557393251,2000-01-01
Mauritius,76,2001,0.504316128918874,-0.5998652249502692,20.4807881773399,6787998539.346925,20.0778007507324,0.1995402376,42.559,0.47028621847776,21280000.6866455,2.41111595618969,2.1483139079501825,4400.0,23.6,1514.22,2030.0,2040.0,1196287,3.678047157580079,2001-01-01
Mauritius,76,2002,0.488348658114875,0.6624883450394448,20.3064039408867,6897619193.355327,17.934700012207,0.1775033602,42.447,0.474189630235068,23850000.3814697,2.71392184986091,2.166656566671177,4420.0,23.57,1837.14,2030.0,2040.0,1204621,3.669203840876093,2002-01-01
Mauritius,76,2003,0.483251427736958,1.0767658503794206,20.1320197044335,7306333858.672027,18.9015998840332,0.1554664828,42.335,0.472385180484109,-14520000.4577637,2.58382193539887,2.2664150259195464,4610.0,23.73,1925.5,2030.0,2040.0,1213370,3.799335734359676,2003-01-01
Mauritius,76,2004,0.480074282549025,0.2112032961779665,19.957635467980296,7622699566.669703,19.0846996307373,0.1554664828,42.223,0.468552991022678,32799999.2370605,2.87663496665653,2.268626694610906,4640.0,23.6,1817.88,2030.0,2040.0,1221003,3.8001544631749473,2004-01-01
Mauritius,76,2005,0.484399172491468,0.6438373009389965,19.783251231527093,7758196332.043494,17.6541004180908,0.1554664828,42.112,0.433443469493836,34400001.5258789,3.04382416942569,2.4099249829432674,4830.0,23.45,2225.47,2030.0,2040.0,1228254,3.932411374194588,2005-01-01
Mauritius,76,2006,0.494072589072568,1.5188653538078316,19.608866995073893,8135674834.496488,16.4099006652832,0.1554664828,42.0,0.458095953300978,19129999.1607666,3.12122309870307,2.674238814388377,5260.0,23.63,2012.05,2030.0,2040.0,1233996,4.262574595055414,2006-01-01
Mauritius,76,2007,0.495020400315041,4.181080394721267,19.43448275862069,8601606245.949776,15.6873998641968,0.1554664828,41.889,0.464500802672831,69209999.0844727,3.00251262782503,2.742753886240249,5400.0,23.64,1801.71,2030.0,2040.0,1239630,4.356138525205101,2007-01-01
Mauritius,76,2008,0.500693648689012,3.780888369959909,19.26009852216749,9064971553.77287,12.7306003570557,0.1554664828,41.777,0.486331292473883,108680000.305176,3.27996026846953,2.789117778736956,5510.0,23.58,1932.35,2030.0,2040.0,1244121,4.428829671711996,2008-01-01
Mauritius,76,2009,0.50234500862037,2.811755101404626,19.085714285714285,9365482339.86802,12.7834997177124,0.1554664828,41.666,0.491985044490851,156029998.779297,3.18934329988545,2.74163900310158,5500.0,24.07,1937.38,2030.0,2040.0,1247429,4.409068572239382,2009-01-01
Mauritius,76,2010,0.509971044059076,4.297840282914914,18.91133004926108,9775428535.055286,13.5733003616333,0.1334296054,41.555,0.507869040472804,124589996.337891,3.20631576928015,2.9270633397312857,5780.0,24.12,1959.47,2030.0,2040.0,1250400,4.622520793346129,2010-01-01
Mauritius,76,2011,0.472439277472194,3.762078591033761,18.902463054187194,10174025355.68152,12.0560998916626,0.1334296054,41.444,0.515384380207148,185690002.441406,3.27031210371768,2.906410391535,5830.0,24.07,1884.4,2030.0,2040.0,1252404,4.655047412815673,2011-01-01
Mauritius,76,2012,0.455607808468741,5.0478548040576765,18.893596059113303,10529721324.071491,11.5719003677368,0.1334296054,41.332,0.518947776287349,176679992.67578098,3.25714808252237,2.9700242538709847,5990.0,23.92,1447.75,2030.0,2040.0,1255882,4.769556375519356,2012-01-01
Mauritius,76,2013,0.468987889342618,2.418613425937895,18.88472906403941,10883562721.566504,11.4001998901367,0.1334296054,41.222,0.526655985215549,145740005.493164,3.28844869613503,3.0349905812006965,6120.0,23.89,1781.25,2030.0,2040.0,1258653,4.862340931138288,2013-01-01
Mauritius,76,2014,0.457465277341801,3.558121416398141,18.87586206896552,11291105974.962454,10.5929002761841,0.1334296054,41.111,0.538684713735127,44590000.1525879,3.4379886042842,3.132598534102499,6330.0,24.3,1554.52,2030.0,2040.0,1260934,5.020088283764257,2014-01-01
Mauritius,76,2015,0.469805859212803,1.8512647446227697,18.866995073891623,11692287066.381037,11.4865999221802,0.111392728,41.0,0.541940922648806,78419998.1689453,3.45808010774535,3.1363728165182305,6370.0,24.25,2117.28,2030.0,2040.0,1262605,5.045124959904324,2015-01-01
Mauritius,76,2016,0.456687065620141,3.0963871462429977,18.86206896551724,12141029169.71184,10.3325996398926,0.111392728,40.91,0.527462059011191,42340000.1525879,3.41297431657385,3.1975356814114746,6530.0,24.01,1458.99,2030.0,2040.0,1263473,5.168294059311121,2016-01-01
Mauritius,76,2017,0.455058600377718,3.620055575510644,19.039408866995075,12604106489.775238,9.42230033874512,0.111392728,40.841,0.525686216761997,14630000.1144409,3.18627430062519,3.305359030786493,6720.0,24.41,1689.48,2030.0,2040.0,1264613,5.313878633226134,2017-01-01
Mauritius,76,2018,0.485863602374755,3.2471651206522263,19.05911330049261,13077980211.176384,9.19890022277832,0.111392728,40.793,0.552592444682233,69180000.3051758,3.22000230315406,3.2640403128736755,6740.0,24.18,2488.37,2030.0,2040.0,1265303,5.326787338684884,2018-01-01
Mauritius,76,2019,0.485863602374755,3.356318661758842,19.078817733990142,13471938135.617249,7.910395252893574,0.111392728,40.766,0.554162708700374,22180000.3051758,3.249843287532181,3.345916012400511,6912.608695652174,24.53,1824.45,2030.0,2040.0,1265711,5.461443169611526,2019-01-01
Mauritius,76,2020,0.4841750942364614,2.252082327187655,19.098522167487683,11465335041.342442,6.708067815247907,0.1076277513333333,40.76,0.5589332450671778,22111666.997273784,3.282768845163835,3.4296620088359764,7085.330812854442,23.92,1349.0,2030.0,2040.0,1265740,5.597777436799376,2020-01-01
Mexico,83,1995,0.527283032155241,2.645648505887292,35.745003729519794,677457226352.7263,13.2618332258809,0.065493595,73.368,0.360692923632144,410559997.558594,2.51081298228984,3.343977725434032,440060.0,21.36,752.67,1943950.0,1964380.0,91663290,4.800831390625407,1995-01-01
Mexico,83,1996,0.528385917860276,2.235071888652607,35.63130224542812,723343156837.8453,13.0647238378458,0.060650573,73.67,0.361178303568913,305429992.675781,2.9303666012847,3.5007014983674467,466560.0,21.23,716.23,1943950.0,1964380.0,93147045,5.008854548203864,1996-01-01
Mexico,83,1997,0.531905198280926,2.563839791103497,35.51760076133645,772869394254.0701,12.6997773864092,0.055807551,73.929,0.36745135698725,113800003.051758,2.93128341623889,3.691219524899259,494350.0,20.95,725.74,1943950.0,1964380.0,94611008,5.225079094390369,1997-01-01
Mexico,83,1998,0.528204847198595,2.422927438691223,35.40389927724478,812779791419.35,12.2384533673184,0.050964529,74.186,0.374135753096845,30040000.915527303,2.98242031483674,3.884388108879424,521770.0,21.48,778.65,1943950.0,1964380.0,96056313,5.43191783761261,1998-01-01
Mexico,83,1999,0.524812272889842,2.3226057476823523,35.29019779315312,835160123888.6558,12.748461320411,0.046121507,74.441,0.380060973009635,45950000.76293951,3.93831363948538,3.6977037953897702,505250.0,21.05,784.97,1943950.0,1964380.0,97484823,5.18285805370955,1999-01-01
Mexico,83,2000,0.514350050928451,2.5967099426415654,35.17649630906144,876437526455.2683,12.1682996749878,0.041278485,74.722,0.386756476941431,-40459999.0844727,2.88943046874356,3.887569287899289,531670.0,21.23,719.82,1943950.0,1964380.0,98899845,5.375842601168889,2000-01-01
Mexico,83,2001,0.523318344464313,3.9724818333837946,35.102521155379506,872893299631.6522,11.3449001312256,0.0377667986,75.045,0.393956291436034,98940002.44140632,3.33588680301747,3.8162218582053233,529010.0,21.04,685.34,1943950.0,1964380.0,100298152,5.274374347395753,2001-01-01
Mexico,83,2002,0.524498171994456,3.115519580108707,35.02854600169758,872545499822.6404,10.6836996078491,0.0342551122,75.365,0.401038449010523,135550003.05175802,3.06651779384644,3.822991613571528,534200.0,21.22,725.36,1943950.0,1964380.0,101684764,5.253491073647965,2002-01-01
Mexico,83,2003,0.522328962906471,2.4986434392927794,34.954570848015635,885165846839.5101,10.1701002120972,0.0307434258,75.682,0.40021061409061,115639999.389648,2.76327242261187,3.948350530485632,556090.0,21.31,771.93,1943950.0,1964380.0,103081020,5.39468856633355,2003-01-01
Mexico,83,2004,0.482667410784827,3.185216163771237,34.8805956943337,919869577686.5072,10.2142000198364,0.0307434258,75.997,0.399309327431481,135929992.67578098,2.41229776376188,3.9629743247984064,563270.0,21.03,835.85,1943950.0,1964380.0,104514934,5.389373350223806,2004-01-01
Mexico,83,2005,0.496566557288313,2.96511280795953,34.806620540651764,941098392797.5804,10.3066997528076,0.0307434258,76.308,0.411072492239862,200000000.0,2.89720879887493,4.078950882399645,586270.0,21.33,721.65,1943950.0,1964380.0,106005199,5.530577797415389,2005-01-01
Mexico,83,2006,0.494197034424936,2.270004294709599,34.73264538696983,983401498615.0286,9.82489967346191,0.0307434258,76.616,0.489337946616567,245899993.896484,3.04344600274417,4.181009222234758,609010.0,21.49,812.37,1943950.0,1964380.0,107560155,5.662040929561695,2006-01-01
Mexico,83,2007,0.488959895463759,2.9553137087795256,34.65867023328789,1005935610109.3853,9.45740032196045,0.0307434258,76.92,0.491466420803578,112459999.084473,3.09782064952676,4.235667944114905,630890.0,21.13,778.08,1943950.0,1964380.0,109170503,5.778941954677996,2007-01-01
Mexico,83,2008,0.483299190060422,2.6831627388079986,34.58469507960596,1017439334703.692,9.77029991149902,0.0307434258,77.222,0.490600469654024,148300003.05175802,3.13701751194877,4.308160701893147,660920.0,21.12,794.8,1943950.0,1964380.0,110815272,5.964159885832343,2008-01-01
Mexico,83,2009,0.477494342799622,2.183949471303697,34.51071992592402,963660094723.9166,9.16919994354248,0.0307434258,77.52,0.494137025843499,186679992.67578095,2.89916601352775,4.105851366366622,645320.0,21.6,680.74,1943950.0,1964380.0,112463886,5.738019758627227,2009-01-01
Mexico,83,2010,0.469820109525945,2.8860567062497413,34.436744772242086,1012981356870.8718,9.36069965362549,0.0272317394,77.815,0.518659269921809,454730010.986328,3.24747730428694,4.110157155093906,650160.0,20.82,823.53,1943950.0,1964380.0,114092961,5.698511058889952,2010-01-01
Mexico,83,2011,0.469756135393898,2.0197801717575943,34.37373903649785,1050086944297.418,9.06700038909912,0.0272317394,78.111,0.521228598555626,967020019.53125,2.79520475051998,4.157120484615699,664660.0,21.63,692.92,1943950.0,1964380.0,115695468,5.7449095586008605,2011-01-01
Mexico,83,2012,0.467000794019825,1.516217462211323,34.31073330075362,1088334499223.1228,8.96549987792969,0.0272317394,78.405,0.528419997487303,407929992.675781,2.94754722702188,4.099027581149252,659240.0,21.71,707.03,1943950.0,1964380.0,117274156,5.621357871891229,2012-01-01
Mexico,83,2013,0.462860802090165,3.9874113805012814,34.247727565009384,1103071549191.517,9.23209953308105,0.0272317394,78.699,0.533669285080267,562390014.648438,2.71168088815059,3.954146576492219,652690.0,21.21,925.2,1943950.0,1964380.0,118827158,5.492767907484583,2013-01-01
Mexico,83,2014,0.464950428172537,2.1786796751276323,34.18472182926516,1134506587182.8638,9.75899982452393,0.0272317394,78.993,0.379073954639878,814890014.648438,2.49616473866053,3.808063464711107,645940.0,21.43,861.26,1943950.0,1964380.0,120355137,5.366949979044102,2014-01-01
Mexico,83,2015,0.462154875561403,3.056529610378691,34.121716093520924,1171867608197.7246,9.19330024719238,0.023720053,79.285,0.37794859020619,321070007.324219,2.46306148414955,3.8781945097833375,670100.0,21.59,755.19,1943950.0,1964380.0,121858251,5.499012126802969,2015-01-01
Mexico,83,2016,0.461894896070572,3.605424024250983,34.05599423853494,1202693965604.1748,9.22010040283203,0.023720053,79.577,0.376903019459635,809340026.855469,2.47135268043513,3.885809372011124,682910.0,21.81,794.14,1943950.0,1964375.0,123333379,5.537106057882352,2016-01-01
Mexico,83,2017,0.459987063229218,2.862210877816747,33.99026723938373,1228108442202.2202,9.53759956359863,0.023720053,79.867,0.376976232973493,754609985.351563,2.43557748887972,3.781215827625606,678120.0,22.09,790.88,1943950.0,1964375.0,124777326,5.434641226403586,2017-01-01
Mexico,83,2018,0.477574645623045,3.084180830041708,33.92454024023252,1255065357728.626,9.62530040740967,0.023720053,80.156,0.378601482846375,549299987.792969,2.38246197307718,3.741477725369829,679880.0,21.71,777.72,1943950.0,1964375.0,126190782,5.387715245317998,2018-01-01
Mexico,83,2019,0.477574645623045,2.3209676088361406,33.858818385246536,1252848919131.0215,9.467190284867442,0.023720053,80.444,0.372623122595162,535789978.027344,2.37688149441576,3.75876033406269,690306.9565217391,21.93,715.16,1943950.0,1964374.782608696,127575529,5.410966836137823,2019-01-01
Mexico,83,2020,0.4755034628508702,2.8911959600802057,33.79309138609533,1148749268216.8308,9.310775782564034,0.02197948875,80.731,0.373120214218621,541007893.8802086,2.352816924551893,3.769980283440744,700035.0850661626,22.13,687.48,1943950.0,1964374.5557655955,128932753,5.429458913873983,2020-01-01
Moldova,78,1995,0.499291869010214,3.816929047033705,10.170057698147586,4435089561.780933,2.84261829350711,0.494603891,46.294,0.408689441315232,44597769.72936201,1.94380584136279,4.1120384838026665,18590.0,9.95,596.85,32930.0,33850.0,2952307,6.296770627173935,1995-01-01
Moldova,78,1996,0.499544496898432,1.4004890246464214,10.227755845733377,4174436678.081916,3.66039416573097,0.494603891,46.2,0.408785962661467,52680909.93707827,1.76728706051793,3.529729999412843,16830.0,9.43,579.97,32930.0,33850.0,2946401,5.712053450972899,1996-01-01
Moldova,78,1997,0.504780227215734,4.0796211719781645,10.28857837181045,4243192342.811272,3.8520726300006,0.494603891,45.797,0.412990294636065,65290000.9155273,1.88065979290225,3.2634718707801404,15130.0,9.17,640.74,32920.0,33840.0,2935524,5.154105365856317,1997-01-01
Moldova,78,1998,0.504574896481057,4.445118143131969,10.349437860832571,3965594551.835385,4.07533434469118,0.443269367,45.394,0.409759433114699,39779998.779296905,1.67445307106403,2.9478529917640737,13670.0,9.98,545.96,32910.0,33840.0,2934339,4.658630103747385,1998-01-01
Moldova,78,1999,0.505038991432122,3.2345875690679926,10.41033434650456,3832023233.733901,4.87436842868399,0.443269367,44.992,0.398080212520452,107260002.13623,1.39699484836612,2.508759324648816,12300.0,10.96,502.36,32900.0,33840.0,2929735,4.198331931044958,1999-01-01
Moldova,78,2000,0.533933765248427,9.898873839090944,10.474452554744524,3912791402.376935,5.7221999168396,0.443269367,44.589,0.38621658336656,122650001.525879,1.37198239019848,2.2949719592733118,11460.0,11.0,447.89,32880.0,33840.0,2923783,3.919579531039069,2000-01-01
Moldova,78,2001,0.530623067302091,6.986009638805406,10.565997566909974,4151471694.076381,5.59709978103638,0.443269367,44.189,0.411462011536399,119239997.86377,1.62734191180276,2.406374217928379,11680.0,10.38,568.1,32880.0,33840.0,2917252,4.0037679295446535,2001-01-01
Moldova,78,2002,0.531502129685797,5.057713388690424,10.657542579075423,4475286471.331301,5.82779979705811,0.391934843,43.789,0.386023360690798,142979995.727539,1.61642222439212,2.466926690360157,11820.0,10.88,529.58,32880.0,33840.0,2910504,4.061152295272572,2002-01-01
Moldova,78,2003,0.530871299288425,3.723041203519316,10.75235777304533,4770655380.129401,5.9210000038147,0.340600319,43.389,0.401749062288586,119059997.558594,1.70195732237941,2.6771686099396343,12430.0,9.75,434.01,32870.0,33840.0,2902320,4.282780672014113,2003-01-01
Moldova,78,2004,0.531890411920882,5.811989832042958,10.840632603406329,5123683863.465686,4.85010004043579,0.340600319,42.99,0.402565567029318,119900001.525879,1.82735484002114,2.687255603946881,12410.0,10.32,578.03,32880.0,33850.0,2895147,4.286483553339433,2004-01-01
Moldova,78,2005,0.524972199139888,6.381450440879635,10.928853754940713,5507960160.330581,4.26690006256104,0.340600319,42.775,0.42301639125642,169710006.71386698,1.91097608600084,2.832301113080488,12700.0,10.26,580.51,32890.0,33850.0,2888111,4.397337913951368,2005-01-01
Moldova,78,2006,0.520738439140569,7.589830960361085,11.02037093341441,5772342239.769728,4.98059988021851,0.340600319,42.744,0.389291800038693,224820007.32421905,1.79861796139414,2.770741937331928,12360.0,10.01,507.0,32890.0,33850.0,2880095,4.291525105942686,2006-01-01
Moldova,78,2007,0.515215080017635,12.17898034437582,11.111888111888112,5945512520.79881,4.43610000610352,0.340600319,42.713,0.405601194082075,270299987.792969,1.58708812385775,2.8328523168660165,12580.0,11.67,472.31,32890.0,33850.0,2873429,4.378044489702025,2007-01-01
Moldova,78,2008,0.510736272288698,12.000462668065223,11.203405290361813,6409262506.021868,4.92500019073486,0.340600319,42.682,0.400870882150847,298170013.427734,2.12409043149581,2.8417372045116323,12450.0,11.2,503.15,32890.0,33850.0,2867964,4.341058674376666,2008-01-01
Moldova,78,2009,0.505682630534229,4.852721456000775,11.294922468835512,6024706737.112849,4.84390020370483,0.340600319,42.651,0.376964096892054,245779998.779297,1.5528454865544,2.6672755316571397,11770.0,11.23,458.48,32890.0,33850.0,2864346,4.109140446021535,2009-01-01
Moldova,78,2010,0.497816887457357,4.258805574387696,11.400304414003044,6452460920.496129,19.7653999328613,0.289265795,42.62,0.388067229480074,473010009.765625,1.7565282934185,2.9005897982412643,12530.0,10.67,666.8,32850.0,33850.0,2861487,4.378842189393137,2010-01-01
Moldova,78,2011,0.487531933528212,4.431471566660032,11.47275494672755,6827875834.038191,20.0156002044678,0.289265795,42.589,0.39356357105058,461690002.441406,1.72182383118764,2.919750908532072,12690.0,10.38,404.91,32850.0,33850.0,2859833,4.437322039433771,2011-01-01
Moldova,78,2012,0.477662765103295,2.884317759627723,11.54169202678028,6787609520.169436,21.6250991821289,0.289265795,42.558,0.394283232247422,475489990.234375,1.63818159210573,2.846693324399239,12450.0,10.99,535.42,32860.0,33850.0,2859458,4.353971976507436,2012-01-01
Moldova,78,2013,0.474044187479994,2.54699411009713,11.60705596107056,7401471794.646274,23.8173007965088,0.289265795,42.527,0.39732263304537,348690002.441406,1.7464593368062,2.5116381897735045,11590.0,11.07,545.6,32880.0,33850.0,2858692,4.054301757587036,2013-01-01
Moldova,78,2014,0.469494298874309,3.637140102735033,11.679440389294404,7771517678.36914,24.3090000152588,0.289265795,42.496,0.403159464505809,517799987.792969,1.74745515617018,2.6986821610458707,12220.0,11.09,575.97,32880.0,33850.0,2856950,4.277288716988397,2014-01-01
Moldova,78,2015,0.473885481405987,2.916245890445743,11.751824817518248,7745231660.334246,24.722900390625,0.237931271,42.49,0.39495491983692,312579986.57226604,1.50469803701313,2.8293932327405247,12470.0,11.7,455.8,32880.0,33850.0,2834530,4.399318405520492,2015-01-01
Moldova,78,2016,0.471038282268191,1.0833204584629537,11.754866180048662,8086710150.732894,25.2954998016357,0.237931271,42.511,0.409900520205594,262049987.792969,1.68157655469123,2.904891566179068,12670.0,11.24,554.72,32880.0,33850.0,2802170,4.521495840723439,2016-01-01
Moldova,78,2017,0.472161071149927,1.5462638183430324,11.751292186074796,8466041015.967072,26.0611000061035,0.237931271,42.557,0.419172289358378,243210006.71386695,1.78929934615126,2.9617176220020776,12700.0,11.16,539.87,32890.0,33850.0,2755158,4.609536004831665,2017-01-01
Moldova,78,2018,0.476041502385358,2.5610278058658515,11.752971692519148,8830205885.88111,25.7460994720459,0.237931271,42.629,0.42245360175086,230509994.506836,1.86865876059607,3.171832063492767,13180.0,11.28,529.97,32885.3,33850.0,2708214,4.866675971692045,2018-01-01
Moldova,78,2019,0.476041502385358,4.23341768043212,11.752971692519148,9155458065.711754,26.741903001547584,0.237931271,42.726,0.427393973271302,342690002.441406,1.8653914962149083,3.130953523479293,12944.782608695652,12.16,392.64,32885.3,33850.0,2664974,4.857376698120001,2019-01-01
Moldova,78,2020,0.4750727371093223,1.321131094778683,11.752971692519148,8517409875.672666,27.745446863974397,0.2272365785,42.849,0.4281733287694716,355110512.1377412,1.869656906462603,3.1136154158300084,12775.86011342155,12.23,455.62,32885.3,33850.0,2620495,4.875361377686868,2020-01-01
Mongolia,79,1995,0.702011238791367,0.674854439037465,9.20978269265429,3335782003.005782,3.0093382188638,1.178548855,56.805,0.402473282598317,153179992.67578098,5.26993901925594,4.473422085215209,28180.0,0.93,212.94,1553560.0,1564120.0,2298017,12.262746533206672,1995-01-01
Mongolia,79,1996,0.697260460700458,1.181524108596708,9.204111846340018,3410339861.1906643,3.44084908317534,1.0508145614,56.76,0.401377593371154,165179992.67578098,5.38517244356497,3.751234043765548,27420.0,-0.1,214.55,1553560.0,1564120.0,2316571,11.83646000921189,1996-01-01
Mongolia,79,1997,0.696611643623593,2.1169680698484488,9.198441000025744,3543231037.8048573,3.39439771488489,0.9230802678,56.714,0.412432300850602,183550003.051758,5.35776306540493,3.647660017536168,28250.0,0.97,218.33,1553560.0,1564120.0,2335744,12.094647358614642,1997-01-01
Mongolia,79,1998,0.696695100469704,1.6808363109710025,9.192770153711477,3661572708.0542326,3.73913692162096,0.7953459742,56.669,0.405852581402643,171789993.28613302,5.75433971091162,3.629545262551965,28650.0,1.66,267.18,1553560.0,1564120.0,2355667,12.1621604411829,1998-01-01
Mongolia,79,1999,0.696020877805825,2.874953005429257,9.187099307397204,3773996501.7753153,3.59397600931593,0.6676116806,56.623,0.404804240766955,176559997.55859402,5.73834533280827,3.623389674728183,29310.0,1.18,214.01,1553560.0,1564120.0,2376228,12.33467495543357,1999-01-01
Mongolia,79,2000,0.695995347215879,4.723122797653184,9.181428461082932,3817248846.727768,5.72930002212524,0.539877387,57.133,0.402843704569491,185570007.32421905,6.08046136739339,3.7540402858576543,30050.0,0.27,209.47,1553560.0,1564120.0,2397417,12.53432339889139,2000-01-01
Mongolia,79,2001,0.675850533602703,4.9684623527528045,9.176278997914467,3929961155.904621,6.08949995040894,0.4960331116,58.222,0.409744552024683,183300003.051758,5.26143866365003,3.707233527608351,27510.0,0.85,195.89,1553560.0,1564120.0,2419594,11.369676069621596,2001-01-01
Mongolia,79,2002,0.658831712882285,5.567339626194269,9.171129534746004,4115965371.1107054,6.51420021057129,0.4521888362,59.304,0.419729075710555,183559997.558594,4.43322170000778,3.929174983761457,25630.0,1.27,182.85,1553560.0,1564120.0,2443261,10.490078628521472,2002-01-01
Mongolia,79,2003,0.64939995203003,8.245484738197765,9.165980071577538,4404273704.5703335,6.09429979324341,0.4083445608,60.378,0.415834068798083,213570007.32421905,4.20966397210056,3.7711163273944655,25410.0,0.24,253.75,1553560.0,1564120.0,2468765,10.29259569055783,2003-01-01
Mongolia,79,2004,0.643994456114561,4.664502195526925,9.160830608409071,4872245665.266816,5.75820016860962,0.4083445608,61.443,0.405078544239673,219490005.493164,4.24387538431881,3.82952370499208,25180.0,1.28,171.31,1553560.0,1564120.0,2496394,10.086548838043994,2004-01-01
Mongolia,79,2005,0.641468702281037,7.434995704132026,9.155681145240608,5225662065.264375,5.33690023422241,0.4083445608,62.494,0.402429571810226,195199996.948242,4.76784741675583,4.3777204900672055,27880.0,-0.11,191.23,1553560.0,1564120.0,2526429,11.03533881221281,2005-01-01
Mongolia,79,2006,0.648603361913649,7.189689659310542,9.150531682072144,5672781981.915578,4.48489999771118,0.4083445608,63.535,0.384256181472332,182399993.896484,5.22960194582825,4.853735304945104,30790.0,1.08,186.31,1553560.0,1564120.0,2558854,12.032730276913025,2006-01-01
Mongolia,79,2007,0.646770498800901,8.801887026025874,9.14538221890368,6254129607.435115,4.6956000328064,0.4083445608,64.564,0.38356301649868,212089996.33789095,5.58468529391689,5.019625502010742,33490.0,2.39,188.28,1553560.0,1564120.0,2593819,12.911463752867876,2007-01-01
Mongolia,79,2008,0.646507480182295,15.02161542526145,9.140232755735214,6810770154.341104,4.66139984130859,0.4083445608,65.581,0.381360142623129,230630004.882813,5.91876561691223,4.928000656560149,33740.0,1.29,212.4,1553560.0,1564120.0,2631899,12.819640875276749,2008-01-01
Mongolia,79,2009,0.646501542758158,13.604484618785072,9.13508329256675,6724368796.321966,4.43160009384155,0.4083445608,66.58,0.386024645290574,306760009.765625,6.01718118086062,5.101365325825401,34720.0,0.69,194.16,1553560.0,1564120.0,2673794,12.985293556646472,2009-01-01
Mongolia,79,2010,0.644754771842544,23.52633712655888,9.129933829398285,7152385742.493968,4.45970010757446,0.3645002854,67.567,0.379256865949259,286660003.66210896,5.0520623771977,5.261218970389375,32050.0,-0.42,215.56,1553560.0,1564120.0,2719902,11.783512788328403,2010-01-01
Mongolia,79,2011,0.644783278159776,43.91211161643975,9.129216766652076,8389088853.156093,4.03520011901855,0.3645002854,67.963,0.381695039818253,337450012.207031,5.56917448003046,5.677968579500765,35710.0,0.04,207.35,1553560.0,1564120.0,2770357,12.89003547196264,2011-01-01
Mongolia,79,2012,0.626843042616783,34.75598261057222,9.128499703905868,9422609486.794151,2.9679000377655,0.3645002854,68.03,0.386114500316231,446529998.779297,6.25293361400043,6.067905312355515,39140.0,-0.62,257.23,1553560.0,1564120.0,2824698,13.856348537082548,2012-01-01
Mongolia,79,2013,0.624885399834543,16.37007552472526,9.12778264115966,10520241368.811049,3.00550007820129,0.3645002854,68.097,0.403480949873194,430519989.013672,6.85093004698328,6.377995844933501,41590.0,1.0,262.68,1553560.0,1564120.0,2881783,14.432037387964328,2013-01-01
Mongolia,79,2014,0.615577316849763,2.7625883234984787,9.12706557841345,11349786121.941875,3.33940005302429,0.3645002854,68.163,0.431540555432956,316910003.66210896,7.0383223627864,6.163032620196993,44130.0,1.3,213.69,1553560.0,1564120.0,2940111,15.009637391241352,2014-01-01
Mongolia,79,2015,0.618783870750736,0.8117094742288833,9.10469149761818,11619892396.076715,3.55060005187988,0.32065601,68.23,0.427092615637223,236339996.33789095,6.75915163215477,5.769680363042963,45710.0,1.69,188.36,1557255.4,1564120.0,2998433,15.24462944477999,2015-01-01
Mongolia,79,2016,0.62271327834407,-37.172653858750174,9.103978705098728,11793003750.172815,3.39429998397827,0.32065601,68.297,0.453490429284624,325670013.427734,6.94539530672847,5.944984193605592,48090.0,0.78,260.72,1557255.4,1564120.0,3056358,15.734413311529606,2016-01-01
Mongolia,79,2017,0.642931318519828,13.016028054884169,9.103265912579277,12457760794.194128,3.60109996795654,0.32065601,68.363,0.457871151005862,765590026.855469,6.96757280044318,6.2528341685432665,50880.0,1.89,178.52,1557255.4,1564116.0,3113788,16.340226116871154,2017-01-01
Mongolia,79,2018,0.637450939000156,14.808880007825302,9.10255545816196,13422599495.65276,3.35829997062683,0.32065601,68.445,0.46132559589962,333519989.013672,7.27571556657582,6.725098053317537,52620.0,1.18,263.32,1557255.0,1564116.0,3170214,16.598248572493844,2018-01-01
Mongolia,79,2019,0.637450939000156,17.19893953297243,9.101842665459415,14174566299.89851,3.3734722207034835,0.32065601,68.543,0.463122836937061,314529998.779297,7.362923242546249,6.822997008452421,53682.608695652176,1.32,219.99,1557255.0,1564115.8260869563,3225166,16.644913376753998,2019-01-01
Mongolia,79,2020,0.6347609265088556,12.913079833452343,9.10112987275687,13528524724.647274,3.3705427919003594,0.2849104747916666,68.657,0.4656499017011754,321252915.70027685,7.448912407719348,6.956551919960546,54824.46124763705,1.31,257.82,1557255.0,1564115.6446124765,3278292,16.72348321858976,2020-01-01
Montenegro,84,1995,0.498607835278511,25.46675154108826,46.54275092936803,2734784269.897173,0.0,0.0872513009,53.365,0.433146685336915,8140000.34332275,3.29584478993068,0.0,2530.0,8.3,1357.79,13450.0,13810.0,611712,4.135933249633815,1995-01-01
Montenegro,84,1996,0.498607835278511,25.46675154108826,46.54275092936803,2734784269.897173,0.0,0.0872513009,54.412,0.433146685336915,8140000.34332275,3.29584478993068,0.0,2560.0,7.96,1441.8,13450.0,13810.0,611003,4.189832128483821,1996-01-01
Montenegro,84,1997,0.498607835278511,25.46675154108826,46.54275092936803,2734784269.897173,0.0,0.0872513009,55.451,0.433146685336915,8140000.34332275,3.29584478993068,0.0,2580.0,8.26,1030.97,13450.0,13810.0,609520,4.23283895524347,1997-01-01
Montenegro,84,1998,0.498607835278511,25.46675154108826,46.54275092936803,2868788882.716464,0.0,0.0872513009,56.488,0.433146685336915,8140000.34332275,3.29584478993068,0.0,2590.0,8.79,1214.25,13450.0,13810.0,607662,4.262237888826354,1998-01-01
Montenegro,84,1999,0.498607835278511,25.46675154108826,46.54275092936803,2599122687.387329,0.0,0.0872513009,57.518,0.435637129075058,8140000.34332275,3.29584478993068,0.0,2560.0,8.95,1373.78,13450.0,13810.0,606001,4.224415471261598,1999-01-01
Montenegro,84,2000,0.49840603758455,25.46675154108826,46.54275092936803,2679695495.471018,0.0,0.0872513009,58.544,0.438127572813201,8140000.34332275,3.29584478993068,0.0,2500.0,9.7,980.87,13450.0,13810.0,604950,4.132572939912389,2000-01-01
Montenegro,84,2001,0.499099866232418,25.46675154108826,46.54275092936803,2709167931.2606115,0.0,0.0872513009,59.559,0.438024636676669,8140000.34332275,3.29584478993068,0.0,2520.0,9.02,1182.0,13450.0,13810.0,607389,4.148906219901908,2001-01-01
Montenegro,84,2002,0.498642439284699,25.46675154108826,46.54275092936803,2760748698.46685,0.0,0.0872513009,60.568,0.437201055502236,8140000.34332275,3.29584478993068,0.0,2520.0,9.5,1244.14,13450.0,13810.0,609828,4.13231271768433,2002-01-01
Montenegro,84,2003,0.498631712104895,25.46675154108826,46.54275092936803,2829288684.455005,0.0,0.0872513009,61.568,0.425302455603853,8140000.34332275,3.29584478993068,0.0,2530.0,8.98,988.75,13450.0,13810.0,612267,4.132184161485104,2003-01-01
Montenegro,84,2004,0.497728285730618,25.46675154108826,46.54275092936803,2954514499.9651604,0.0,0.0872513009,62.127,0.424863380364595,20129999.1607666,3.29584478993068,0.0,2380.0,8.71,1420.91,13450.0,13810.0,613353,3.880310359613469,2004-01-01
Montenegro,84,2005,0.455712087130083,25.46675154108826,46.54275092936803,3078030978.272704,47.6142997741699,0.0872513009,62.465,0.451163774432293,3859999.89509583,3.29584478993068,3.272224673225225,4160.0,8.17,1411.14,13450.0,13810.0,614261,6.772365492844247,2005-01-01
Montenegro,84,2006,0.454061522688824,25.46675154108826,55.50929368029741,3341708024.464762,44.831600189209,0.0872513009,62.803,0.518592685729667,95589996.3378906,3.29584478993068,3.5445713588878505,4220.0,8.78,1122.88,13450.0,13810.0,615025,6.861509694727856,2006-01-01
Montenegro,84,2007,0.44932305225898,25.46675154108826,57.00371747211896,3569283357.679004,42.2673988342285,0.0872513009,63.139,0.399067486222055,105650001.525879,3.74620883514376,3.409782829307896,4020.0,9.61,1192.17,13450.0,13810.0,615875,6.527298558960828,2007-01-01
Montenegro,84,2008,0.446289206357671,21.45494086461095,58.49814126394052,3827083863.91606,38.7592010498047,0.0872513009,63.475,0.421409698138215,104470001.220703,4.6022869786982,4.360024571736991,4490.0,9.71,1193.92,13450.0,13810.0,616969,7.277513132750592,2008-01-01
Montenegro,84,2009,0.443669498614779,37.27248349259904,59.99256505576208,3605300641.930839,49.1646003723145,0.0872513009,63.808,0.433187239816519,76489997.8637695,3.30595093315944,2.8303687242638613,3430.0,9.54,1415.86,13450.0,13810.0,618294,5.5475226995571685,2009-01-01
Montenegro,84,2010,0.439846889452244,18.301914275474857,61.486988847583646,3703881497.994896,49.094898223877,0.0872513009,64.14,0.429874166258344,80069999.6948242,3.83415101640941,4.165132993665123,4180.0,8.99,1627.49,13450.0,13810.0,619428,6.7481612067907815,2010-01-01
Montenegro,84,2011,0.439892782190297,12.249090711061616,61.486988847583646,3823459498.0191193,42.7743988037109,0.0872513009,64.472,0.429954226351129,126629997.253418,3.70475876732894,4.096252251729215,4030.0,9.26,873.46,13450.0,13810.0,620079,6.499171879712101,2011-01-01
Montenegro,84,2012,0.439778644136928,15.121525441315017,61.486988847583646,3719316461.0674434,45.8609008789063,0.0872513009,64.804,0.453922313556258,103089996.337891,3.66430968076775,3.754425145947234,3790.0,9.66,1108.15,13450.0,13810.0,620601,6.1069833919055885,2012-01-01
Montenegro,84,2013,0.384206459019916,10.00069326486049,61.486988847583646,3851314255.1511946,49.3415985107422,0.0872513009,65.137,0.451186150531916,117180000.305176,3.39472355238866,3.654176466137697,3660.0,9.65,1381.88,13450.0,13810.0,621207,5.891755888133907,2013-01-01
Montenegro,84,2014,0.378548461559649,10.832633178448075,61.486988847583646,3920010092.8727584,45.9491004943848,0.0872513009,65.471,0.466085901071753,100419998.168945,3.6038732803944,3.5702224152072177,3560.0,9.92,1553.36,13450.0,13810.0,621810,5.725221530692656,2014-01-01
Montenegro,84,2015,0.388248340045398,17.26796574974889,61.486988847583646,4052913385.826772,42.9570007324219,0.0872513009,65.806,0.470717249031629,99959999.0844727,3.70167677424892,3.7932425633961735,3650.0,9.92,1123.95,13450.0,13810.0,622159,5.866667523896624,2015-01-01
Montenegro,84,2016,0.390201656034328,5.182801906880954,61.486988847583646,4172445162.741127,43.9141998291016,0.0872513009,66.141,0.461147920780714,85730003.3569336,3.64646223592333,3.390631251978537,3400.0,9.66,1350.29,13450.0,13810.0,622303,5.463576424989113,2016-01-01
Montenegro,84,2017,0.383287666811947,11.573016082911074,61.486988847583646,4369237089.990285,37.7830009460449,0.0872513009,66.477,0.459870385834452,117989997.86377,4.14498874270808,3.5830603191333816,3520.0,9.69,1064.03,13450.0,13810.0,622373,5.655772342309194,2017-01-01
Montenegro,84,2018,0.376765810049009,8.823372496413546,61.486988847583646,4591102091.323736,40.6072006225586,0.0872513009,66.813,0.468944605807781,156210006.71386698,4.22877102992449,4.049968902024502,3800.0,10.36,1128.57,13450.0,13810.0,622227,6.1070959633702815,2018-01-01
Montenegro,84,2019,0.376765810049009,7.534086186397215,61.486988847583646,4777636043.805721,40.6072006225586,0.0872513009,67.15,0.477569786059168,96940002.44140632,4.22877102992449,4.22605450646035,3855.217391304348,10.41,1386.58,13450.0,13810.0,622028,6.197819698316391,2019-01-01
Montenegro,84,2020,0.3716890589977797,11.055689994694434,61.486988847583646,4046328370.4822993,40.6072006225586,0.0872513009,67.488,0.4794207485892618,100979169.20979825,4.22877102992449,4.409796006741234,3911.531190926276,9.94,1123.39,13450.0,13810.0,621306,6.295659773004407,2020-01-01
Morocco,80,1995,0.591399185428906,0.8577141285870795,12.314396146090074,42002899315.67674,17.164203292762,0.077911493,51.692,0.35383780355222,500559997.558594,1.15500452409995,1.081711645681646,45620.0,18.34,264.13,446300.0,446550.0,26994255,1.6899892217807084,1995-01-01
Morocco,80,1996,0.587940228522834,0.8280393258589597,12.319157517365,47199866080.34152,17.8495875753515,0.083406493,52.022,0.353947747986763,649590026.855469,1.4389890665734,1.055015959992217,46300.0,17.64,522.42,446300.0,446550.0,27383472,1.6908009327670357,1996-01-01
Morocco,80,1997,0.583341127311712,2.757090064848135,12.323918888639929,46463216658.36632,17.5216152989602,0.088901493,52.35,0.36061554269018,471559997.558594,1.1545070038634,1.0927928885809195,48260.0,18.24,340.96,446300.0,446550.0,27754573,1.7388125553219644,1997-01-01
Morocco,80,1998,0.58515268775315,0.738435976797525,12.328680259914854,49826481077.49018,16.8774043608846,0.094396493,52.678,0.36569392370176,531210021.972656,1.34210102622072,1.1045715495025747,49180.0,18.0,227.92,446300.0,446550.0,28110447,1.749527497730648,1998-01-01
Morocco,80,1999,0.582361777769608,1.986389024531153,12.333441631189784,50365271041.74934,15.408130469289,0.099891493,53.007,0.360363828036369,681940002.441406,1.24473523577428,1.1456483076173944,51360.0,17.7,282.93,446300.0,446550.0,28455504,1.804923223289245,1999-01-01
Morocco,80,2000,0.584043207046823,1.0977443570787542,12.338203002464711,51328694703.13189,15.2615003585815,0.105386493,53.335,0.355752177049333,447380004.882813,1.22156564701717,1.1561568111215548,52470.0,17.94,235.11,446300.0,446550.0,28793672,1.8222753943991583,2000-01-01
Morocco,80,2001,0.584792328674829,7.158102454154466,12.375852565538874,55085938450.0705,15.1191997528076,0.0993148406,53.662,0.352496071148955,493850006.103516,1.35800178674738,1.2675819052065034,56360.0,18.43,228.71,446300.0,446550.0,29126323,1.935019398088801,2001-01-01
Morocco,80,2002,0.582677535239645,1.137290891574078,12.41350212861304,56805418286.32757,14.9385995864868,0.0932431882,53.99,0.348895789056395,364390014.6484381,1.37412470460212,1.2992804390053696,58160.0,18.12,339.36,446300.0,446550.0,29454765,1.9745531835001908,2002-01-01
Morocco,80,2003,0.581114647538961,4.442277215893268,12.451151691687205,60191681383.07822,15.7058000564575,0.0871715358,54.317,0.343358235573151,584390014.648438,1.44473069523401,1.2829516443068445,58430.0,18.21,343.35,446300.0,446550.0,29782884,1.961865076599029,2003-01-01
Morocco,80,2004,0.571411531743658,1.4982140186499135,12.488801254761372,63079087391.51927,23.0006999969482,0.0871715358,54.644,0.350442738620382,780599975.585938,1.51605077578131,1.4002897407674186,62980.0,17.93,283.26,446300.0,446550.0,30115196,2.0913030086206312,2004-01-01
Morocco,80,2005,0.56292690956269,2.6797059524757474,12.526450817835538,65155423664.615486,20.1534996032715,0.0871715358,55.174,0.343461390095959,732640014.648438,1.42006378143064,1.46081686291598,65870.0,17.99,224.41,446300.0,446550.0,30455563,2.1628232582664784,2005-01-01
Morocco,80,2006,0.54562276426871,3.585019770585845,12.564100380909702,70090707003.67914,18.1436004638672,0.0871715358,55.746,0.355486500957963,1101530029.29688,1.59523382294406,1.4994470484671991,68420.0,18.27,328.5,446300.0,446550.0,30804689,2.2210904320442904,2006-01-01
Morocco,80,2007,0.553373980328425,3.575094994241912,12.601749943983869,72566026312.99754,16.4633007049561,0.0871715358,56.317,0.358905683371876,1219229980.46875,1.46903734620496,1.531591112343315,69660.0,17.92,255.02,446300.0,446550.0,31163670,2.235295136933487,2007-01-01
Morocco,80,2008,0.538742546669063,2.666048498748582,12.639399507058032,76864313557.19475,14.6162996292114,0.0871715358,56.886,0.363100878131756,1453359985.35156,1.63720606045702,1.5911566443616183,72630.0,17.89,350.56,446300.0,446550.0,31536807,2.30302325787135,2008-01-01
Morocco,80,2009,0.519081371333573,2.1209695952934737,12.6770490701322,80126248490.88675,14.2559003829956,0.0871715358,57.452,0.371352436905105,1045959960.9375,1.78640194879844,1.5828827175672138,73210.0,18.42,358.69,446300.0,446550.0,31929087,2.29289362392354,2009-01-01
Morocco,80,2010,0.506540975508456,1.330904481807171,12.714698633206362,83183640110.58644,13.9195995330811,0.0810998834,58.018,0.372705356825734,985500000.0,1.68722233576301,1.6590719140582195,77020.0,18.69,457.2,446300.0,446550.0,32343384,2.381321632887888,2010-01-01
Morocco,80,2011,0.503581594619866,2.487274621321615,12.719233699305402,87547202071.65895,11.8753995895386,0.0810998834,58.581,0.362800701869685,1440239990.23438,1.78623198088719,1.7628651943483378,82170.0,18.28,364.13,446300.0,446550.0,32781860,2.506569181858504,2011-01-01
Morocco,80,2012,0.500052675711576,2.892094421039552,12.723768765404436,90182338940.17316,10.9333000183105,0.0810998834,59.142,0.372640205336563,1471140014.64844,1.66853515761111,1.809463466857398,84440.0,18.19,316.78,446300.0,446550.0,33241898,2.540167832775373,2012-01-01
Morocco,80,2013,0.49882709580037,3.146163799038823,12.728303831503474,94272490564.62656,11.5936002731323,0.0810998834,59.7,0.379613408493677,2008650024.41406,1.70175039683873,1.771281365761149,85260.0,18.03,260.82,446300.0,446550.0,33715705,2.528791849377019,2013-01-01
Morocco,80,2014,0.501397753769631,3.2025296384969613,12.73283889760251,96789088975.02834,11.1396999359131,0.0810998834,60.256,0.408302962928237,2240149902.34375,1.77950804462305,1.7887037799498942,87050.0,18.4,293.07,446300.0,446550.0,34192358,2.545890517407428,2014-01-01
Morocco,80,2015,0.496273864946674,3.214983270082609,12.737373963701543,101179808076.3598,11.211799621582,0.075028231,60.809,0.413940547913665,1518280029.29688,1.78012699767764,1.8217953537900613,89790.0,18.51,221.12,446300.0,446550.0,34663608,2.5903247001870087,2015-01-01
Morocco,80,2016,0.502323225313293,2.0843379431156714,12.771207707819856,102252168737.7296,11.0204000473022,0.075028231,61.36,0.413057472305273,2062310058.59375,1.64825604629555,1.7958067513793237,88660.0,18.67,274.46,446300.0,446550.0,35126274,2.5240365659050545,2016-01-01
Morocco,80,2017,0.498296489185604,2.4435113025704736,12.79764732242886,106602592855.80496,10.4181003570557,0.075028231,61.908,0.414206675785797,2427649902.34375,1.68997845108111,1.8529418451967563,93090.0,18.87,211.76,446300.0,446550.0,35581257,2.616265074614986,2017-01-01
Morocco,80,2018,0.498632172946287,3.0012704955175145,12.820053775487342,109958978323.14316,10.8323001861572,0.075028231,62.453,0.417842386991358,818200012.207031,1.75355419346778,1.8507267835720187,94290.0,17.6,411.71,446300.0,446550.0,36029089,2.6170520159418964,2018-01-01
Morocco,80,2019,0.498632172946287,1.4355707844694303,12.843580551198746,112826637548.35884,10.557000051087426,0.075028231,62.994,0.420880401564705,757859985.351563,1.7795780921359463,1.884162224349861,96406.08695652174,18.21,235.46,446300.0,446550.0,36471766,2.6433073450987195,2019-01-01
Morocco,80,2020,0.4947668807595112,1.5367097787228818,12.866883262379568,105726171616.0364,10.239931028293336,0.0749080950833333,63.532,0.4236738431485585,768580818.17627,1.794386310638666,1.920212061930628,98584.61247637052,18.51,256.72,446300.0,446550.0,36910558,2.6709055028745574,2020-01-01
Myanmar,85,1995,0.785048410416868,5.681173745571142,56.68099121706399,9925370809.888945,85.2203604069731,0.644325416,26.124,0.269069952722565,160449996.94824198,0.855300063034549,0.1580808060790862,65710.0,23.38,2004.86,653540.0,676590.0,43901598,1.496756450642184,1995-01-01
Myanmar,85,1996,0.783462593085076,5.389883695237777,56.015328824555496,10589070464.567146,84.6098367980749,0.6174668018,26.303,0.269696489842435,49419998.1689453,0.901661665604246,0.1644462930217429,65880.0,23.18,2139.17,653540.0,676590.0,44452203,1.4820412837581975,1996-01-01
Myanmar,85,1997,0.783425876619584,6.8734103875558406,55.34966643204701,11228100136.639145,85.1624250169795,0.5906081876,26.482,0.269666305982404,61040000.9155273,0.864346248910843,0.1610137049757654,64710.0,23.06,1992.13,653540.0,676590.0,45027223,1.437130599859556,1997-01-01
Myanmar,85,1998,0.785110349200002,6.816522022391928,54.68400403953852,11875046112.356474,83.3544815586017,0.5637495734,26.663,0.269625992154754,72430000.3051758,0.860794723749277,0.17342224128186,66350.0,23.79,1947.96,653540.0,676590.0,45611220,1.45468593034784,1998-01-01
Myanmar,85,1999,0.786823881945554,4.484731324483344,54.01834164703002,12881816573.360825,81.8797710727169,0.5368909592,26.843,0.268286667911618,81050003.0517578,0.995800954731567,0.1957511816258066,71440.0,23.45,2137.16,653540.0,676590.0,46181075,1.5469540282464191,1999-01-01
Myanmar,85,2000,0.780880428652832,3.7199270035725553,53.352679254521526,14481505242.657553,80.1666030883789,0.510032345,27.025,0.266948007309184,105639999.389648,1.03159523904513,0.2054807802910027,73310.0,23.06,2055.01,653540.0,676590.0,46719698,1.5691454169930636,2000-01-01
Myanmar,85,2001,0.774668645656793,3.3487859697180378,52.828287480490864,16287020221.57129,82.4773025512695,0.4754378912,27.208,0.268638350119404,125669998.168945,1.03104023181368,0.1802007105582941,72870.0,23.47,2060.17,653540.0,676590.0,47225119,1.543034756566733,2001-01-01
Myanmar,85,2002,0.768498949980362,2.4631036101886137,52.3038957064602,18193097628.448223,83.1136016845703,0.4408434374,27.391,0.268692058535472,119029998.779297,1.0701903723299,0.1767215461487564,73330.0,23.4,2204.12,653540.0,676590.0,47702163,1.537246853984378,2002-01-01
Myanmar,85,2003,0.762987694304704,3.209462613675588,51.779503932429535,20555712394.54137,79.7956008911133,0.4062489836,27.575,0.270354668037266,125019996.643066,1.14963062894029,0.2257579803421082,77680.0,23.34,1894.28,653540.0,676590.0,48148907,1.613328418856943,2003-01-01
Myanmar,85,2004,0.750509472954923,2.250745946716008,51.26452511401548,23370876272.293198,80.4217987060547,0.4062489836,27.76,0.26337771595624,123449996.948242,1.23247255199321,0.2164132726692542,80120.0,23.19,2015.71,653420.0,676590.0,48564489,1.6497651195300336,2004-01-01
Myanmar,85,2005,0.738877478665953,2.2184999187325567,50.74469664503489,26541589503.12052,79.7276000976563,0.4062489836,27.946,0.291640686301066,144830001.831055,1.28968265762427,0.226353740927643,83320.0,23.63,1896.0,653360.0,676590.0,48949931,1.7021474453150915,2005-01-01
Myanmar,85,2006,0.731337775810134,2.3249791257205272,50.21170673481568,30073444130.635635,81.5777969360352,0.4062489836,28.132,0.362797481264936,145710006.71386698,1.37538357397939,0.2070949849363245,86320.0,23.55,2234.03,653470.0,676590.0,49301049,1.7508755239670457,2006-01-01
Myanmar,85,2007,0.725870671194938,4.553355803987507,49.68345727751255,33832770892.29146,80.8295974731445,0.4062489836,28.319,0.361759887124866,195889999.389648,1.40032972716223,0.2120049666395473,88700.0,23.31,2218.78,653520.0,676590.0,49621479,1.7875323708106323,2007-01-01
Myanmar,85,2008,0.720998657159227,3.753877603941627,49.17485114264285,37579502495.02605,85.8065032958984,0.4062489836,28.507,0.365732861339953,534590026.855469,1.41777078845757,0.160826308348055,87060.0,23.23,2037.6,653310.0,676590.0,49929642,1.743653599599212,2008-01-01
Myanmar,85,2009,0.71542261527502,3.663100102133869,48.65101943976733,41491470232.18397,85.5811004638672,0.4062489836,28.695,0.363601982317552,355959991.455078,1.44694493552487,0.1518396900830533,88090.0,23.75,1878.34,653300.0,676590.0,50250366,1.7530220575905855,2009-01-01
Myanmar,85,2010,0.712871475644669,2.384200107714024,48.12938186939351,45669365074.46341,84.8701019287109,0.3716545298,28.885,0.387182220944321,354920013.427734,1.51627785677594,0.1636336892280436,90150.0,24.04,2082.6,653260.0,676590.0,50600827,1.7815914352546056,2010-01-01
Myanmar,85,2011,0.708136914285546,4.656094616871611,47.68370555189885,49103727463.38135,84.4011993408203,0.3716545298,29.075,0.396951596242888,379950012.207031,1.40173421982981,0.1682662683083702,88990.0,23.29,2344.57,653290.0,676590.0,50990612,1.7452232187368135,2011-01-01
Myanmar,85,2012,0.7032394990301,2.287185154284497,47.25036515348695,52288474433.65041,78.6902008056641,0.3716545298,29.266,0.418278526001829,504529998.779297,1.36567164050379,0.2293162972525048,92790.0,23.54,1806.7,653150.0,676590.0,51413703,1.80477177455979,2012-01-01
Myanmar,85,2013,0.705229062716376,3.722172781727058,46.81182091014884,56418568204.3775,76.1232986450195,0.3716545298,29.457,0.198812561133315,3936120117.1875,1.44789309103382,0.2620897629859981,96110.0,23.32,2094.32,653080.0,676590.0,51852464,1.853528117776621,2013-01-01
Myanmar,85,2014,0.709234116910434,3.4379498954139485,46.36821216390029,61044701089.94132,72.6294021606445,0.3716545298,29.65,0.222679409663874,1384459960.9375,1.57501376291064,0.3259321736676795,101600.0,23.57,1592.23,653080.0,676590.0,52280816,1.943351458018559,2014-01-01
Myanmar,85,2015,0.700306249137432,6.477625913055683,45.92460341765175,63045306513.93229,70.6560974121094,0.337060076,29.858,0.237199138240232,1168500000.0,1.58605175834633,0.360853051298232,104970.0,23.52,1946.75,653080.0,676590.0,52680724,1.992569426342736,2015-01-01
Myanmar,85,2016,0.689900864508796,5.4370573279035685,45.48099773381515,69669969114.94308,69.5346984863281,0.337060076,30.082,0.274763603071036,1536660034.17969,1.68285682058142,0.4126669408856398,109430.0,23.75,2227.96,653080.0,676590.0,53045199,2.0629576674790115,2016-01-01
Myanmar,85,2017,0.674957283329224,7.818258793836175,45.05739977634462,73676037276.38797,60.5728988647461,0.337060076,30.322,0.274579513426002,1542339965.82031,1.63188950833238,0.5882075145907777,119660.0,23.53,2265.4,652790.0,676590.0,53382521,2.241557681399123,2017-01-01
Myanmar,85,2018,0.685062253063408,2.6334093881577934,44.6135970220132,78394970758.00748,60.1110992431641,0.337060076,30.579,0.27408272815914,1712050048.82813,1.65817147792252,0.605492802809427,119650.0,23.29,2018.12,652790.0,676590.0,53708318,2.227774103817588,2018-01-01
Myanmar,85,2019,0.685062253063408,2.526413343919864,44.1697942676818,83686992015.67058,59.019392236041966,0.337060076,30.852,0.271142067175933,2079929931.64063,1.6930789307437362,0.6249454983194418,121995.21739130437,23.84,1847.63,652790.0,676590.0,54045422,2.257271992275393,2019-01-01
Myanmar,85,2020,0.6808961631736804,2.297013135976497,43.7259915133504,86343028344.73775,57.90676421160576,0.3242573534999999,31.141,0.2712284052781566,2159908262.252813,1.7274883770541487,0.6449672028976026,124435.00945179584,23.68,1939.76,652790.0,676590.0,54409794,2.286996518527452,2020-01-01
Namibia,86,1995,0.734735241084553,3.846060687118765,10.220125350726962,4718978760.263912,33.6971477346226,0.115852417,29.813,0.377040427236814,190369995.117188,2.33471581086353,1.0873130835093308,9580.0,20.48,156.71,823290.0,824290.0,1627866,5.885005276847111,1995-01-01
Namibia,86,1996,0.73024420010316,3.2260507830516048,10.133875548105772,4869576676.204655,33.3462220732415,0.1088398072,30.316,0.376602060061716,185919998.168945,2.18666836422347,1.15427762060097,9470.0,20.12,197.79,823290.0,824290.0,1663378,5.693233889109992,1996-01-01
Namibia,86,1997,0.725019145415267,2.189505397757213,10.04762574548458,5075077696.313121,32.6557331067777,0.1018271974,30.823,0.371577340059242,165160003.66210902,2.87469922494827,1.1601686425850206,9330.0,20.4,317.29,823290.0,824290.0,1698029,5.494605804730073,1997-01-01
Namibia,86,1998,0.718395857263041,2.484635660396328,9.96137594286339,5242128224.001686,34.1833905544674,0.0948145876,31.335,0.367734363193696,180830001.831055,2.2583308993249,1.1665275880887138,10010.0,20.6,172.12,823290.0,824290.0,1731635,5.780663938994072,1998-01-01
Namibia,86,1999,0.713529206537644,1.3209873133763268,9.875126140242198,5418750119.23524,35.4425014073695,0.0878019778,31.851,0.361552562012312,178630004.882813,2.33672134977718,1.1225374335052478,10020.0,20.67,259.29,823290.0,824290.0,1763861,5.6807197392538304,1999-01-01
Namibia,86,2000,0.707566373713718,5.00607722332761,9.788876337621009,5607982809.417034,34.7345008850098,0.080789368,32.373,0.355856253759111,152410003.66210902,3.12166582165389,1.0810310807580368,10810.0,20.37,311.05,823290.0,824290.0,1794583,6.023683496388855,2000-01-01
Namibia,86,2001,0.703150527249488,10.663503460011787,9.702625563288755,5674041969.718394,30.3190002441406,0.0812880022,32.898,0.357562083666659,109510002.13623,2.89524980065867,1.3489304790841747,10920.0,20.38,281.29,823290.0,824290.0,1823667,5.987935297398045,2001-01-01
Namibia,86,2002,0.696825156876192,4.4051245017265925,9.616374788956504,5945752617.061933,33.7378005981445,0.0817866364,33.766,0.358295912901428,135020004.272461,2.59564774804687,1.150406774113579,9550.0,20.36,283.42,823290.0,824290.0,1851519,5.157927085814404,2002-01-01
Namibia,86,2003,0.690690183261438,1.3216536384389228,9.530124014624253,6197840297.363774,33.2981986999512,0.0822852706,34.709,0.361316968984203,148380004.882813,2.83640057887885,1.2080167610995187,10220.0,20.58,275.05,823290.0,824290.0,1879113,5.438736254818098,2003-01-01
Namibia,86,2004,0.684351626557226,3.382578083556656,9.443873240292,6958287294.037893,34.7495994567871,0.0822852706,35.666,0.356627385282533,175330001.831055,2.55157841705685,1.2475514182510483,10720.0,20.73,278.82,823290.0,824290.0,1907737,5.619223194811444,2004-01-01
Namibia,86,2005,0.682992302784795,5.3784435802808,9.357622465959746,7134280656.215589,34.5369987487793,0.0822852706,36.632,0.351139977136317,113379997.253418,2.82862470480098,1.3052567280051344,11320.0,20.78,256.78,823290.0,824290.0,1938316,5.840121012260127,2005-01-01
Namibia,86,2006,0.681611621449106,7.625776144091338,9.271371691627497,7638900834.740571,35.3174018859863,0.0822852706,37.61,0.360040427195629,149330001.831055,1.771120060436,1.2884780639145994,12670.0,20.45,418.45,823290.0,824290.0,1971318,6.427172074723611,2006-01-01
Namibia,86,2007,0.6774885122755,7.57034788032489,9.185120917295242,8049418738.302302,35.8353004455566,0.0822852706,38.598,0.36416054461568,220850006.103516,1.85421780938306,1.30574587992321,12050.0,20.48,268.55,823290.0,824290.0,2006516,6.005434295066673,2007-01-01
Namibia,86,2008,0.680453278321539,8.718309345542124,9.09887014296299,8262713205.002981,32.2841987609863,0.0822852706,39.597,0.37873674355557,205490005.493164,1.9226263719438,1.4485788756091615,10600.0,20.58,274.53,823290.0,824290.0,2043382,5.187478405897673,2008-01-01
Namibia,86,2009,0.681298408642059,9.27471418102198,9.012619368630736,8287168432.797117,33.1208000183105,0.0822852706,40.601,0.364121880871485,331130004.88281304,2.29087338722712,1.4560034674986868,13510.0,20.91,334.96,823290.0,824290.0,2081039,6.491949454094805,2009-01-01
Namibia,86,2010,0.68215273433476,2.515270424144744,8.926368594298486,8787651209.24496,31.0457000732422,0.0827839048,41.616,0.361405041901181,261329986.572266,2.41711523227482,1.4771975909880564,12920.0,20.81,269.87,823290.0,824290.0,2118877,6.097569608806929,2010-01-01
Namibia,86,2011,0.673769816328327,6.4167912481570335,8.840119520460592,9235060246.752205,31.4256992340088,0.0827839048,42.637,0.362229689771128,278209991.455078,2.4201635693747,1.5393903087033975,17900.0,20.38,339.14,823290.0,824290.0,2156698,8.299724857165907,2011-01-01
Namibia,86,2012,0.659822792899788,7.986158714729815,8.753870446622697,9702509635.381258,31.6968994140625,0.0827839048,43.693,0.366334085668503,252440002.441406,2.69461997256964,1.612920128104131,19490.0,20.44,302.68,823290.0,824290.0,2194777,8.880173247669353,2012-01-01
Namibia,86,2013,0.665258898099662,6.452344202277303,8.667621372784803,10247278347.758314,30.5368003845215,0.0827839048,44.756,0.369926260431632,261040008.544922,2.195343468341,1.710315530829109,12700.0,20.66,232.62,823290.0,824290.0,2233506,5.686127550138661,2013-01-01
Namibia,86,2014,0.663073285469447,3.5831712079396816,8.581372298946908,10871595744.451431,29.9841995239258,0.0827839048,45.826,0.373719034867886,226220001.220703,2.37923981121499,1.7594590719029342,11970.0,20.87,320.31,823290.0,824290.0,2273426,5.265181272669531,2014-01-01
Namibia,86,2015,0.657532547378685,7.40066849515662,8.495123225109014,11335179562.02113,28.816499710083,0.083282539,46.9,0.373614943340524,142380004.882813,1.89616741278099,1.844571322920505,12100.0,21.16,223.84,823290.0,824290.0,2314901,5.227005388135389,2015-01-01
Namibia,86,2016,0.656265318387784,3.345711879403773,8.408871721993465,11339010223.634014,28.7101001739502,0.083282539,47.961,0.386100631782984,170190002.44140598,2.83699072396588,1.848990095180582,12840.0,21.05,238.83,823290.0,824290.0,2358044,5.445191014247402,2016-01-01
Namibia,86,2017,0.648781007828214,2.1750573375020807,8.322620218877917,11222530147.336107,29.4083003997803,0.083282539,49.005,0.37984301086761,190449996.948242,1.9777665118603,1.8021970155117968,12890.0,20.58,281.72,823290.0,824290.0,2402623,5.364969868348052,2017-01-01
Namibia,86,2018,0.649431854586881,1.712992678035827,8.236368715762369,11341482622.883425,30.3269996643066,0.083282539,50.032,0.383356783555197,159449996.94824198,2.51005260999122,1.7358983784666913,11930.0,20.44,279.35,823290.0,824290.0,2448300,4.872768860025324,2018-01-01
Namibia,86,2019,0.649431854586881,-1.4121896784374786,8.15011721264682,11240759011.02826,30.18047148733634,0.083282539,51.042,0.377819059617615,148410003.66210902,2.5176759490837286,1.7640977391170112,12032.173913043478,20.85,273.88,823290.0,824290.0,2494524,4.823434816840198,2019-01-01
Namibia,86,2020,0.6458775468161447,-1.5330080093081038,8.063865709531271,10285277742.127453,30.042830157514377,0.08192546075,52.033,0.3778515026334817,146661670.68481407,2.532067583208088,1.7906116573133608,12143.572778827976,20.42,280.87,823290.0,824290.0,2540916,4.779210638536645,2020-01-01
Netherlands,88,1995,0.224973700796222,2.698679060530783,10.438832938388623,520708714684.5103,1.27706785072043,0.019297956,72.809,0.599347433987546,133265336.60888693,6.17891668925732,10.63069643675667,219360.0,10.21,792.89,33760.0,41530.0,15459006,14.189786846579915,1995-01-01
Netherlands,88,1996,0.223943136962889,3.6858450503117135,10.480805687203793,538926969810.7043,1.28731662013256,0.0188182402,73.64,0.606158542698207,133265336.60888693,6.09994059039896,11.198610630515518,230290.0,8.32,577.44,33760.0,41530.0,15530498,14.828243112358663,1996-01-01
Netherlands,88,1997,0.224664706379556,2.647078659291415,10.522778436018957,562257406145.2007,1.50753330104254,0.0183385244,74.453,0.610710971805515,133265336.60888693,5.34302093481392,10.664514289923869,221490.0,10.06,665.12,33760.0,41530.0,15610650,14.18839061794352,1997-01-01
Netherlands,88,1998,0.226054903589599,8.588628467372338,10.564751184834122,588480625794.6349,1.57051754693741,0.0178588086,75.25,0.617720726448853,133265336.60888693,6.14058365353405,10.626967528094902,221620.0,10.15,1008.39,33760.0,41530.0,15707209,14.109444905202446,1998-01-01
Netherlands,88,1999,0.229479831574078,9.210568356512113,10.606723933649288,618105023861.2588,1.65409444972742,0.0173790928,76.03,0.629652262708779,133265336.60888693,6.23796898515876,10.22255884232367,209170.0,10.78,884.4,33760.0,41530.0,15812088,13.228486965162348,1999-01-01
Netherlands,88,2000,0.229083012344707,15.154478465133584,10.648696682464456,644038500923.8457,1.73070001602173,0.016899377,76.795,0.633317010741177,133265336.60888693,6.18633788536424,10.191194468900312,207110.0,10.79,870.11,33760.0,41530.0,15925513,13.004918585668166,2000-01-01
Netherlands,88,2001,0.230818807774329,12.058742410598128,10.690106635071093,659024987583.2839,1.7632999420166,0.0155858986,77.83,0.61821665101685,133265336.60888693,6.41335515461808,10.432389515760136,208170.0,10.2,916.33,33760.0,41530.0,16046180,12.973181155888817,2001-01-01
Netherlands,88,2002,0.176400202269694,5.403792762605543,10.731516587677724,660456874865.422,1.91620004177094,0.0142724202,79.113,0.614971574116296,133265336.60888693,6.28244780436867,10.372204868818235,207690.0,10.67,902.25,33760.0,41530.0,16148929,12.86091480122304,2002-01-01
Netherlands,88,2003,0.175751468321181,3.534331980984347,10.77292654028436,661484848899.3214,1.90610003471375,0.0129589418,80.341,0.614477744658055,133265336.60888693,6.45828871488591,10.505813697643347,207650.0,10.48,624.65,33760.0,41530.0,16225302,12.79791279077579,2003-01-01
Netherlands,88,2004,0.174465191973238,21.291347638459168,10.814336492890996,674614964057.7732,2.21950006484985,0.0129589418,81.514,0.612039447054526,133265336.60888693,6.37941174986273,10.57378312283934,209230.0,10.23,834.91,33760.0,41530.0,16281779,12.85056135450555,2004-01-01
Netherlands,88,2005,0.172524166651591,30.63656065944357,10.855746445497632,688450481177.5632,2.74169993400574,0.0129589418,82.63,0.622383976967092,133265336.60888693,6.69012667964731,10.292362658815623,203580.0,10.45,799.37,33760.0,41540.0,16319868,12.474365601486484,2005-01-01
Netherlands,88,2006,0.171083111459981,51.20483983409212,10.897156398104263,712277676285.6704,3.1168999671936,0.0129589418,83.636,0.648729142926472,133265336.60888693,6.8840166399097,10.01523237865715,198920.0,10.83,742.73,33760.0,41540.0,16346101,12.16926287192279,2006-01-01
Netherlands,88,2007,0.169922469283356,86.58908576920706,10.9385663507109,739150791322.3065,3.68309998512268,0.0129589418,84.539,0.658664715613237,133265336.60888693,6.87906725622654,10.04963100279727,198800.0,10.98,899.22,33760.0,41540.0,16381696,12.13549561657108,2007-01-01
Netherlands,88,2008,0.168482040069073,20.62558999355933,10.979976303317535,755192764635.2216,3.94180011749268,0.0129589418,85.402,0.674801085051324,133265336.60888693,6.96471351325856,10.056797587049614,196570.0,10.49,833.06,33760.0,41540.0,16445593,11.952746246365212,2008-01-01
Netherlands,88,2009,0.228137020220475,11.041793588558956,11.031188852653424,727500722452.7208,4.38170003890991,0.0129589418,86.288,0.676869604159776,133265336.60888693,5.53539776946657,9.711810757255062,191320.0,10.41,746.09,33730.0,41540.0,16530388,11.57383601643228,2009-01-01
Netherlands,88,2010,0.226453564624763,13.673451529464986,11.072635635932404,737269160825.4369,3.8503999710083,0.0116454634,87.134,0.678889621046322,133265336.60888693,6.39517000319856,10.301290477974822,202130.0,8.95,779.1,33730.0,41540.0,16615394,12.165224610382396,2010-01-01
Netherlands,88,2011,0.225363267987978,36.73002673344791,11.02461447212337,748705601252.1251,4.69339990615845,0.0116454634,87.879,0.690307955298993,133265336.60888693,6.6942166284326,9.517120693288726,188890.0,10.82,749.06,33720.0,41540.0,16693074,11.315471314630248,2011-01-01
Netherlands,88,2012,0.226221047130246,28.56699930758857,10.973309608540925,740991283205.1569,4.89820003509521,0.0116454634,88.588,0.687293651181733,133265336.60888693,6.32071116124724,9.401394046730754,187110.0,10.14,832.5,33720.0,41540.0,16754962,11.167438040145958,2012-01-01
Netherlands,88,2013,0.225317945034941,37.48073486261193,10.931730483823094,740026695664.8558,4.9355001449585,0.0116454634,89.187,0.696270198661033,133265336.60888693,6.25244152249873,9.349914355927057,186690.0,9.66,712.92,33690.0,41540.0,16804432,11.1095691898423,2013-01-01
Netherlands,88,2014,0.163723052495365,13.201993756991786,10.880379934698723,750560201573.4663,5.52650022506714,0.0116454634,89.69,0.718843604896406,133265336.60888693,5.80780860271662,8.887632902397675,179380.0,11.55,750.4,33690.0,41540.0,16865008,10.636223831023385,2014-01-01
Netherlands,88,2015,0.160500069773907,42.15266880889918,10.835461835461835,765264949780.9987,5.71049976348877,0.010331985,90.173,0.711538221832964,133265336.60888693,5.44718854505256,9.333572531587068,188330.0,10.79,805.87,33670.0,41540.0,16939923,11.117523969855116,2015-01-01
Netherlands,88,2016,0.160796730120368,29.78312584965186,10.863082863082862,782037366674.0464,5.63889980316162,0.010331985,90.635,0.697780508342679,133265336.60888693,5.00949631808217,9.293428177542705,188160.0,10.6,773.22,33670.0,41540.0,17030314,11.04853380859566,2016-01-01
Netherlands,88,2017,0.161677923833631,25.684679567328228,10.89100089100089,804801712034.3336,6.35620021820068,0.010331985,91.077,0.698078036188773,133265336.60888693,5.15005855385762,9.100887638623488,184550.0,10.82,848.23,33670.0,41540.0,17131296,10.7726817632478,2017-01-01
Netherlands,88,2018,0.162529878961837,-37.730824440461234,10.91862191862192,823802397136.8414,7.38369989395142,0.010331985,91.49,0.695078880455322,133265336.60888693,5.69156778255399,8.772823733851203,178640.0,11.3,625.96,33670.0,41540.0,17231624,10.36698572345822,2018-01-01
Netherlands,88,2019,0.162529878961837,-18.600159752017294,10.946539946539946,839912581383.8417,7.649205634961462,0.010331985,91.876,0.691730163621042,133265336.60888693,5.670378699653845,8.692046659811835,176869.5652173913,11.18,798.6,33670.0,41540.434782608696,17344874,10.197223987755187,2019-01-01
Netherlands,88,2020,0.1599280530520709,-16.339568428759257,10.974160974160974,808007359760.3193,7.925809505171415,0.009958402875,92.236,0.6955794440224377,133265336.60888693,5.651702095708405,8.583065617607327,174546.93761814744,11.63,765.34,33670.0,41540.88846880908,17441500,10.0075645797751,2020-01-01
New Zealand,89,1995,0.300071195148861,4.458729264888815,36.50205081462914,102979856692.06229,30.5845426784526,0.153460601,85.553,0.644673341952588,133265336.60888693,5.63139202057474,6.636903141503784,73430.0,10.11,2088.74,263310.0,267710.0,3673400,19.989655360156803,1995-01-01
New Zealand,89,1996,0.30019426723989,5.586784108422271,36.68365045003988,106704531808.43462,29.4485831057994,0.1577443612,85.7,0.646716962359983,133265336.60888693,5.07456048059663,6.832797427652733,73980.0,10.02,1829.52,263310.0,267710.0,3732000,19.823151125401928,1996-01-01
New Zealand,89,1997,0.300196011853131,2.9019336045063207,36.86525008545061,108891705224.98653,27.6501627019188,0.1620281214,85.781,0.651873481747507,133265336.60888693,6.32021420674485,7.357258085843493,76280.0,9.79,1656.2,263310.0,267710.0,3781300,20.172956390659294,1997-01-01
New Zealand,89,1998,0.298617691284503,3.2471361920523094,37.04684972086134,109760015341.96902,29.589602498754,0.1663118816,85.861,0.660394000238995,133265336.60888693,5.88824208425273,7.166448230668414,74780.0,10.87,1899.4,263310.0,267710.0,3815000,19.601572739187414,1998-01-01
New Zealand,89,1999,0.300146441546047,1.6021577481405296,37.22844935627207,115742921599.0516,28.6597654518474,0.1705956418,85.941,0.663859356893464,133265336.60888693,6.70664399488905,7.486115094782405,77030.0,10.76,1767.03,263310.0,267710.0,3835100,20.085525801152517,1999-01-01
New Zealand,89,2000,0.254450223422642,-2.865294556311849,37.41004899168281,119105280078.10458,29.0349006652832,0.174879402,86.021,0.664508244936416,133265336.60888693,6.02233977316451,7.647043575187288,77190.0,10.26,1720.96,263310.0,267710.0,3857700,20.00933198537989,2000-01-01
New Zealand,89,2001,0.225932452182611,0.4813623526025146,37.40916790095325,123232095399.15273,27.023099899292,0.163715502,86.1,0.668768988470861,133265336.60888693,6.26863619040143,8.174204355108877,79870.0,10.36,1765.86,263310.0,267710.0,3880500,20.582399175364,2001-01-01
New Zealand,89,2002,0.240094768749205,4.275332532079873,37.40828681022369,128992458724.87318,28.8815002441406,0.152551602,86.161,0.670747714124159,133265336.60888693,6.2863675009939,7.997973914144612,81420.0,10.15,1840.58,263310.0,267710.0,3948500,20.62048879321261,2002-01-01
New Zealand,89,2003,0.173956702323985,-3.8117932381846673,37.407405719494136,134861360205.0245,28.2292995452881,0.141387702,86.221,0.673366369102139,133265336.60888693,6.47859456019108,8.303535955502582,83850.0,10.12,1626.92,263310.0,267710.0,4027200,20.820917759237187,2003-01-01
New Zealand,89,2004,0.168218438314289,2.2326303912504,37.40652462876457,140293763838.2817,30.710599899292,0.141387702,86.281,0.68161717852215,133265336.60888693,5.83908255185991,8.041590214067279,82490.0,9.54,1873.93,263310.0,267710.0,4087500,20.181039755351684,2004-01-01
New Zealand,89,2005,0.167377486568983,1.6620151766177464,37.405643538035015,144953121916.3514,29.369800567627,0.141387702,86.341,0.691729860546267,133265336.60888693,6.06257204708433,8.287573477829651,83990.0,10.58,1562.4,263310.0,267710.0,4133900,20.31737584363434,2005-01-01
New Zealand,89,2006,0.164914026801356,2.611329337258136,37.40476244730546,149129131261.00525,29.5422992706299,0.141387702,86.4,0.746372983292142,133265336.60888693,5.60365481230811,8.199111026143479,84250.0,9.89,1748.79,263310.0,267710.0,4184600,20.13334607847823,2006-01-01
New Zealand,89,2007,0.16334586761878,3.1602444475248266,37.4038813565759,153644031451.03647,29.2033996582031,0.141387702,86.34,0.756957899345124,133265336.60888693,5.9178144403261,7.905203844879018,82960.0,10.22,1548.95,263310.0,267710.0,4223800,19.64108149060088,2007-01-01
New Zealand,89,2008,0.161882366905152,1.9469239581805973,37.40300026584634,151930837009.01343,28.3143005371094,0.141387702,86.28,0.761755562786148,133265336.60888693,5.81131486290935,8.068453918024321,82990.0,10.28,1852.99,263310.0,267710.0,4259800,19.482135311516974,2008-01-01
New Zealand,89,2009,0.160361671646906,-0.0431605655801859,37.40211917511678,151725472201.39822,30.465799331665,0.141387702,86.22,0.768053673517005,133265336.60888693,4.6241388993289,7.279319481243899,80190.0,9.85,1697.49,263310.0,267710.0,4302600,18.63756798215033,2009-01-01
New Zealand,89,2010,0.159327318777283,0.1954079359149327,37.40123808438722,154043828518.6283,31.6900005340576,0.130223802,86.16,0.773845924853942,133265336.60888693,5.1584150744342,7.15517043234422,79980.0,10.54,1776.61,263310.0,267710.0,4350700,18.383248672627392,2010-01-01
New Zealand,89,2011,0.153466892912582,0.8190622192698683,37.40009114731685,157520192471.97476,32.5962982177734,0.130223802,86.1,0.777962448230303,133265336.60888693,5.8091217677708,6.922901459854015,79400.0,10.39,1920.77,263310.0,267710.0,4384000,18.111313868613134,2011-01-01
New Zealand,89,2012,0.153292056157829,2.1831660758881486,37.39894421024648,161049654282.67578,30.921199798584,0.130223802,86.161,0.780129327350712,133265336.60888693,5.00621318639413,7.261631995644382,81670.0,10.07,1712.78,263310.0,267710.0,4408100,18.527256641183275,2012-01-01
New Zealand,89,2013,0.149313219680088,-0.0364156841483875,37.3977972731761,165391204867.58835,30.2096004486084,0.130223802,86.221,0.783782583792565,133265336.60888693,4.79755635902978,7.1475203169672,81240.0,10.68,1742.01,263310.0,267710.0,4442100,18.288647261430405,2013-01-01
New Zealand,89,2014,0.147164002284496,1.61517416725477,37.39665033610573,171698945936.99332,30.8206996917725,0.130223802,86.281,0.804530159878132,133265336.60888693,5.19805941325988,7.038636112033654,81740.0,10.25,1643.28,263310.0,267710.0,4516500,18.09808480017713,2014-01-01
New Zealand,89,2015,0.144896946800608,-0.0412057475319412,37.39550339903536,178064471137.9208,31.1613998413086,0.119059902,86.341,0.806575055089428,133265336.60888693,5.00691004582704,6.9835553434286455,81690.0,10.14,1814.0,263310.0,267710.0,4609400,17.722480149260207,2015-01-01
New Zealand,89,2016,0.147710811046166,1.0628106968410351,37.39603509171699,184706418173.2596,31.6702995300293,0.119059902,86.4,0.796687205516924,133265336.60888693,4.70138139741539,6.614199953331495,80410.0,10.85,1709.99,263310.0,267710.0,4714100,17.05733862243058,2016-01-01
New Zealand,89,2017,0.143253551854142,1.1548823378642643,37.41160609167901,191380381108.4572,30.445499420166,0.119059902,86.466,0.794556534479898,133265336.60888693,5.41173726716856,6.838956290510221,82060.0,10.63,1716.8,263310.0,267710.0,4813600,17.047531992687386,2017-01-01
New Zealand,89,2018,0.138543327495167,1.1857605056978828,37.42793665261479,197515553618.43823,31.0396003723145,0.119059902,86.538,0.790096623086223,133265336.60888693,5.30024454272019,6.5726645716851,81330.0,10.8,1755.63,263310.0,267710.0,4900600,16.595927029343347,2018-01-01
New Zealand,89,2019,0.138543327495167,1.3720765667366346,37.4673198891041,200742824665.70197,31.05938548943893,0.119059902,86.615,0.712177572467571,133265336.60888693,5.285846826291731,6.569871590388635,81673.47826086957,10.65,1992.8,263310.0,267710.0,4979300,16.402602426218458,2019-01-01
New Zealand,89,2020,0.1318129996762631,1.9257361173469192,37.57012646690213,204482365452.67523,31.129420375684127,0.1176265395416666,86.699,0.7149902487390286,133265336.60888693,5.29503318914804,6.558440032246717,82007.97731568999,10.61,1767.51,263310.0,267710.0,5084300,16.129649571364787,2020-01-01
Nicaragua,87,1995,0.575619892572694,2.147099242356544,49.022104038557416,5732967705.673909,64.5360704314953,0.480021528,54.437,0.317455457947791,569070007.324219,1.54850387547069,0.5696248107072268,9890.0,25.29,2571.24,120340.0,130370.0,4652185,2.125882784111122,1995-01-01
Nicaragua,87,1996,0.574540545184397,2.7852878016394524,48.1911251454213,6096682561.943544,63.9430744005334,0.444016631,54.587,0.317526191518173,883359985.351563,1.58522697336064,0.594739591582621,9910.0,24.78,2757.57,120340.0,130370.0,4741571,2.090024593114814,1996-01-01
Nicaragua,87,1997,0.57276064123875,4.6332937191717525,47.36014625228519,6338516677.340206,62.733748621288,0.408011734,54.737,0.317266121382587,354160003.66210896,1.60062018473681,0.6255621255689612,10660.0,25.37,2251.55,120340.0,130370.0,4827658,2.208110019392426,1997-01-01
Nicaragua,87,1998,0.57190681283126,4.707387717165326,46.52916735914908,6573782225.943496,60.4172399930931,0.372006837,54.886,0.318473571589935,504510009.765625,1.74138515100746,0.7168105514513173,11090.0,25.53,2573.11,120340.0,130370.0,4910642,2.2583605157940654,1998-01-01
Nicaragua,87,1999,0.566725464584777,6.946449705380729,45.698188466012965,7036311601.695826,59.3843732420398,0.33600194,55.036,0.318323161660057,597739990.234375,1.80036089285753,0.7092708715476391,12240.0,24.66,2527.29,120340.0,130370.0,4991041,2.45239419992743,1999-01-01
Nicaragua,87,2000,0.563726032106848,5.2179916279121565,44.867209572876845,7324912272.362273,58.4193992614746,0.299997043,55.185,0.318891504473648,501929992.675781,1.71527658765273,0.7436909559683665,12780.0,24.89,2220.9,120340.0,130370.0,5069310,2.521053161081094,2000-01-01
Nicaragua,87,2001,0.561532596821582,2.821639384640157,43.86075286687718,7541791460.568674,56.657600402832,0.2880625936,55.335,0.324674447341494,825070007.324219,1.66111919721754,0.7637939140201272,13000.0,25.29,2227.35,120340.0,130370.0,5145367,2.526544753756146,2001-01-01
Nicaragua,87,2002,0.554158170378035,3.902980206114617,42.85429616087752,7598651958.342751,54.6711006164551,0.2761281442,55.484,0.33096935124124,416049987.792969,1.62679603785858,0.7778785145355989,13480.0,25.42,2289.14,120340.0,130370.0,5219324,2.5827099448127764,2002-01-01
Nicaragua,87,2003,0.549653605058109,3.7820893329209055,41.84783945487785,7790193677.872351,51.7449989318848,0.2641936948,55.633,0.331043448817057,737340026.855469,1.73254775686557,0.855990468839018,14490.0,25.49,2489.22,120340.0,130370.0,5292115,2.738035738074475,2003-01-01
Nicaragua,87,2004,0.545264878795109,4.313640892011544,40.841382748878175,8204022053.735911,51.4737014770508,0.2641936948,55.782,0.331799703574788,1104910034.17969,1.5996709690953,0.838780748304265,14120.0,25.32,2644.1,120340.0,130370.0,5364930,2.6319075924569377,2004-01-01
Nicaragua,87,2005,0.547428470456734,3.814067386864129,39.83492604287851,8555350957.790175,53.0708999633789,0.2641936948,55.935,0.322748133507854,656349975.585938,1.67647179739031,0.7906312767849328,14440.0,25.25,2528.91,120340.0,130370.0,5438692,2.655050148087077,2005-01-01
Nicaragua,87,2006,0.546829594363779,4.240459078745855,38.82846933687885,8910671758.512856,53.619800567627,0.2641936948,56.132,0.292443788366662,623849975.585938,1.74479066706568,0.8179540737830847,14730.0,25.37,2580.24,120340.0,130370.0,5513757,2.671499668919033,2006-01-01
Nicaragua,87,2007,0.546108741249167,5.1418335390030006,37.82201263087918,9363036176.620768,52.8736000061035,0.2641936948,56.328,0.297613514058525,729799987.792969,1.60367076023575,0.8354105300366758,14930.0,25.22,2350.41,120340.0,130370.0,5590066,2.6708092534148973,2007-01-01
Nicaragua,87,2008,0.540969321771655,7.38265201516385,36.815555924879504,9684632561.382051,54.1257019042969,0.2641936948,56.525,0.293610816903247,662229980.46875,1.5440797733222,0.7869519832248657,14790.0,25.17,2862.25,120340.0,130370.0,5667436,2.6096457022187813,2008-01-01
Nicaragua,87,2009,0.537621424693575,5.228542428210035,35.80909921887984,9365735516.758656,54.5597991943359,0.2641936948,56.721,0.288488498991396,661429992.675781,1.49275739375558,0.7640711801053269,14900.0,25.51,2281.47,120340.0,130370.0,5745538,2.593316761633114,2009-01-01
Nicaragua,87,2010,0.531747846793983,5.593364604495007,34.80264251288017,9778809539.526184,54.4440002441406,0.2522592454,56.917,0.276186291817211,511160003.66210896,1.44915870021222,0.7743741563013281,15250.0,25.27,2753.74,120340.0,130370.0,5824058,2.61844919813642,2010-01-01
Nicaragua,87,2011,0.529885956584999,9.579239117441748,34.33626391889646,10396508541.079802,53.2997016906738,0.2522592454,57.113,0.27920262985221,536580017.089844,1.54645818408001,0.8080589052919388,16390.0,25.18,2480.21,120340.0,130370.0,5903035,2.7765378318102467,2011-01-01
Nicaragua,87,2012,0.528870455768738,7.365168185520618,33.869885324912744,11071868447.245552,53.2710990905762,0.2522592454,57.309,0.291463745416547,532320007.324219,1.43603016089354,0.7839492656117061,16760.0,25.19,2212.89,120340.0,130370.0,5982530,2.80149033937147,2012-01-01
Nicaragua,87,2013,0.528234328585657,8.787233189702794,33.40350673092903,11617360100.110638,54.1598014831543,0.2522592454,57.505,0.300622611898398,495799987.792969,1.44191176286116,0.7406231989577832,16980.0,25.31,2282.62,120340.0,130370.0,6062462,2.8008422980630643,2013-01-01
Nicaragua,87,2014,0.526292397895127,9.063641897128107,32.93712813694532,12173349186.845291,53.0205001831055,0.2522592454,57.7,0.30390764432578,432170013.427734,1.37628485081152,0.7748992549571575,17870.0,25.41,2200.16,120340.0,130370.0,6142734,2.909128085311849,2014-01-01
Nicaragua,87,2015,0.520878432106056,7.580326424259505,32.47074954296161,12756706583.31132,50.0047988891602,0.240324796,57.895,0.309087194054647,457920013.427734,1.46591885657687,0.8468265856626956,18840.0,25.59,2164.18,120340.0,130370.0,6223234,3.027364871704969,2015-01-01
Nicaragua,87,2016,0.515173524979303,7.44463173977873,31.6397706498255,13338789291.378902,49.5424003601074,0.240324796,58.09,0.306229888493197,430980010.986328,1.60814502581044,0.8534304573149936,19040.0,25.65,2244.46,120340.0,130370.0,6303970,3.020318941873137,2016-01-01
Nicaragua,87,2017,0.512843561816793,7.510585128826537,30.80879175668938,13956713237.94401,48.8689002990723,0.240324796,58.299,0.30638641071827,562590026.855469,1.52381292524916,0.8457529809268607,18960.0,25.5,2561.44,120340.0,130370.0,6384843,2.9695326885876443,2017-01-01
Nicaragua,87,2018,0.511919675850393,6.430591725305848,29.977812863553265,13487252998.9628,50.1913986206055,0.240324796,58.522,0.27739138824424,353760009.765625,1.4274634651417,0.8058152329084424,19070.0,25.05,2308.58,120340.0,130370.0,6465502,2.949500286288675,2018-01-01
Nicaragua,87,2019,0.511919675850393,3.988512251469338,29.146833970417152,12991624156.978168,49.56771723752333,0.240324796,58.76,0.270222943856938,389239990.234375,1.4222008386056568,0.8160843816997996,19469.130434782608,25.43,2125.99,120340.0,130370.0,6545503,2.9744284640588523,2019-01-01
Nicaragua,87,2020,0.5092655001536305,1.4443601969320496,28.31585507728104,12734736953.855722,48.94270170869681,0.2303374321666667,59.012,0.2682549224364858,381747072.8556315,1.4151127457902228,0.8257080682266335,19884.744801512286,25.65,2643.17,120340.0,130370.0,6624554,3.0016729883268045,2020-01-01
Norway,90,1995,0.250733372250045,1.5738821823236593,33.19014138493719,253493520719.23105,60.0471253321381,0.024066089,73.787,0.647698128977732,133265336.60888693,7.08009326514349,7.593164225231144,46640.0,1.44,1152.26,365244.0,385178.0,4359184,10.699250134887633,1995-01-01
Norway,90,1996,0.252327187658278,2.340687950228809,33.18493938298781,266239041025.11093,57.8505549684879,0.025646387,74.062,0.654113472677437,133265336.60888693,6.64366555163093,7.771602086669454,47500.0,0.86,949.89,365244.0,385178.0,4381336,10.84144197112479,1996-01-01
Norway,90,1997,0.254167424357908,2.7979075460313934,33.17973738103843,280308690709.9306,58.8388786890175,0.027226685,74.476,0.659879670875739,133265336.60888693,6.8489316603012,8.129108678759918,49110.0,2.12,1072.61,365244.0,385178.0,4405157,11.148297325157763,1997-01-01
Norway,90,1998,0.267168950937953,3.662264602486366,33.17453537908905,287665185491.37115,59.5169163446883,0.028806983,75.027,0.66286808945017,133265336.60888693,7.18597349015052,8.46898451617795,50690.0,1.35,1198.79,365244.0,385178.0,4431464,11.438657743806562,1998-01-01
Norway,90,1999,0.250957233156169,3.5875975824195896,33.169333377139665,293455492404.6707,59.4149466039327,0.030387281,75.569,0.667541148511592,133265336.60888693,5.72703289889849,8.823569621370924,52650.0,2.0,1268.26,365244.0,385178.0,4461913,11.79987149009853,1999-01-01
Norway,90,2000,0.252435337752322,4.865519278642124,33.16413137519028,302860679962.7982,60.1846008300781,0.031967579,76.02,0.669445169506665,133265336.60888693,6.40153698908974,7.588566115048273,47280.0,2.73,1304.95,365244.0,385178.0,4490967,10.52779946946838,2000-01-01
Norway,90,2001,0.249883815999584,1.8337502910322208,33.16111968985117,309144404257.5177,59.6026992797852,0.0280006244,76.378,0.673110814714156,133265336.60888693,6.41290686549555,7.705343072757004,47910.0,1.44,1160.36,365244.0,385178.0,4513751,10.614231932598852,2001-01-01
Norway,90,2002,0.185677112559524,1.5403480176023765,33.15810800451205,313615418001.4466,59.4894981384277,0.0240336698,76.733,0.677872693124741,133265336.60888693,5.67820542493057,7.595591075588141,47390.0,2.15,1034.9,365244.0,385178.0,4538159,10.442560518483376,2002-01-01
Norway,90,2003,0.185976683815496,1.8261853060271864,33.15509631917294,316469649684.8195,56.2532997131348,0.0200667152,77.084,0.67657240063127,133265336.60888693,6.06779184670103,8.131693120592,49320.0,2.28,1087.99,365244.0,385178.0,4564855,10.804286225958984,2003-01-01
Norway,90,2004,0.184631650854697,1.859462653465051,33.15208463383382,329031642037.8215,56.8679008483887,0.0200667152,77.399,0.677507725317782,133265336.60888693,6.69000246455524,8.157825392919285,49830.0,2.33,1136.4,365244.0,385178.0,4591910,10.851693521867809,2004-01-01
Norway,90,2005,0.185959415340258,3.256481585175066,33.149072948494705,337670104371.1892,58.5881004333496,0.0200667152,77.675,0.697081704155333,133265336.60888693,6.12401848434027,7.866690632279041,48570.0,2.44,1176.41,365244.0,385178.0,4623291,10.505503547148557,2005-01-01
Norway,90,2006,0.184509905513655,3.4370845255228906,33.14606126315559,345773607522.9925,57.0558013916016,0.0200667152,77.95,0.743432927223239,133265336.60888693,6.5556742925429,8.01600282534061,48990.0,2.76,1201.18,365244.0,385178.0,4660677,10.51134845860376,2006-01-01
Norway,90,2007,0.184020308439115,6.187028113106057,33.14304957781648,356127064172.78064,57.3867988586426,0.0200667152,78.234,0.746816846818348,133265336.60888693,6.88421849797858,8.069391671920618,49610.0,2.43,1224.03,365244.0,385178.0,4709153,10.534803180104788,2007-01-01
Norway,90,2008,0.179984375265171,4.4517511487538775,33.14003789247736,357823457683.1661,58.489200592041,0.0200667152,78.526,0.749172341904008,133265336.60888693,6.9434905497917,7.774402648204401,48130.0,2.59,1180.93,365244.0,385178.0,4768212,10.093930387323384,2008-01-01
Norway,90,2009,0.178601399179967,2.2361413490313407,33.13702620713824,351643773896.8687,56.7541999816895,0.0200667152,78.815,0.747034185460143,133265336.60888693,6.12739064916686,7.75566888657588,47530.0,2.12,1109.02,365244.0,385178.0,4828726,9.843176026140227,2009-01-01
Norway,90,2010,0.174476855855977,5.045810032636032,33.13401452179912,354111728841.583,56.3782005310059,0.0160997606,79.102,0.762627229996359,133265336.60888693,7.15241893374093,8.56163683115536,51870.0,0.25,988.91,365244.0,385178.0,4889252,10.608984769040337,2010-01-01
Norway,90,2011,0.177364096726617,2.066358678834821,33.155370108749224,357587103441.149,56.7144012451172,0.0160997606,79.455,0.762583261211964,133265336.60888693,6.35991315892838,8.108073185859004,50120.0,2.85,1246.32,365244.0,385178.0,4953088,10.11893994211288,2011-01-01
Norway,90,2012,0.181134645053166,5.475490173345501,33.17672569569931,367253074299.88617,58.0032005310059,0.0160997606,79.874,0.760914917123244,133265336.60888693,6.17273850675964,7.7930519293034095,48980.0,1.5,1197.84,365244.0,385178.0,5018573,9.759746445852237,2012-01-01
Norway,90,2013,0.177758766656781,-0.2618033438356576,33.20908660468791,371050738865.35065,57.440601348877,0.0160997606,80.286,0.787010581459114,133265336.60888693,6.42241797082436,7.5222117861896445,48060.0,2.2,1092.69,365122.96,625217.11,5079623,9.461332071297416,2013-01-01
Norway,90,2014,0.173406675828915,0.6505165950245503,33.23181086144374,378358747545.7268,56.9207000732422,0.0160997606,80.692,0.799860024240817,133265336.60888693,6.11527960355087,7.451483600507044,48310.0,3.23,1086.58,365108.0,625222.0,5137232,9.403896884547944,2014-01-01
Norway,90,2015,0.177294424448122,1.8854478089073636,33.24564398819575,385801550067.1694,58.13330078125,0.012132806,81.091,0.802239140010708,133265336.60888693,5.80275945920224,7.44708550869241,48580.0,2.83,1289.73,365190.7,625184.78,5188607,9.36282127360966,2015-01-01
Norway,90,2016,0.180490578937765,-5.06160492142916,33.271099733248974,389935641211.11896,59.4174995422363,0.012132806,81.485,0.793444087209082,133265336.60888693,5.44049018331766,7.249949804365978,47980.0,2.52,1084.51,365145.73,625194.24,5234519,9.166076195348609,2016-01-01
Norway,90,2017,0.183189848820997,1.4810979548634415,33.294537270403374,398994977782.3704,61.1110000610352,0.012132806,81.871,0.794731331215127,133265336.60888693,5.72770875056105,6.992651840981412,46920.0,2.18,1300.07,365122.96,625217.11,5276968,8.891469495361731,2017-01-01
Norway,90,2018,0.186373138162374,-1.2961838321285657,33.317278716412154,403459047225.3796,60.8138008117676,0.012132806,82.248,0.784504559025434,133265336.60888693,5.66890291071694,7.031361188693496,47340.0,2.44,1040.17,365107.85,625221.59,5311916,8.912038518681396,2018-01-01
Norway,90,2019,0.186373138162374,4.032639237205993,33.33864226693565,406468037614.96313,60.84713452827323,0.012132806,82.616,0.773487199653141,133265336.60888693,5.607546808350569,7.006934969713599,47370.434782608696,2.18,1214.14,365107.85,635658.267826087,5347896,8.857770379717312,2019-01-01
Norway,90,2020,0.1836914617420543,-1.0507268531119895,33.36000581745914,403552919293.1692,60.97742059608999,0.011635585875,82.974,0.7787284109312831,133265336.60888693,5.562498167338379,6.973688573324213,47364.80151228733,3.32,1329.66,365107.85,646548.7142533081,5379475,8.804725649303572,2020-01-01
Oman,91,1995,0.60594158841595,0.3353997475080549,0.0096930533117932,39015009771.20247,0.0,0.040889654,71.669,0.363753710314312,75089996.3378906,3.08891341363859,7.077182573617443,19320.0,25.6,140.95,309500.0,309500.0,2204267,8.764818418095448,1995-01-01
Oman,91,1996,0.597795892727041,0.3966549154282213,0.0096930533117932,40203383641.65099,0.0,0.0407071156,71.649,0.363739483051203,82930000.3051758,3.01135478209604,7.073071716118556,19700.0,25.5,102.98,309500.0,309500.0,2236652,8.80780738353575,1996-01-01
Oman,91,1997,0.587384945706375,0.4072624957303557,0.0096930533117932,42629059783.71478,0.0,0.0405245772,71.629,0.365831347553751,100400001.525879,3.05886221678852,7.663043019274508,21280.0,25.48,157.4,309500.0,309500.0,2249759,9.45879091938292,1997-01-01
Oman,91,1998,0.578643008204689,0.7287320210471052,0.0096930533117932,43755463531.51695,0.0,0.0403420388,71.609,0.368491117891041,555739990.234375,3.01340450177311,7.673659851704746,21510.0,26.33,108.27,309500.0,309500.0,2251859,9.55210783623664,1998-01-01
Oman,91,1999,0.588969442834924,0.2571591524321355,0.0096930533117932,43900511158.42608,0.0,0.0401595004,71.589,0.374274737194776,53150001.5258789,3.21292915119822,9.06027678413835,24850.0,25.97,70.54,309500.0,309500.0,2254898,11.020454140275968,1999-01-01
Oman,91,2000,0.595640126983604,0.4203521697652679,0.0096930533117932,46776462904.14562,0.0,0.039976962,71.569,0.379978174982306,79669998.1689453,3.27616281657537,9.938389919103976,27100.0,25.9,58.0,309500.0,309500.0,2267973,11.948995865471062,2000-01-01
Oman,91,2001,0.60594328795785,0.0267404911014196,0.0096930533117932,48873359261.54065,0.0,0.03944084,71.549,0.387076876472937,8310000.419616699,3.91421199203492,11.015447334788988,29870.0,26.06,59.39,309500.0,309500.0,2294959,13.015483065274804,2001-01-01
Oman,91,2002,0.616796107906716,0.5422930684216186,0.0096930533117932,48335310078.204926,0.0,0.038904718,71.529,0.393553052896369,76970001.2207031,4.40088168831798,11.538165029166631,31510.0,26.02,95.01,309500.0,309500.0,2334860,13.495455830328156,2002-01-01
Oman,91,2003,0.595256259319784,0.1154101276811094,0.0096930533117932,47045438154.03167,0.0,0.038368596,71.509,0.39085317349394,64309997.55859381,5.7202572728632,11.596017708757657,32240.0,26.17,70.86,309500.0,309500.0,2386164,13.511225548621134,2003-01-01
Oman,91,2004,0.572556759818231,0.4484517994553781,0.0096930533117932,47653361898.7463,0.0,0.038368596,71.827,0.39503372204605,100339996.337891,5.07520527015919,11.25321199055908,32120.0,26.25,92.58,309500.0,309500.0,2445524,13.13419945991125,2004-01-01
Oman,91,2005,0.564251190146756,4.949365936437035,0.0096930533117932,48840036059.55223,0.0,0.038368596,72.4,0.392468214658561,19040000.915527303,4.86826641451536,11.098041058371637,32530.0,25.99,68.01,309500.0,309500.0,2511254,12.953687679541774,2005-01-01
Oman,91,2006,0.556248192296266,4.288769016579688,0.0096930533117932,51463668562.39921,0.0,0.038368596,72.967,0.426359119618508,54069999.6948242,6.03178504749833,14.53839247692437,42440.0,26.11,91.92,309500.0,309500.0,2580753,16.4448128123846,2006-01-01
Oman,91,2007,0.551525076542053,7.917523090283178,0.0096930533117932,53755182964.778114,0.0,0.038368596,73.527,0.435069307392861,213979995.727539,6.96738142812381,15.441286605784668,46220.0,26.36,208.02,309500.0,309500.0,2657162,17.39449834071088,2007-01-01
Oman,91,2008,0.5427716633024,4.846668800197316,0.0096930533117932,58163149995.61347,0.0,0.038368596,74.08,0.443176432833351,74650001.5258789,6.76868373627706,14.56948057329888,45550.0,25.76,68.61,309500.0,309500.0,2750956,16.557880242359385,2008-01-01
Oman,91,2009,0.53559023453734,3.070626153722076,0.0096930533117932,61718311738.76032,0.0,0.038368596,74.624,0.444739329355888,144490005.493164,5.74635630630981,14.85648007465442,48440.0,26.31,79.31,309500.0,309500.0,2876186,16.841748064972155,2009-01-01
Oman,91,2010,0.526986936344636,1.9119647859143631,0.0096930533117932,62776154506.69435,0.0,0.037832474,75.161,0.454444360997166,149447149.00425497,5.44883367898567,15.27897193265679,52480.0,26.54,70.17,309500.0,309500.0,3041435,17.255012847553868,2010-01-01
Oman,91,2011,0.523471362347205,2.102188752189757,0.0096930533117932,64593279186.56235,0.0,0.037832474,76.183,0.44994943530579,154198373.91133204,6.42652559390439,16.111460052622157,58730.0,26.12,80.99,309500.0,309500.0,3251102,18.06464392689002,2011-01-01
Oman,91,2012,0.516951602163646,1.5612029028198,0.0096930533117932,70318260489.74913,0.0,0.037832474,77.564,0.462777375315944,158041114.79600725,6.69142860938193,16.766575253335375,65340.0,26.1,68.6,309500.0,309500.0,3498031,18.67907974514805,2012-01-01
Oman,91,2013,0.504803196417239,1.7928644694682576,0.0096930533117932,73994291063.38301,0.0005000000237487,0.037832474,78.882,0.471878818822067,129634052.26469526,5.89808434491486,16.200042233263076,68280.0,25.91,116.75,309500.0,309500.0,3764805,18.1363975026595,2013-01-01
Oman,91,2014,0.503574884161617,1.3876575353227003,0.0096930533117932,74950483987.1606,0.0005000000237487,0.037832474,80.145,0.500790643943171,135097198.74603927,6.43260897648388,16.008422610438128,72070.0,26.06,123.42,309500.0,309500.0,4027255,17.895564100112857,2014-01-01
Oman,91,2015,0.511776846526888,-2.760017578467044,0.0096930533117932,78710793237.97139,0.001700000022538,0.037296352,81.35,0.499940458810418,139056284.501546,6.73484323152941,16.005282915051783,76260.0,26.51,47.54,309500.0,309500.0,4267341,17.87061310544435,2015-01-01
Oman,91,2016,0.508786806684983,3.0151971475057957,0.0090468497576736,82682873555.7961,0.001700000022538,0.037296352,82.5,0.494888062210687,148395304.79311237,6.1303194307599,15.52503484425961,77840.0,26.39,72.04,309500.0,309500.0,4479217,17.378037277497384,2016-01-01
Oman,91,2017,0.523849610937213,3.607982141823262,0.0087237479806138,82934277088.56458,0.0015999999595806,0.037296352,83.56,0.492464514509412,153497112.1911416,6.72459741869233,14.980949119210209,78490.0,26.51,73.42,309500.0,309500.0,4665926,16.82195559895292,2017-01-01
Oman,91,2018,0.532862675839226,6.492723965438832,0.0084006462035541,84001727416.20744,0.0015000000130385,0.037296352,84.539,0.493219476494699,159867620.37918073,6.28841815446399,15.192124362974369,82300.0,26.34,69.54,309500.0,309500.0,4829476,17.0411862487773,2018-01-01
Oman,91,2019,0.532862675839226,4.970259366675127,0.0080775444264943,83053174485.82832,0.0015652174049097,0.037296352,85.443,0.50554957747498,164119593.52498713,6.427527056239008,15.544947919033364,85038.26086956522,26.56,80.11,309500.0,309500.0,4974992,17.093145249191398,2019-01-01
Oman,91,2020,0.5298177211485291,3.865761901413405,0.0080775444264943,80394695532.95352,0.001633270335558,0.0371466310833333,86.276,0.5114577386066744,174482421.56851998,6.576056285549572,15.913290362638357,87879.05482041588,26.23,102.74,309500.0,309500.0,5106622,17.208842718418534,2020-01-01
Pakistan,129,1995,0.662588135610281,1.1917529082369314,6.160524335823993,124794869863.34856,53.1228760166441,0.358725356,31.836,0.363725232153295,500640014.6484381,0.768503971262213,0.6683803152665845,195560.0,20.31,344.14,770880.0,796100.0,123776835,1.5799402206398314,1995-01-01
Pakistan,129,1996,0.663002021242161,1.456055581774906,6.098837691988377,130843154669.86217,52.1697429164645,0.3595003226,32.092,0.363727207583293,687250000.0,0.769267004017875,0.6738945931957392,202600.0,20.24,328.04,770880.0,796100.0,127349293,1.590900076689079,1996-01-01
Pakistan,129,1997,0.659901781138963,1.1472293176272816,6.037151048152761,132170422414.92204,51.9367244532855,0.3602752892,32.348,0.360504138851377,682229980.46875,0.760627478582322,0.6815332685596952,209520.0,19.79,333.38,770880.0,796100.0,131057432,1.598688428444104,1997-01-01
Pakistan,129,1998,0.651217971488011,0.8136100455024841,5.975464404317145,135541077856.021,51.6034780983814,0.3610502558,32.585,0.357289790497814,825549987.792969,0.778797141690845,0.6687024479752722,213320.0,20.85,276.6,770880.0,796100.0,134843233,1.5819852079636805,1998-01-01
Pakistan,129,1999,0.648967789491567,0.8447950247398311,5.913777760481527,140502061227.38235,50.2344767001961,0.3618252224,32.783,0.357250788492255,613630004.882813,0.809893409764346,0.7123553986169485,225890.0,21.26,227.04,770880.0,796100.0,138624625,1.6295084657577974,1999-01-01
Pakistan,129,2000,0.646942167211115,0.3755284980674663,5.852091116645911,146487572693.57147,51.0541000366211,0.362600189,32.982,0.35721257432474,549619995.117188,0.784517209433826,0.6910743563339978,228010.0,21.05,205.78,770880.0,796100.0,142343583,1.6018284435063013,2000-01-01
Pakistan,129,2001,0.647687638930332,0.4755649926894866,5.797928341635533,151694353661.57047,51.5448989868164,0.3374308508,33.18,0.355566532339458,1785150024.41406,0.733710036000985,0.6837312542824827,231230.0,21.15,238.99,770880.0,796100.0,145978408,1.5840013819030003,2001-01-01
Pakistan,129,2002,0.646605650442403,1.0337277405427727,5.743765566625156,155499360359.8496,51.3940010070801,0.3122615126,33.38,0.352061714380404,1951550048.82813,0.756628840051155,0.6840535515635788,237640.0,21.19,208.99,770880.0,796100.0,149549695,1.5890370087347887,2002-01-01
Pakistan,129,2003,0.645886864309955,0.5819494772919472,5.689602791614778,164482611265.20532,50.0932998657227,0.2870921744,33.58,0.357459475493676,1043199951.17188,0.75587177877831,0.690167048447839,245480.0,20.73,363.43,770880.0,796100.0,153093371,1.6034659005581633,2003-01-01
Pakistan,129,2004,0.643670938574963,1.0374937638273778,5.6354400166044005,176895883687.01694,47.9276008605957,0.2870921744,33.781,0.346528105566984,1327510009.76563,0.780029717604825,0.7573499423590629,262420.0,21.43,247.54,770880.0,796100.0,156664698,1.6750423251063236,2004-01-01
Pakistan,129,2005,0.646203745523103,1.833321933138503,5.581277241594022,188427333766.41797,47.962100982666,0.2870921744,33.982,0.370322311951894,1476699951.17188,0.812058681132314,0.7589953755803497,270700.0,20.53,320.2,770880.0,796100.0,160304007,1.6886664598471328,2005-01-01
Pakistan,129,2006,0.644777824541975,3.112977982415143,5.527114466583645,199542632868.45224,47.0434989929199,0.2870921744,34.184,0.447736775383403,2059510009.76563,0.801682343734291,0.8076934459030061,290100.0,21.24,356.73,770880.0,796100.0,164022626,1.768658428868222,2006-01-01
Pakistan,129,2007,0.644429886131744,3.668322816134486,5.472951691573267,209186163705.0404,44.8478012084961,0.2870921744,34.387,0.447338090667706,2003900024.41406,0.855195670609192,0.8715907919251529,306860.0,21.21,308.04,770880.0,796100.0,167808106,1.8286363353627269,2007-01-01
Pakistan,129,2008,0.642508269477444,3.197360001699604,5.41878891656289,212745268527.28583,46.6292991638184,0.2870921744,34.59,0.444888161300706,1060079956.05469,0.830530834864808,0.8282018144657355,309840.0,21.11,328.47,770880.0,796100.0,171648984,1.8050791375496869,2008-01-01
Pakistan,129,2009,0.64107106776131,1.3904022672624476,5.364626141552511,218769488047.73343,46.4262008666992,0.2870921744,34.793,0.444846732112751,2532870117.1875,0.841528902310721,0.8268878826286375,320200.0,21.5,278.03,770880.0,796100.0,175525610,1.8242352212876516,2009-01-01
Pakistan,129,2010,0.642042064455078,1.1413048580896907,5.310463366542134,222284432536.034,47.3987998962402,0.2619228362,34.997,0.468662121655021,2933209960.9375,0.785739021174441,0.7837273500942677,314470.0,21.57,391.04,770880.0,796100.0,179424643,1.7526577996312358,2010-01-01
Pakistan,129,2011,0.631843957659123,0.6208231001223433,5.268659194686593,228393711033.31445,46.7611999511719,0.2619228362,35.202,0.464624399907478,3714360107.42188,0.764416678908517,0.7725530174053293,323170.0,21.26,317.7,770880.0,796100.0,183340168,1.762679741844679,2011-01-01
Pakistan,129,2012,0.616648216395763,0.3828265168483276,5.2268550228310495,236403554808.65228,47.2011985778809,0.2619228362,35.408,0.468360937740043,2017410034.17969,0.725933485991969,0.7675667666283328,326970.0,20.68,258.89,770880.0,796100.0,187280125,1.7458873438919371,2012-01-01
Pakistan,129,2013,0.608673192153792,0.5765107950730309,5.185050850975508,246796934575.8617,48.1325988769531,0.2619228362,35.613,0.476150005092016,2194469970.70313,0.732407564041619,0.7586499730140728,337420.0,21.27,341.38,770880.0,796100.0,191260799,1.7641879661916502,2013-01-01
Pakistan,129,2014,0.604707761985016,0.7722185042158338,5.143246679119967,258333970574.422,47.2154006958008,0.2619228362,35.819,0.283597650399065,3615820068.35938,0.755742026399853,0.7868205655674623,351040.0,20.91,245.45,770880.0,796100.0,195305012,1.7973937094865748,2014-01-01
Pakistan,129,2015,0.601664027523663,0.6183559727442538,5.101442507264426,270556131701.17093,45.878101348877,0.236753498,36.026,0.281804104541637,3764020019.53125,0.737633113316015,0.8203003532827381,365780.0,21.13,396.76,770880.0,796100.0,199426953,1.834155285920655,2015-01-01
Pakistan,129,2016,0.600097395220996,0.9244418183432154,5.017953507679535,285509054412.05365,43.6949996948242,0.236753498,36.234,0.278904433266193,2961110107.42188,0.769398583872245,0.886749484691346,389400.0,21.77,287.45,770880.0,796100.0,203631356,1.912279167850751,2016-01-01
Pakistan,129,2017,0.603049912174294,0.8195234299218794,4.994188459941884,301367019402.694,42.0941009521484,0.236753498,36.442,0.283384513803431,2364310058.59375,0.827476618655079,0.950909547146283,414600.0,21.51,273.09,770880.0,796100.0,207906210,1.9941684281580625,2017-01-01
Pakistan,129,2018,0.605658067662466,0.5521866596264384,4.940561436280615,318956056854.93964,41.7417984008789,0.236753498,36.666,0.284196497828593,1386930053.71094,0.771034468900011,0.981820104961691,431220.0,21.82,190.75,770880.0,796100.0,212228288,2.0318686262973578,2018-01-01
Pakistan,129,2019,0.605658067662466,0.8005544139940124,4.886934412619344,322607305056.7082,41.24696893932389,0.236753498,36.907,0.285083280867037,2170739990.23438,0.7711444905364371,0.9954479219049566,441466.0869565217,20.94,366.53,770880.0,796100.0,216565317,2.0384893254007137,2019-01-01
Pakistan,129,2020,0.6032859814979737,0.7842544767338908,4.83386816581915,330849489856.4315,40.77206572292648,0.23167133725,37.11829166666666,0.2818065328967762,2240327489.217128,0.7712261203850702,1.009428501414053,451851.5689981096,20.96625,367.4629166666666,770880.0,796100.0,220431503,2.057595538099084,2020-01-01
Panama,92,1995,0.495239776852669,2.9382230406259104,60.865886467581376,16601914501.534683,35.2838615977552,0.170182123,58.141,0.340202290223976,46549999.237060495,2.51922310166941,1.591434287451723,10070.0,25.43,2464.28,74340.0,75420.0,2739667,3.6756291914309296,1995-01-01
Panama,92,1996,0.490769687756378,4.339195181112516,60.64358353510896,17279223339.67569,37.3484444644955,0.1594097478,58.978,0.343971830001501,58020000.4577637,2.43112383315731,1.5770890797846149,10030.0,24.98,2510.68,74340.0,75420.0,2796291,3.5868942109387043,1996-01-01
Panama,92,1997,0.494520141050676,12.289639780280872,60.42128060263654,18395632307.763397,37.0398109626782,0.1486373726,59.807,0.352048484701724,54930000.3051758,2.27562091094457,1.625841346617111,9940.0,25.43,2459.99,74340.0,75420.0,2853907,3.4829446089168288,1997-01-01
Panama,92,1998,0.495040522336511,11.361941559535676,60.19897767016411,19746147782.938145,31.9669558063151,0.1378649974,60.632,0.359158764145948,32060001.373291,2.36819253734969,1.964071231232304,10980.0,25.66,2453.55,74340.0,75420.0,2912318,3.770192678134737,1998-01-01
Panama,92,1999,0.486574196699774,8.602459229990288,59.976674737691695,20519645184.911457,34.2160202038802,0.1270926222,61.451,0.355879131862033,24350000.3814697,2.2179477360966,1.6861891015641173,10100.0,24.79,2544.1,74340.0,75420.0,2971197,3.399303378402711,1999-01-01
Panama,92,2000,0.469080240672863,6.727830485979691,59.75437180521927,21076830326.924995,27.673999786377,0.116320247,62.198,0.350320607262696,26950000.762939498,2.2165972925253,1.742382767834426,10230.0,24.86,2438.66,74340.0,75420.0,3030333,3.3758666126792005,2000-01-01
Panama,92,2001,0.48019045348445,4.853618218006389,59.60082055421039,21197868828.62073,24.0394992828369,0.1141588336,62.497,0.353567161652218,34819999.6948242,2.22755065890335,2.0131788774165025,11630.0,25.3,2471.95,74340.0,75420.0,3089641,3.764191373690341,2001-01-01
Panama,92,2002,0.479447403825533,1.9016014886022727,59.4472693032015,21670400997.953465,28.7054996490479,0.1119974202,62.794,0.357166459382678,29780000.6866455,2.25034522291142,1.7178993361795634,10930.0,25.46,2537.29,74340.0,75420.0,3149195,3.470728233723221,2002-01-01
Panama,92,2003,0.473321071412202,7.671983659507288,59.293718052192624,22581748833.14771,27.4479007720947,0.1098360068,63.091,0.351721622457962,36540000.9155273,2.27571728007974,1.7232482075725697,11140.0,25.51,2595.82,74340.0,75420.0,3209056,3.4714258648026086,2003-01-01
Panama,92,2004,0.478626136963705,8.51173989668164,59.14016680118376,24280365968.511837,28.2084999084473,0.1098360068,63.387,0.355112476191119,30969999.3133545,2.2746675222432,1.7159342696237423,11250.0,25.3,2643.98,74340.0,75420.0,3269356,3.4410446583363816,2004-01-01
Panama,92,2005,0.478011595732556,6.744677126644668,58.98661555017487,26026434925.217068,22.7658004760742,0.1098360068,63.682,0.347860459464485,28440000.5340576,2.5852521469091,2.137995605097798,12930.0,25.29,2444.46,74340.0,75420.0,3330222,3.8826240412801303,2005-01-01
Panama,92,2006,0.480672914544032,16.229490452042985,58.833064299166,28278363256.777992,22.0918998718262,0.1098360068,63.976,0.357369761796491,38810001.373291,2.89165166691611,2.208349684654152,13470.0,25.35,2372.8,74340.0,75420.0,3391673,3.9714913554461178,2006-01-01
Panama,92,2007,0.49535347055381,10.443283465810602,58.67951304815712,31667238224.346523,22.8082008361816,0.1098360068,64.268,0.363472896145086,-127669998.168945,2.86437658990803,2.165811393152388,13500.0,25.21,2604.3,74340.0,75420.0,3453671,3.908884198871288,2007-01-01
Panama,92,2008,0.494017364595359,9.500757601738172,58.52596179714823,34788251861.97117,23.3607006072998,0.1098360068,64.56,0.37379928738534,35439998.626709,2.85914162844501,2.0761025241993925,13630.0,24.99,2589.96,74340.0,75420.0,3516204,3.8763393705257143,2008-01-01
Panama,92,2009,0.47966335605215,4.003077732084521,58.37241054613936,35220667245.9997,20.3684997558594,0.1098360068,64.851,0.373249104426043,66550003.0517578,2.7992741664717,2.4307005865811355,15220.0,25.46,2469.86,74340.0,75420.0,3579215,4.252329072156884,2009-01-01
Panama,92,2010,0.46191425049726,8.658543137404545,58.218859295130486,37273325312.38539,20.6000003814697,0.1076745934,65.14,0.381358451509931,129610000.610352,2.99992921273923,2.5228601602496616,15880.0,25.45,2635.87,74340.0,75420.0,3642691,4.3594145097676416,2010-01-01
Panama,92,2011,0.454508235607009,12.672466054054802,58.06529459241323,41490290029.684906,19.6916007995605,0.1076745934,65.437,0.386276346755098,110940002.441406,3.04132832487684,2.695280345578648,16970.0,25.22,2595.32,74340.0,75420.0,3706479,4.578469215662627,2011-01-01
Panama,92,2012,0.469119373927813,8.36488305330077,57.911729889696,45547553926.19572,21.2525005340576,0.1076745934,65.741,0.37773295657488,51349998.4741211,2.46102373999634,2.774068558744084,17680.0,25.43,2243.07,74340.0,75420.0,3770635,4.688865403307401,2012-01-01
Panama,92,2013,0.44739242921796,8.331141446187102,57.75816518697875,48691900511.4064,20.7227993011475,0.1076745934,66.052,0.384701430753194,9210000.03814697,2.40184792801202,2.7663007727652085,18030.0,25.62,2256.41,74340.0,75420.0,3835447,4.7008862330779175,2013-01-01
Panama,92,2014,0.454114183555874,9.984482753800346,57.77558014031301,51158930736.00701,19.7833995819092,0.1076745934,66.371,0.408215544410648,-193259994.506836,2.26763832592156,2.8913357586718926,18630.0,25.76,2474.64,74120.0,75320.0,3901311,4.775317835466078,2014-01-01
Panama,92,2015,0.45148041690439,9.464111307770594,57.62155963302752,54091713775.5634,21.9006996154785,0.10551318,66.696,0.409761657107794,10250000.0,2.33926265874831,2.6962396276669462,18090.0,25.83,2268.41,74120.0,75320.0,3968490,4.55840886584066,2015-01-01
Panama,92,2016,0.435269197972918,9.063310865933394,57.46762007555317,56771111623.678055,22.1005001068115,0.10551318,67.027,0.398784614991001,22610000.6103516,2.29444783929587,2.66777439991796,18300.0,25.87,2296.83,74120.0,75320.0,4037073,4.532987141921883,2016-01-01
Panama,92,2017,0.446247412239294,6.562513869805514,57.313545601726936,59945370839.2337,23.5802001953125,0.10551318,67.365,0.39449668339188,41750000.0,2.9176883763692,2.495882402787206,17900.0,25.44,2396.69,74120.0,75320.0,4106764,4.358662927794244,2017-01-01
Panama,92,2018,0.448364295832405,8.112289631859895,57.11568275880663,62154564175.71512,24.4111995697021,0.10551318,67.709,0.398046355182954,39099998.4741211,2.92308214250678,2.427656320477449,18010.0,25.37,2557.86,74177.0,75320.0,4176868,4.311843227988052,2018-01-01
Panama,92,2019,0.448364295832405,6.6451704915844285,56.96172668077706,64006593334.06464,23.93847513369979,0.10551318,68.059,0.388505429697723,71459999.0844727,2.9406412312388395,2.46401380017422,18355.217391304348,25.71,2581.67,74177.0,75315.65217391304,4246440,4.322495405870411,2019-01-01
Panama,92,2020,0.446411150789894,-3.991946397581429,56.80790541542527,52520697209.23373,23.355432988882583,0.1028186407083333,68.414,0.3905180605091291,72497915.74478154,2.9627941615902103,2.502575744538985,18717.18336483932,25.7,2564.17,74177.0,75311.11531190926,4314768,4.337935055798902,2020-01-01
Paraguay,93,1995,0.53197413232168,1.0428010260109175,61.08420588975585,20358064591.98684,70.1717942056015,0.430503399,52.131,0.274276795884517,121309997.558594,4.74602647910136,0.7913184411947819,30900.0,23.64,1000.49,397300.0,406750.0,4776838,6.468714241512901,1995-01-01
Paraguay,93,1996,0.523714367883332,1.4282223590412226,60.441313868613136,20678456785.6476,70.7590966628391,0.4839731536,52.774,0.274641338555892,71980003.3569336,4.5262822735043,0.7611038297026089,30160.0,23.14,1256.16,397300.0,406750.0,4887638,6.17066975909427,1996-01-01
Paraguay,93,1997,0.520808394237548,2.317057410035104,59.79842184747043,21555743644.56827,69.5208894538394,0.5374429082,53.414,0.268862410153554,82019996.6430664,4.31456176117409,0.8223131368425096,30870.0,24.13,1280.97,397300.0,406750.0,4998096,6.176351954824397,1997-01-01
Paraguay,93,1998,0.517951036411742,3.6779944686054016,59.15552982632772,21570409688.79177,67.4398156824786,0.5909126628,54.054,0.264198189896468,60689998.626709,4.16956946728522,0.8359698032827966,31430.0,23.28,1352.32,397300.0,406750.0,5107840,6.1532859290815685,1998-01-01
Paraguay,93,1999,0.517269634480353,0.9867523701409118,58.512637805184994,21275740698.15145,65.8758607424061,0.6443824174,54.693,0.262393813964378,74040000.9155273,4.22398342321793,0.8185806693037617,31990.0,23.47,938.97,397300.0,406750.0,5216346,6.132645342160969,1999-01-01
Paraguay,93,2000,0.516646548479889,1.2172943690102758,57.86974578404228,20783390151.472523,70.4143981933594,0.697852172,55.331,0.260909033265107,80190002.44140631,3.88937672205244,0.6612561386924637,30890.0,23.4,1138.22,397300.0,406750.0,5323202,5.802898330741535,2000-01-01
Paraguay,93,2001,0.50652604929922,1.1676348889518078,57.008572866851246,20610045305.61442,69.8432006835938,0.6906826326,55.966,0.263087630375864,68889999.3896484,3.83084142803646,0.6668580045618983,33040.0,24.06,1015.32,397300.0,406750.0,5428442,6.086460903515226,2001-01-01
Paraguay,93,2002,0.49679736732956,1.2562079712052334,56.147399949660205,20605633850.107822,67.6830978393555,0.6835130932,56.6,0.26763513509137,65989997.8637695,3.94436685750907,0.6833023678053955,32480.0,24.17,1155.67,397300.0,406750.0,5531958,5.871338864105621,2002-01-01
Paraguay,93,2003,0.49462660617357,-0.7501916949905963,55.28622703246916,21495950844.448296,67.0501022338867,0.6763435538,56.977,0.273791376181457,65500000.0,3.95605149273176,0.6994517824747563,34760.0,23.79,1128.85,397300.0,406750.0,5632983,6.170797959092012,2003-01-01
Paraguay,93,2004,0.492675586096527,0.9764619222927918,54.42505411527813,22368131501.44948,66.7547988891602,0.6763435538,57.305,0.28162504972853,34549999.237060495,3.38179055708635,0.6927774547530815,32920.0,23.47,1115.73,397300.0,406750.0,5730556,5.744643277196838,2004-01-01
Paraguay,93,2005,0.490118746977405,0.067986029076693,53.56388119808708,22845353498.87746,68.8097991943359,0.6763435538,57.633,0.283852618555625,63619998.9318848,3.01269473155108,0.6352918350404656,33920.0,23.54,984.56,397300.0,406750.0,5824095,5.824080822857457,2005-01-01
Paraguay,93,2006,0.487746323116545,1.3984212233664437,52.70270828089605,23943556414.65138,67.2301025390625,0.6763435538,57.96,0.267693964875975,68989997.8637695,2.85458410241819,0.6477021287246255,34380.0,24.04,1112.86,397300.0,406750.0,5913212,5.814099004060737,2006-01-01
Paraguay,93,2007,0.487692937573013,0.5880287272634468,51.84153536370501,25241685745.642,66.7547988891602,0.6763435538,58.286,0.276736530913576,120660003.662109,3.11487263832352,0.6585056423097377,36810.0,23.5,1061.05,397300.0,406750.0,5998430,6.1366057451699865,2007-01-01
Paraguay,93,2008,0.487562607039959,1.3724757122210534,50.98036244651397,26881459387.61788,66.6011962890625,0.6763435538,58.612,0.302721251851018,138559997.55859402,3.04725828965257,0.6873534851781594,36010.0,23.46,1007.27,397300.0,406750.0,6081296,5.92143516776687,2008-01-01
Paraguay,93,2009,0.486939610546566,0.1203859367096398,50.11918952932293,26811261862.82407,66.3789978027344,0.6763435538,58.937,0.304563412681448,161669998.168945,2.82641649713067,0.7089586743608421,38070.0,23.73,1110.91,397300.0,406750.0,6163970,6.176214355358641,2009-01-01
Paraguay,93,2010,0.484949716966656,2.0396080072512457,49.2580166121319,29786033372.5215,63.6138000488281,0.6691740144,59.261,0.305417098896388,112360000.610352,3.26728051083179,0.8066559357953091,40660.0,23.32,1099.08,397300.0,406752.0,6248017,6.507664751872474,2010-01-01
Paraguay,93,2011,0.483516364281721,1.374542949555363,48.21534356909137,31062773330.71547,62.4430999755859,0.6691740144,59.584,0.312055780557166,79980003.3569336,3.56309514814499,0.8241262485631075,41900.0,23.59,1107.53,397300.0,406752.0,6333981,6.615112991339886,2011-01-01
Paraguay,93,2012,0.483558056084562,2.183849195241411,47.17267052605085,30842835503.65273,63.4174003601074,0.6691740144,59.907,0.314191568848628,104569999.694824,3.19286490434936,0.8066638532058659,43280.0,24.22,1094.85,397300.0,406752.0,6421510,6.739847792808856,2012-01-01
Paraguay,93,2013,0.491889226126591,0.8086835959494547,46.12999748301032,33400655443.471924,62.5381011962891,0.6691740144,60.197,0.317167130989328,130710006.713867,3.38530953412781,0.8140979648626102,44800.0,23.57,1055.7,397300.0,406752.0,6510273,6.881431853933007,2013-01-01
Paraguay,93,2014,0.487113447985372,1.36136057787871,45.0873244399698,35171303879.94588,62.5256004333496,0.6691740144,60.474,0.341264704730215,62419998.1689453,3.09796230529948,0.8530918290470646,46870.0,24.31,1337.42,397300.0,406752.0,6599524,7.102027358336753,2014-01-01
Paraguay,93,2015,0.483693732429921,1.3268459009915854,44.04465139692927,36211372702.808464,60.5124015808105,0.662004475,60.75,0.347129309453788,60180000.3051758,2.88664380457521,0.9523459255292396,47310.0,24.4,1377.25,397300.0,406752.0,6688746,7.0730746839542125,2015-01-01
Paraguay,93,2016,0.481312402553168,1.3653883252366747,43.62730933803171,37756883444.30105,62.4925003051758,0.662004475,61.026,0.365559275642686,88540000.9155273,2.77659146617868,1.054902434065647,48060.0,23.35,1214.51,397300.0,406752.0,6777878,7.090714822544755,2016-01-01
Paraguay,93,2017,0.476278717998464,1.9094219829803,42.63848477221244,39573019311.36641,60.1116981506348,0.662004475,61.3,0.365055580807595,142750000.0,3.06095923201974,1.1649821510172187,50540.0,24.19,1163.95,397300.0,406752.0,6867058,7.359774739051279,2017-01-01
Paraguay,93,2018,0.460203934588212,0.8187995987831714,41.93538887490561,40841037917.50242,59.2313995361328,0.662004475,61.585,0.365902773775219,164509994.506836,3.06994980717628,1.2104537778449294,49170.0,23.57,1208.24,397300.0,406752.0,6956069,7.06864753641748,2018-01-01
Paraguay,93,2019,0.460203934588212,1.572899659835166,41.2323181474956,40676916123.46027,58.75573020267764,0.662004475,61.879,0.362158496877015,129880004.882813,2.9970769083969286,1.2286770533514575,49964.34782608696,24.07,1094.42,397300.0,406752.0869565217,7044639,7.092534880224092,2019-01-01
Paraguay,93,2020,0.4572135096826508,1.745602744488597,40.52922225018877,40446808660.9894,58.23384470440975,0.6716503531666667,62.183,0.3658202344183691,130237088.52132212,2.930589718609652,1.2490063239448856,50825.406427221176,24.46,882.52,397300.0,406752.1776937618,7132530,7.125859467428974,2020-01-01
Peru,94,1995,0.677276498405205,4.796187412337959,59.27592578125,76918772627.41531,33.282985370877,0.091503599,70.951,0.350252669385043,386950012.207031,1.8498718596207,1.045303279519694,52080.0,19.83,1384.92,1280000.0,1285220.0,24299168,2.1432832597395928,1995-01-01
Peru,94,1996,0.677395095340038,6.282348119331004,59.1860265625,79071708366.05087,31.7145352264847,0.095029657,71.377,0.349675620995144,331700012.207031,1.90820248142449,1.1206348917793512,55670.0,19.23,1494.64,1280000.0,1285220.0,24753825,2.248945365009246,1996-01-01
Peru,94,1997,0.674912754177022,3.679021748813789,59.096127343750005,84193044083.44469,31.7398884822982,0.098555715,71.798,0.354861839404377,402339996.33789104,1.79816315269637,1.1086449435457764,56970.0,20.27,1531.48,1280000.0,1285220.0,25210957,2.2597317507621786,1997-01-01
Peru,94,1998,0.668100629642613,2.961992146871564,59.00622812499999,83863396696.45828,32.6922895098684,0.102081773,72.216,0.334009271314099,492820007.324219,1.85024146716634,1.038269830895309,57160.0,20.49,1469.49,1280000.0,1285220.0,25658070,2.2277591416657607,1998-01-01
Peru,94,1999,0.66315373120631,3.865535405012393,58.91632890625,85117079539.32903,30.6801285582867,0.105607831,72.631,0.332492192741089,459279998.779297,1.81669647907678,1.1059005199534708,61510.0,19.34,1693.73,1280000.0,1285220.0,26078295,2.358666469567892,1999-01-01
Peru,94,2000,0.659860907850847,1.5647901933942403,58.8264296875,87410449785.30844,38.5722999572754,0.109133889,73.042,0.329376381139772,412670013.427734,1.79058131541396,1.0744542770007373,62310.0,19.53,1618.62,1280000.0,1285220.0,26459944,2.354880267320293,2000-01-01
Peru,94,2001,0.654655681358173,2.199224501580588,58.72892734375,87950552246.32555,41.2309989929199,0.1085503328,73.448,0.327366634240178,461089996.33789104,1.77724200840201,0.9836081845305672,60500.0,19.36,1658.63,1280000.0,1285220.0,26799289,2.257522578304223,2001-01-01
Peru,94,2002,0.647737927611986,3.935620845388675,58.63142500000001,92746961064.37476,40.2070999145508,0.1079667766,73.85,0.327022306221561,497540008.544922,1.83704709544908,1.0165690047040394,62460.0,19.79,1627.32,1280000.0,1285220.0,27100964,2.30471506474825,2002-01-01
Peru,94,2003,0.644044450498589,2.27308642513175,58.53392265624999,96609893451.25606,40.9118003845215,0.1073832204,74.249,0.332288627505968,509160003.66210896,1.71525272182705,0.9842096458609838,62290.0,19.7,1693.47,1280000.0,1285220.0,27372217,2.2756651388522897,2003-01-01
Peru,94,2004,0.637139762344831,2.3948920754814824,58.436420312500005,101400008285.78288,37.8308982849121,0.1073832204,74.644,0.337657126889262,479079986.5722661,1.88031027745725,1.1330634204918535,66670.0,19.83,1685.02,1280000.0,1285220.0,27624226,2.413461285756929,2004-01-01
Peru,94,2005,0.630589052924087,3.3903481692681274,58.33891796875,107773059976.1967,38.3468017578125,0.1073832204,75.034,0.331368697862753,465420013.427734,1.91695304797094,1.125021262363571,67840.0,19.67,1474.89,1280000.0,1285220.0,27866140,2.4344957715708024,2005-01-01
Peru,94,2006,0.622212102437012,3.91065680458788,58.241415625,115887184858.49814,38.6967010498047,0.1073832204,75.421,0.350848157833631,459899993.896484,1.98377728251369,1.105968940705582,67810.0,19.77,1733.66,1280000.0,1285220.0,28102055,2.412990793733768,2006-01-01
Peru,94,2007,0.614158545020753,5.374286559256258,58.14391328124999,125758904639.43352,36.0481986999512,0.1073832204,75.803,0.352044224610944,321339996.33789104,2.05240063866358,1.2038943918850955,71710.0,19.23,1620.19,1280000.0,1285220.0,28333050,2.530966486135449,2007-01-01
Peru,94,2008,0.617832886722231,5.743356976427863,58.046410937500006,137236376966.52467,33.709098815918,0.1073832204,76.052,0.359606850895937,474589996.33789104,2.1823058168944,1.3500303424221023,76510.0,19.51,1609.67,1280000.0,1285220.0,28562321,2.678703877041365,2008-01-01
Peru,94,2009,0.624639066612995,5.322375440346056,57.948908593750005,138740245654.41135,32.9168014526367,0.1073832204,76.241,0.352083095452944,442950012.207031,2.10092603857861,1.4475910060837374,80650.0,19.86,1610.91,1280000.0,1285220.0,28792663,2.801060811915869,2009-01-01
Peru,94,2010,0.618744416174731,5.730826614890737,57.85140625,150300719889.20435,32.1669998168945,0.1067996642,76.43,0.36603124713417,-298890014.64843804,2.1537483362915,1.5698808861059512,84650.0,19.82,1358.15,1280000.0,1285220.0,29027680,2.916182071732912,2010-01-01
Peru,94,2011,0.601792889425969,4.472626581841661,57.7177703125,159810535617.60098,30.6333999633789,0.1067996642,76.617,0.378874922761388,590719970.703125,2.30797060148523,1.660042330054277,88120.0,19.56,1562.47,1280000.0,1285220.0,29264314,3.011176000913604,2011-01-01
Peru,94,2012,0.595452908003927,7.071142424124655,57.584134375000005,169622462555.0735,30.7961006164551,0.1067996642,76.804,0.380607629597386,385559997.558594,2.22157187348784,1.639283703852571,88380.0,19.77,1400.17,1280000.0,1285220.0,29506790,2.995242789879889,2012-01-01
Peru,94,2013,0.595695614500124,4.884294584855102,57.4504984375,179549648065.80017,28.3526000976563,0.1067996642,76.989,0.387749282768999,363660003.66210896,2.3353438376007,1.6631968591642383,89840.0,19.38,1543.86,1280000.0,1285220.0,29773986,3.0173991483706617,2013-01-01
Peru,94,2014,0.591883501871602,1.9572465703233628,57.3168625,183826803243.2503,28.5688991546631,0.1067996642,77.173,0.400432666646133,328299987.792969,2.27535866808931,1.7550464314631935,93240.0,19.78,1500.9,1280000.0,1285220.0,30090372,3.0986655798073883,2014-01-01
Peru,94,2015,0.588492177609227,4.380260592119068,57.1832265625,189805300841.6028,27.4379997253418,0.106216108,77.357,0.403657759356571,334829986.57226604,2.40324789359519,1.766284696934984,94880.0,20.36,1510.83,1280000.0,1285220.0,30470739,3.1138069870901397,2015-01-01
Peru,94,2016,0.57738774650808,3.5118261094486467,57.03928125000001,197308909322.23013,27.2106990814209,0.106216108,77.539,0.409165265049261,320200012.207031,2.25183720428782,1.8279096616197432,98040.0,20.3,1492.84,1280000.0,1285220.0,30926036,3.17014440518662,2016-01-01
Peru,94,2017,0.586586099933723,3.251307337468183,56.90217187500001,202278796061.1159,27.6040000915527,0.106216108,77.72,0.403868810153882,-1259999.99046326,2.19751269427753,1.717004408334878,96040.0,20.06,1550.9,1280000.0,1285220.0,31444299,3.0542897458137004,2017-01-01
Peru,94,2018,0.593735860721902,2.782862210100748,56.77815625,210307558791.89465,27.8973999023438,0.106216108,77.907,0.406285930159073,450760009.765625,2.35744709916995,1.6968192298260056,96280.0,19.65,1524.23,1280000.0,1285220.0,31989265,3.0097596803177566,2018-01-01
Peru,94,2019,0.593735860721902,2.7631896899098085,56.643125000000005,214942684282.182,27.66324401240757,0.106216108,78.099,0.410949903581673,475899993.896484,2.3795155878460044,1.725146010274106,98201.73913043478,19.97,1573.85,1280000.0,1285220.0,32510462,3.02061961255533,2019-01-01
Peru,94,2020,0.5902550008184311,1.4751167763408122,56.5081015625,190979128768.5329,27.48710091614335,0.1068291292083333,78.297,0.4134789550065326,479606243.1335445,2.400007462038244,1.7514291023825737,100050.94517958412,20.01,1508.97,1280000.0,1285220.0,32971846,3.0344356570021622,2020-01-01
Philippines,95,1995,0.658903709348587,1.7461322205079894,25.301120166348056,119491952442.5962,38.9420017009317,0.15839543,46.56,0.326348495440045,857570007.324219,1.2050153401876,0.8855887159489526,123410.0,25.66,2526.73,298170.0,300000.0,69784087,1.7684547481433697,1995-01-01
Philippines,95,1996,0.656509225745096,1.602779400296054,25.143642888285207,126494596534.47598,36.8768663311926,0.1682747768,46.475,0.327290323159277,860909973.144531,1.28297291699652,0.9452150208714092,132370.0,25.54,2400.44,298170.0,300000.0,71401743,1.853876312235123,1996-01-01
Philippines,95,1997,0.653620314358702,1.2985331624311305,24.986165610222358,133055127054.3531,33.7999112330775,0.1781541236,46.39,0.33104348414778,630840026.855469,1.31222331313172,1.031481491548253,140970.0,25.63,1977.86,298170.0,300000.0,73030879,1.9302793822322744,1997-01-01
Philippines,95,1998,0.641582579714021,3.070114931188952,24.828688332159505,132371103155.83649,33.430611758274,0.1880334704,46.305,0.335393968908339,592719970.703125,1.21570709350044,1.0034549894057356,134680.0,26.31,2095.6,298170.0,300000.0,74672009,1.8036209525312223,1998-01-01
Philippines,95,1999,0.628615574798106,2.1356809230071243,24.67121105409665,136800837504.36168,34.0688253471477,0.1979128172,46.22,0.321196273470353,662549987.792969,1.24988152809269,0.9489567024845962,140440.0,25.66,3098.8,298170.0,300000.0,76325927,1.8400038560946663,1999-01-01
Philippines,95,2000,0.614699105266334,1.7772265395181823,24.51373377603381,142796140820.3602,34.8480987548828,0.207792164,46.135,0.307193679173226,552799987.792969,1.22323499011754,0.9384325063993624,142340.0,25.79,2918.13,298170.0,300000.0,77991757,1.8250646667698485,2000-01-01
Philippines,95,2001,0.611952363834068,0.9629854439388426,24.356259851762417,147150325740.48468,33.537899017334,0.2000350952,46.05,0.310568129940503,553179992.675781,1.18903739108602,0.8995533975310968,141890.0,25.85,2667.03,298170.0,300000.0,79672869,1.7809073751316775,2001-01-01
Philippines,95,2002,0.608016217890333,2.098276386976848,24.19878592749103,152618807081.03174,32.8302993774414,0.1922780264,45.965,0.313440860870989,553179992.675781,1.25072356172143,0.8964513847801875,143550.0,25.73,2255.94,298170.0,300000.0,81365260,1.7642664694981618,2002-01-01
Philippines,95,2003,0.604153987742878,0.5652628992910722,24.04131200321964,160382390171.1989,32.0528984069824,0.1845209576,45.88,0.300860896748146,724770019.53125,1.22605737957922,0.9002796682607288,146690.0,25.61,2599.56,298170.0,300000.0,83051970,1.7662434738152508,2003-01-01
Philippines,95,2004,0.594199123718846,0.6231445889292456,23.88383807894825,170918275875.8367,31.3160991668701,0.1845209576,45.795,0.293509161006303,465010009.765625,1.24998426506676,0.900950417695346,150440.0,25.7,2272.52,298170.0,300000.0,84710544,1.7759300424277762,2004-01-01
Philippines,95,2005,0.59756789580264,1.5490603174687427,23.726364154676855,179365920408.31668,31.4325008392334,0.1845209576,45.71,0.303462344622612,587760009.765625,1.24057335012976,0.9047074220795248,151720.0,25.8,2393.55,298170.0,300000.0,86326251,1.7575186949795838,2005-01-01
Philippines,95,2006,0.595460435246052,2.120919980747335,23.568890230405472,188901760374.15256,32.5994987487793,0.1845209576,45.625,0.291887598987452,595010009.765625,1.21823890204995,0.8056783197607655,144810.0,25.86,2343.9,298170.0,300000.0,87888675,1.6476525559180406,2006-01-01
Philippines,95,2007,0.592507923284789,1.871212823815864,23.41141630613409,201216816876.7262,31.2063007354736,0.1845209576,45.54,0.293277198829293,636289978.027344,1.22701382542295,0.8339533363289737,150350.0,25.85,2569.5,298170.0,300000.0,89405482,1.681664218308224,2007-01-01
Philippines,95,2008,0.585800502651598,0.7378007889688132,23.253942381862696,209958655941.22635,31.7297992706299,0.1845209576,45.455,0.286619522192582,66879997.253418,1.23909699343441,0.8440961459062817,153560.0,25.52,2939.9,298170.0,300000.0,90901967,1.6892923780186186,2008-01-01
Philippines,95,2009,0.560713821323414,1.1732485077508987,23.09646845759131,212999535577.6296,31.2266006469727,0.1845209576,45.371,0.286323771927812,339690002.441406,1.20191383898625,0.8388324815284531,155570.0,25.56,2650.84,298170.0,300000.0,92414161,1.683400014852702,2009-01-01
Philippines,95,2010,0.573149792500743,0.5136984594784669,22.93899453331992,228621986430.26007,28.8145999908447,0.1767638888,45.332,0.292348023350232,582450012.207031,1.15062739027103,0.8893568178304367,161170.0,25.83,2430.87,298170.0,300000.0,93966784,1.7151805472027222,2010-01-01
Philippines,95,2011,0.575391319717128,0.8569622709317557,23.05599490223698,237442754961.5456,29.4013996124268,0.1767638888,45.522,0.303203493548168,-135869995.117188,1.12567493593803,0.8838543129762338,163300.0,25.63,3128.48,298170.0,300000.0,95570049,1.708694321167503,2011-01-01
Philippines,95,2012,0.578729649595738,1.2276301523894095,23.17299527115404,253819067111.50183,28.744800567627,0.1767638888,45.712,0.318492412112772,-3369999.88555908,1.08695653988469,0.905849289823312,168460.0,25.93,2764.45,298170.0,300000.0,97212639,1.7329022412404629,2012-01-01
Philippines,95,2013,0.587233426352909,1.3164268489964193,23.2899956400711,270953202686.74545,27.8388996124268,0.1767638888,45.903,0.333294081580345,192059997.558594,1.01375621099337,0.989162120819417,179820.0,25.94,2533.23,298170.0,300000.0,98871558,1.8187232368685848,2013-01-01
Philippines,95,2014,0.589802373442662,1.929377227143802,23.40699600898816,288153278076.7405,27.1399002075195,0.1767638888,46.093,0.35123616178265,677440002.441406,1.08705476470304,1.0387696883841164,187640.0,25.78,2345.38,298170.0,300000.0,100513137,1.8668206525083384,2014-01-01
Philippines,95,2015,0.593560940740532,1.840178489544298,23.52399637790522,306446140627.9328,25.86549949646,0.16900682,46.284,0.341993441604906,514950012.207031,1.15419000052707,1.1131762918108752,196720.0,26.02,2249.93,298170.0,300000.0,102113206,1.9264893122638809,2015-01-01
Philippines,95,2016,0.578712587172042,2.598510004654761,23.641010161988127,328355374912.9413,23.9699001312256,0.16900682,46.475,0.331597492563216,283649993.896484,1.30676269015292,1.2050492605847836,209480.0,26.36,2362.35,298170.0,300000.0,103663812,2.0207630412047743,2016-01-01
Philippines,95,2017,0.55015743234636,3.1223865450927537,23.758023946071035,351113647615.5035,23.3966007232666,0.16900682,46.682,0.337439721144846,160479995.727539,1.34156949165655,1.2987183269351243,225870.0,25.91,2928.63,298170.0,300000.0,105172921,2.1476060363484626,2017-01-01
Philippines,95,2018,0.551955025929214,2.8683366266849517,23.87500419223933,373379468918.5645,23.220100402832,0.16900682,46.907,0.332908411670457,547340026.855469,1.46785605512825,1.3336909595387003,232340.0,26.11,2596.05,298170.0,300000.0,106651394,2.1784994202701187,2018-01-01
Philippines,95,2019,0.551955025929214,2.3011757412584206,23.992017976322234,396224787543.08673,22.536539476827663,0.16900682,47.149,0.334142800158214,905380004.882813,1.479283912299583,1.353173665781733,237076.08695652173,26.18,2286.55,298170.0,300000.0,108116622,2.192781115160273,2019-01-01
Philippines,95,2020,0.5474988307867401,1.8217956677807952,24.109031760405134,358294070260.9768,21.913047004898758,0.16944896125,47.408,0.3344675628548044,907372088.114421,1.4878191729649333,1.3709109981691383,241628.5255198488,26.3,2332.73,298170.0,300000.0,109581085,2.205020378469959,2020-01-01
Poland,96,1995,0.379807409098129,2.5714585869124207,29.287603251820173,217604191537.33923,6.33252876185735,0.092003169,61.493,0.448792323082511,133265336.60888693,4.52251122060649,8.809431729987393,421650.0,8.26,569.33,306290.0,312690.0,38594998,10.924990849850545,1995-01-01
Poland,96,1996,0.376511051469399,2.8091072640004446,29.34539162231872,230911526727.6828,5.86500109031183,0.092003169,61.538,0.449787937452443,133265336.60888693,4.76463658530709,9.199373349002196,436360.0,6.71,553.57,306290.0,312690.0,38624370,11.297530548718337,1996-01-01
Poland,96,1997,0.376747086376991,3.081117030437328,29.403179992817265,245803156917.36307,5.98236950808594,0.092003169,61.583,0.454688671645542,133265336.60888693,4.59807979715743,8.916766667546364,426140.0,7.94,620.57,306290.0,312690.0,38649660,11.025711481032433,1997-01-01
Poland,96,1998,0.377718037732158,3.6539892242337793,29.46096836331581,257209974797.7185,6.53680579525848,0.0850320088,61.627,0.457224546434932,133265336.60888693,4.49855808827013,8.235419878515335,396320.0,8.34,678.05,306290.0,312690.0,38663481,10.250499689875312,1998-01-01
Poland,96,1999,0.381488063470881,4.356264317376544,29.51875673381436,269182650218.86197,6.41004229865283,0.0850320088,61.672,0.453625203989264,133265336.60888693,4.37516854160978,7.992184017540902,385650.0,8.97,609.21,306290.0,312690.0,38660271,9.975356872175055,1999-01-01
Poland,96,2000,0.382101381039769,5.420409481578072,29.576545104312903,281460140602.2019,6.92759990692139,0.0850320088,61.716,0.4527828134419,133265336.60888693,4.21581931223673,7.729236716767869,372230.0,9.56,615.51,306290.0,312690.0,38258629,9.729308386873978,2000-01-01
Poland,96,2001,0.382516626852155,2.9737227016126964,29.66469685592086,285002254940.97363,7.29239988327026,0.0850320088,61.761,0.454902716155252,133265336.60888693,4.29700116793221,7.676203111497687,372090.0,8.41,698.4,306290.0,312690.0,38248076,9.72833247873697,2001-01-01
Poland,96,2002,0.379994803027609,2.055034756849796,29.75284860752881,290804615996.8166,7.49100017547607,0.0780608486,61.787,0.46043037733616,133265336.60888693,4.22568791955197,7.514445847285158,364320.0,9.17,624.27,306290.0,312690.0,38230364,9.529597991795212,2002-01-01
Poland,96,2003,0.381574855311385,2.4657152553496893,29.84587251828631,300978113808.1974,7.29390001296997,0.0710896884,61.676,0.45644539336129,133265336.60888693,4.16818926938441,7.792261501699927,376240.0,8.43,487.13,306240.0,312690.0,38204570,9.848036504533358,2003-01-01
Poland,96,2004,0.379193486646172,5.436082525712926,29.9252440178892,315975328292.8771,7.31090021133423,0.0710896884,61.564,0.448187959493499,133265336.60888693,4.45832705037825,7.904725921922512,380590.0,8.41,600.27,306330.0,312690.0,38182222,9.967727912744314,2004-01-01
Poland,96,2005,0.375402785668447,3.606468809627169,30.013384258805864,327056108237.16675,7.21619987487793,0.0710896884,61.452,0.452932676921615,133265336.60888693,4.38266505543248,7.895885925082231,382220.0,8.34,569.92,306330.0,312690.0,38165445,10.014818378247654,2005-01-01
Poland,96,2006,0.373601438531715,6.230884797616676,30.10250718203186,347108369810.3197,7.18410015106201,0.0710896884,61.341,0.452323207972646,133265336.60888693,4.43960915500339,8.234912594801845,396050.0,8.72,554.53,306320.0,312680.0,38141267,10.383766223602375,2006-01-01
Poland,96,2007,0.370160064618584,5.834344265470212,30.19065030033952,371619578193.3944,7.27600002288818,0.0710896884,61.229,0.46533835938827,133265336.60888693,4.88339145630569,8.220498334756886,396050.0,9.43,665.93,306320.0,312680.0,38120560,10.389406661392172,2007-01-01
Poland,96,2008,0.366133008510605,2.7312128851693136,30.280770486451196,387227483751.16064,8.0113000869751,0.0710896884,61.116,0.480109911426192,133265336.60888693,4.82876228206773,8.08692097119955,389770.0,9.51,597.17,306300.0,312680.0,38125759,10.223271882928286,2008-01-01
Poland,96,2009,0.36213901869392,3.189402707676609,30.37090244220974,398194455498.0767,8.84249973297119,0.0710896884,61.004,0.487556449205806,133265336.60888693,4.60157802129259,7.791546792935541,373950.0,8.75,679.64,306280.0,312680.0,38151603,9.801685134960122,2009-01-01
Poland,96,2010,0.359312450207016,3.833616029095051,30.4590570719603,413089003846.664,9.48910045623779,0.0641185282,60.892,0.496548473958419,133265336.60888693,4.80136417609468,8.247028333407899,391920.0,7.72,794.6,306280.0,312680.0,38042794,10.302082439055344,2010-01-01
Poland,96,2011,0.352886723715944,3.508225530601801,30.523462756751464,432742273511.0757,10.43869972229,0.0641185282,60.78,0.511722998108072,133265336.60888693,4.7378726245574,8.159838143112038,387760.0,9.0,540.6,306230.0,312680.0,38063255,10.18725277173484,2011-01-01
Poland,96,2012,0.342625484250348,1.4759583034072052,30.583893932466854,438475659901.84375,10.9133996963501,0.0641185282,60.654,0.521833656052191,133265336.60888693,4.44428606187759,7.969647504868487,380780.0,8.64,603.78,306220.0,312680.0,38063164,10.003897731675696,2012-01-01
Poland,96,2013,0.349053749772118,0.1525864079226391,30.64432905522354,443411858336.6494,11.4137001037598,0.0641185282,60.529,0.540585749606049,133265336.60888693,4.29819991375575,7.842493766330751,375430.0,8.73,647.35,306210.0,312680.0,38040196,9.869297203410834,2013-01-01
Poland,96,2014,0.346047724644284,3.645499531335098,30.70577092654888,458392890303.7538,11.5761003494263,0.0641185282,60.403,0.567052316219025,133265336.60888693,4.356818987598,7.517152268898013,362360.0,9.87,627.45,306190.0,312680.0,38011735,9.532845580450353,2014-01-01
Poland,96,2015,0.342346583436378,3.1529142829540864,30.76521114340769,477811911394.0841,11.8677997589111,0.057147368,60.278,0.574642014914212,133265336.60888693,4.15996790169454,7.60929987280715,366250.0,9.85,513.35,306190.0,312680.0,37986412,9.641605529893162,2015-01-01
Poland,96,2016,0.338239377970035,3.876390809273153,30.81420033312649,492823451386.1255,11.3368997573853,0.057147368,60.178,0.561348870879907,133265336.60888693,4.34595173879503,7.8941088546886915,377190.0,9.36,668.54,306190.0,312680.0,37970087,9.933872419096645,2016-01-01
Poland,96,2017,0.337320442983253,2.2339604339053234,30.85339168490153,516630057036.7423,11.1876001358032,0.057147368,60.105,0.559341949189204,133265336.60888693,4.80124717441865,8.2375624314908,390070.0,9.15,723.65,306190.0,312680.0,37974826,10.271804800369592,2017-01-01
Poland,96,2018,0.34640377128952,3.000280492374697,30.894601038638665,544288897731.7947,11.2637996673584,0.057147368,60.058,0.558813913267472,133265336.60888693,4.75474573046116,8.23547225459022,389650.0,10.0,504.13,306170.0,312690.0,37974750,10.260765376993923,2018-01-01
Poland,96,2019,0.34640377128952,2.820282627020158,30.933794950517683,570115134633.2405,11.478202750206272,0.057147368,60.037,0.54730755913054,133265336.60888693,4.764842883063537,8.210517494790343,388258.6956521739,10.25,540.65,306170.0,312690.0,37965475,10.226625523641516,2019-01-01
Poland,96,2020,0.3450119530474946,2.91439661041426,30.972988862396704,555630454967.5023,11.72225499628864,0.0556950429583333,60.043,0.5514123606325412,133265336.60888693,4.7648518525312085,8.167523761998524,386167.3345935728,10.14,623.76,306170.0,312690.0,37899070,10.189361759894709,2020-01-01
Portugal,97,1995,0.345604803123313,0.5795467150456688,36.50273224043716,158239473093.33566,23.7418038620689,0.023140664,51.109,0.446278687178662,133265336.60888693,4.5997833466274,5.055766026848122,66650.0,16.05,799.31,91500.0,92120.0,10026176,6.647599244218334,1995-01-01
Portugal,97,1996,0.34279127936553,1.2814537351242894,36.373770491803285,163784575191.47147,25.352236098991,0.0230386134,51.77,0.44947857598648,133265336.60888693,4.12767198835486,4.84303123675656,64990.0,15.2,1153.42,91500.0,92120.0,10063945,6.457706197718688,1996-01-01
Portugal,97,1997,0.342506115170348,2.316472091700265,36.2448087431694,170992517746.7917,24.5453233183924,0.0229365628,52.428,0.451608624139644,133265336.60888693,4.20436250046706,5.038096337542364,67360.0,16.01,1056.85,91500.0,92120.0,10108977,6.663384435437928,1997-01-01
Portugal,97,1998,0.338210774581995,4.898352702104095,36.11584699453552,179213774691.3316,22.432241029801,0.0228345122,53.086,0.457388047277266,133265336.60888693,4.44944305701884,5.472335376207309,72460.0,15.64,626.21,91500.0,92120.0,10160196,7.131752182733483,1998-01-01
Portugal,97,1999,0.337658372360024,0.5812738314689132,35.98688524590164,186214899582.8418,19.0173803217888,0.0227324616,53.743,0.458501494844116,133265336.60888693,4.73719733088399,6.088378078002488,79260.0,15.35,779.07,91500.0,92120.0,10217828,7.757030163357614,1999-01-01
Portugal,97,2000,0.33704253394777,6.163923494839244,35.857923497267755,193321191731.6345,20.1156005859375,0.022630411,54.399,0.460720441253264,133265336.60888693,4.82378118293181,5.992284860355273,78790.0,15.4,928.35,91500.0,92120.0,10289898,7.657024394216541,2000-01-01
Portugal,97,2001,0.335572988443366,5.031968341165758,35.826229508196725,197078722177.32852,20.8292007446289,0.0208296202,55.044,0.469452595430453,133265336.60888693,4.69159071462148,5.92315416740891,78130.0,15.51,874.81,91500.0,92120.0,10362722,7.539524846850084,2001-01-01
Portugal,97,2002,0.296938041215511,0.4382162020234539,35.79453551912568,198598049393.3597,18.2814998626709,0.0190288294,55.666,0.477786855816701,133265336.60888693,4.71542456687352,6.2967680909237576,82990.0,15.39,914.09,91500.0,92120.0,10419631,7.964773416640186,2002-01-01
Portugal,97,2003,0.301359751244158,6.280810727944789,35.762841530054644,196750052455.61853,22.0935001373291,0.0172280386,56.287,0.477850220647761,133265336.60888693,4.43788573725366,5.7865030867245935,78000.0,15.87,945.69,91500.0,92120.0,10458821,7.457819576413058,2003-01-01
Portugal,97,2004,0.293784970688826,1.314660414622079,35.731147540983606,200269390847.40225,19.8707008361816,0.0172280386,56.907,0.473546311824881,133265336.60888693,4.65700151795813,5.926251788344008,80000.0,15.5,655.59,91500.0,92120.0,10483861,7.63077648587672,2004-01-01
Portugal,97,2005,0.290401815190067,1.708049171513511,35.71116212966,201835193506.7914,18.0743999481201,0.0172280386,57.522,0.472601976676053,133265336.60888693,4.75031276424005,6.233261260952479,82990.0,15.5,548.05,91470.0,92090.0,10503330,7.9013036817847295,2005-01-01
Portugal,97,2006,0.287891888219944,6.421705785497718,35.67945774570897,205115084381.0714,22.3332004547119,0.0172280386,58.137,0.480119147819321,133265336.60888693,4.61038423200886,5.744948246997232,77800.0,16.06,952.03,91470.0,92090.0,10522288,7.393829174795444,2006-01-01
Portugal,97,2007,0.278142939852913,2.5041102075137243,35.64775336175796,210256457336.0538,23.1487998962402,0.0172280386,58.749,0.500158646037838,133265336.60888693,4.60534218938696,5.57717924484993,76400.0,15.36,651.19,91470.0,92090.0,10542964,7.246539018818617,2007-01-01
Portugal,97,2008,0.274460280579349,2.9804578068477814,35.61604897780693,210927696713.4103,23.1907005310059,0.0172280386,59.359,0.520071333793418,133265336.60888693,4.47586915672395,5.383505125932251,74150.0,15.39,804.31,91470.0,92090.0,10558177,7.022992700349692,2008-01-01
Portugal,97,2009,0.269951852602876,2.292077035111196,35.53772245878371,204342366502.5381,24.8973999023438,0.0172280386,59.964,0.525320670387899,133265336.60888693,4.34129481202923,5.32727897067508,73270.0,16.02,861.09,91590.0,92210.0,10568247,6.933032507661867,2009-01-01
Portugal,97,2010,0.261457691789213,3.76949777202442,35.50605961349492,207893071520.95468,27.8269996643066,0.0154272478,60.567,0.529717061243681,133265336.60888693,4.46449125333133,4.817886901665547,67990.0,15.55,1271.7,91590.0,92210.0,10573100,6.430469777075786,2010-01-01
Portugal,97,2011,0.259334083057164,4.011923267119062,35.63707828365542,204366862460.47745,27.2176990509033,0.0154272478,61.167,0.540869071468549,133265336.60888693,4.02999840805438,4.723629323442159,67110.0,16.04,796.14,91590.0,92210.0,10557560,6.356582392143639,2011-01-01
Portugal,97,2012,0.249872154295314,9.89489043896364,35.76809695381592,196075098813.6204,25.5165996551514,0.0154272478,61.763,0.560689677918535,133265336.60888693,3.70825311873926,4.585897803143823,65410.0,15.6,697.97,91590.0,92210.0,10514844,6.220729475396877,2012-01-01
Portugal,97,2013,0.245021151653519,6.955539734724357,35.89315890364303,194266022356.34128,30.1735992431641,0.0154272478,62.352,0.56913613851595,133265336.60888693,3.66534499756705,4.452394237706788,63700.0,15.49,918.65,91605.2,92225.2,10457295,6.091441429164999,2013-01-01
Portugal,97,2014,0.235915049730512,5.246519844400862,36.023998532840785,195804978945.28723,30.4589004516602,0.0154272478,62.936,0.589462975056168,133265336.60888693,3.71136045556682,4.415895223007035,63320.0,16.01,947.41,91605.6,92225.6,10401062,6.087839876351088,2014-01-01
Portugal,97,2015,0.234799883956313,0.6371930252112105,36.15499489114202,199313894327.4855,27.2049999237061,0.013626457,63.514,0.600483167161745,133265336.60888693,4.00112778810114,4.812669843318392,67430.0,16.07,547.74,91605.6,92225.6,10358076,6.5098962394174364,2015-01-01
Portugal,97,2016,0.234034507122727,3.565345918189432,36.15499489114202,203339009314.85684,29.0014991760254,0.013626457,64.086,0.580256702664541,133265336.60888693,4.00281307580178,4.72231143004684,66380.0,15.94,926.14,91605.6,92225.6,10325452,6.428774256080993,2016-01-01
Portugal,97,2017,0.230777262706894,4.838454159660128,36.15499489114202,210468777080.15256,24.4234008789063,0.013626457,64.652,0.5851653512815,133265336.60888693,4.48043131421592,5.177519101385397,70950.0,16.33,559.91,91605.6,92225.6,10300300,6.888148888867314,2017-01-01
Portugal,97,2018,0.229896200905448,3.239576964247151,36.15499489114202,216465718529.2314,27.6138000488281,0.013626457,65.211,0.585177098768604,133265336.60888693,4.55169836312507,4.84061276050869,66820.0,15.61,944.4,91605.6,92225.6,10283822,6.497584263904995,2018-01-01
Portugal,97,2019,0.229896200905448,4.300252033996512,36.15499489114202,222272974069.0296,27.78214770912198,0.013626457,65.764,0.583016900998226,133265336.60888693,4.549607711668447,4.831258270667845,66827.39130434782,15.93,639.49,91605.6,92230.19130434784,10286263,6.496760903775046,2019-01-01
Portugal,97,2020,0.2250750091463702,2.060247163125147,36.15499489114202,203507675081.48236,27.88779603999724,0.0132300317083333,66.31,0.5887143265740412,133265336.60888693,4.567952743116864,4.830746402577031,66907.27788279773,16.26,778.09,91605.6,92234.98223062382,10297081,6.497693655395906,2020-01-01
Qatar,98,1995,0.412083789431422,1.1496806582901986,0.0,16416419220.795116,0.0,0.0872513009,94.998,0.38322082937386,100000.001490116,10.8931267478787,33.14850412992968,19100.0,27.17,94.17,11610.0,11610.0,513447,37.19955516343459,1995-01-01
Qatar,98,1996,0.409094919350294,3.7405593079985233,0.0,20081774317.102165,0.0,0.0872513009,95.356,0.385782504855069,200000.002980232,11.2093768959712,34.27547839266953,20050.0,27.67,99.73,11610.0,11610.0,522531,38.37092918889023,1996-01-01
Qatar,98,1997,0.401800746459472,3.702755594650974,0.0,23596841562.09505,0.0,0.0872513009,95.659,0.398931154104864,300000.011920929,11.4007301693883,36.33340805499515,21690.0,27.11,100.01,11610.0,11610.0,535320,40.51782111634163,1997-01-01
Qatar,98,1998,0.382735326977592,3.3864771916874723,0.0,27075630444.245537,0.0,0.0872513009,95.888,0.411117757511971,509999.99046325695,10.6615149677253,37.72893905715726,23130.0,28.35,71.19,11610.0,11610.0,551566,41.93514466083841,1998-01-01
Qatar,98,1999,0.364117332402614,0.913812595597526,0.0,30497474318.98151,0.0,0.0872513009,96.105,0.414624002517781,769999.980926514,9.60386370659704,40.22885750044699,25370.0,28.56,76.72,11610.0,11610.0,570486,44.47085467478606,1999-01-01
Qatar,98,2000,0.358967171220356,1.4166754317916035,0.0,33690629183.426117,0.0,0.0872513009,96.311,0.41652285844737,1259999.99046326,10.4427277266381,36.67714826311001,24230.0,27.96,62.52,11610.0,11610.0,592467,40.89679256397402,2000-01-01
Qatar,98,2001,0.33709325511837,1.6849824555701756,0.0,35003952796.71255,0.0,0.0872513009,96.506,0.417884737839046,839999.973773956,11.349952906144,38.19431459172408,26170.0,28.21,14.01,11610.0,11610.0,615013,42.551946056424825,2001-01-01
Qatar,98,2002,0.329204532431956,3.2221054418534707,0.0,37517989780.64335,0.0,0.0872513009,96.692,0.420123739656631,140000.000596046,12.0763839509451,43.06632213608958,30500.0,28.05,56.75,11610.0,11610.0,640872,47.59140670835986,2002-01-01
Qatar,98,2003,0.32736428875413,2.655415756669741,0.0,38913643496.75518,0.0,0.0872513009,96.868,0.422880516929697,170000.00178813902,12.9355033442189,42.40302380054885,32040.0,28.11,62.95,11610.0,11610.0,681791,46.993873489089765,2003-01-01
Qatar,98,2004,0.326105423428994,3.77817958307362,0.0,46392423696.024,0.0,0.0872513009,97.09,0.42184688418922,540000.021457672,14.0141771029393,42.35848205041071,35260.0,28.01,64.81,11610.0,11610.0,753332,46.80539257591607,2004-01-01
Qatar,98,2005,0.322817987286577,5.614130334194989,0.0,49868495957.88003,0.0,0.0872513009,97.396,0.452326132707719,850000.023841858,12.8922547842196,47.699934135265366,44810.0,27.74,61.19,11610.0,11610.0,865410,51.778925595960295,2005-01-01
Qatar,98,2006,0.323735213392132,5.748812107702236,0.0,62919203862.14245,0.0,0.0872513009,97.671,0.528802299208981,860000.014305115,15.4573809139149,43.98144526666562,49050.0,28.01,63.18,11610.0,11610.0,1022704,47.96109138127943,2006-01-01
Qatar,98,2007,0.320489746086768,5.8962199123218175,0.0,74235635940.16339,0.0,0.0872513009,97.917,0.525821850102946,1049999.95231628,16.5058537290895,41.89780219148896,55950.0,28.15,40.33,11610.0,11610.0,1218441,45.91933462514804,2007-01-01
Qatar,98,2008,0.320478557719577,3.2780641735627998,0.0,87348289335.59534,0.0,0.0872513009,98.139,0.461110380225581,1330000.04291534,15.6576479445004,38.44306625738688,60670.0,27.98,30.49,11610.0,11610.0,1436670,42.22960039535871,2008-01-01
Qatar,98,2009,0.325519108700376,8.307641312006652,0.0,97792140945.06174,0.0,0.0872513009,98.336,0.479678124656331,1860000.01430511,14.799496726677,34.544975539957846,63190.0,28.23,90.11,11610.0,11610.0,1654944,38.18256086006536,2009-01-01
Qatar,98,2010,0.312547300484329,3.732611559348516,0.0,116951901413.00542,0.0,0.0872513009,98.501,0.48618194502685,2349999.90463257,13.5238128574658,33.54470031982478,68840.0,28.85,32.7,11610.0,11610.0,1856329,37.08394363283664,2010-01-01
Qatar,98,2011,0.307499925793661,0.5593890513187065,0.0,132594424542.77144,0.0,0.0872513009,98.602,0.469673459216295,2829999.92370605,12.5695158910118,32.30572602661674,72840.0,28.04,56.49,11610.0,11610.0,2035862,35.77845649656018,2011-01-01
Qatar,98,2012,0.30696642214048,0.2118887222435799,0.0,138866156527.6082,0.0,0.0872513009,98.697,0.481415767242989,1830000.04291534,12.9021645456205,33.37313155543656,80860.0,28.24,40.55,11610.0,11610.0,2196078,36.82018580396507,2012-01-01
Qatar,98,2013,0.310229317873033,-0.4228825959174823,0.0,146581616623.74585,0.0,0.0872513009,98.785,0.497160461762629,4989999.771118159,11.7752471348403,31.9270180892664,82700.0,27.94,35.16,11610.0,11610.0,2336579,35.393624611023206,2013-01-01
Qatar,98,2014,0.30993744771209,0.5044910367587693,0.0,154400753941.04456,0.0,0.0872513009,98.868,0.500798431842297,2970000.02861023,13.138070708326,32.69353229218259,88940.0,28.19,74.95,11490.0,11490.0,2459202,36.166203508292526,2014-01-01
Qatar,98,2015,0.298693760468597,0.6620993044416986,0.0,161739955576.92307,0.0,0.0872513009,98.945,0.500187352684433,2880000.1144409203,13.7903385939303,32.47056952700775,92460.0,28.56,43.9,11490.0,11490.0,2565708,36.03683661585808,2015-01-01
Qatar,98,2016,0.286277251579364,0.5100441378834747,0.0,166695978169.3841,0.0,0.0872513009,99.015,0.503419017021341,2920000.07629395,13.5215878701101,32.128042001537835,94700.0,28.69,21.42,11490.0,11490.0,2654379,35.67689467103228,2016-01-01
Qatar,98,2017,0.364612416849517,0.6120387233458929,0.0,164199531361.81046,0.0,0.0872513009,99.078,0.49851919521269,3769999.98092651,14.6142894752454,32.179370630525554,97340.0,28.57,142.43,11490.0,11490.0,2724727,35.72467994041238,2017-01-01
Qatar,98,2018,0.284440778953242,-1.1924969520138315,0.0,166227185730.265,0.0,0.0872513009,99.135,0.503446820300592,3220000.02861023,14.2709535939946,32.415639170832605,99830.0,28.94,59.84,11490.0,11490.0,2781682,35.88835819479006,2018-01-01
Qatar,98,2019,0.284440778953242,-1.59472537646872,0.0,167371229308.42047,0.0,0.0872513009,99.188,0.50852249284414,3740000.00953674,14.417815630782249,32.38377547695882,103340.0,28.66,162.66,11490.0,11484.782608695652,2832071,36.48919818747482,2019-01-01
Qatar,98,2020,0.2791223201833178,-1.685508589962116,0.0,161416823761.2103,0.0,0.0872513009,99.235,0.5137433954887349,3891666.6765386825,14.55731296707838,32.30152752410183,106961.30434782608,28.48,56.17,11490.0,11479.338374291116,2881060,37.12567747559096,2020-01-01
Romania,99,1995,0.467063706334928,1.1192639213728222,27.750664516972417,103248261288.10486,8.60268292175641,0.395367546,53.769,0.373346513581711,133265336.60888693,3.23593580746924,5.3221902225639175,171950.0,9.1,713.63,229490.0,238390.0,22684270,7.580142539301463,1995-01-01
Romania,99,1996,0.464388670738335,0.7120217427575367,27.744858835831295,107282895750.45064,11.9238069874097,0.4094268894,53.616,0.377942771081159,133265336.60888693,2.97809198869932,5.479905304406861,175210.0,8.8,659.52,229520.0,238390.0,22619004,7.746141253611344,1996-01-01
Romania,99,1997,0.465639731583124,3.4153277830283018,27.74147170304536,102080680828.40002,15.7456221535553,0.4234862328,53.463,0.376108145898767,133265336.60888693,3.16576170716079,5.0288246268574,162580.0,8.53,727.8,229530.0,238390.0,22553978,7.208484463361629,1997-01-01
Romania,99,1998,0.463426259309983,4.871190590066392,27.73204407857485,100008633994.70116,16.2751392184494,0.4375455762,53.311,0.367012411899791,133265336.60888693,2.80688833636838,4.415891986189041,145070.0,9.12,727.13,229590.0,238390.0,22507344,6.445451760101059,1998-01-01
Romania,99,1999,0.464423530700228,2.895464423579265,27.728658536585364,99631940768.0768,17.7339705211281,0.4516049196,53.158,0.362067407316436,133265336.60888693,2.4811731699055,3.8047280086721096,129460.0,9.81,728.97,229600.0,238390.0,22472040,5.760936701785863,1999-01-01
Romania,99,2000,0.4296366962991,2.783649074908715,27.713203604544866,102084145319.92006,16.3668994903564,0.465664263,53.004,0.363654395133827,133265336.60888693,2.34381029276347,3.960259985186453,134090.0,10.27,450.82,229710.0,238390.0,22442971,5.974699160819662,2000-01-01
Romania,99,2001,0.428042101716231,2.864228299517682,27.77806799878107,107411035119.23898,13.3942003250122,0.483184989,52.852,0.372383820482542,133265336.60888693,2.89493487623609,4.252219752692598,140760.0,9.58,703.79,229710.0,238390.0,22131970,6.360030309095847,2001-01-01
Romania,99,2002,0.424301826169636,2.4833878959621463,27.823552442685,113536677483.7379,14.4010000228882,0.500705715,52.78,0.385478330572292,133265336.60888693,2.75479330168462,4.306850612153538,137660.0,10.19,614.86,229870.0,238390.0,21730496,6.334876111433443,2002-01-01
Romania,99,2003,0.426762408863768,3.189952354552162,27.878669275929557,116194738376.30542,15.6712999343872,0.518226441,52.912,0.379021851343561,133265336.60888693,2.92997431674745,4.617525479127366,143500.0,9.15,534.85,229950.0,238390.0,21574326,6.65142447555488,2003-01-01
Romania,99,2004,0.422597156101506,8.593798354886605,27.937391304347827,128311657015.26944,17.2749996185303,0.518226441,53.043,0.38724184435616,133265336.60888693,3.37497380543498,4.509189647389108,140590.0,9.45,732.09,230000.0,238390.0,21451748,6.553778274852007,2004-01-01
Romania,99,2005,0.420674310364767,6.600778232889764,28.00460909644317,134301435131.2394,18.5098991394043,0.518226441,53.174,0.398298244600843,133265336.60888693,3.24174588863341,4.493968836781594,138990.0,9.08,800.98,229980.0,238390.0,21319685,6.51932709137119,2005-01-01
Romania,99,2006,0.418286389662349,9.020115114873482,28.069397338899037,145084243630.27206,17.4102993011475,0.518226441,53.305,0.388111131263122,133265336.60888693,3.18518804067797,4.668355213987513,140420.0,9.34,673.74,229980.0,238390.0,21193760,6.625535063150664,2006-01-01
Romania,99,2007,0.415828299043816,5.786908828456086,28.14519987820262,155579358880.78287,18.1961002349854,0.518226441,53.436,0.423630575476743,133265336.60888693,3.05738821805533,4.618114405308591,136640.0,10.73,705.78,229890.0,238390.0,20882982,6.543126838877704,2007-01-01
Romania,99,2008,0.415511883611877,6.377487195169358,28.20878642888212,170059856633.11142,20.4302005767822,0.518226441,53.567,0.442865492552021,133265336.60888693,3.37783956920792,4.635825274036384,134600.0,10.46,634.42,229900.0,238390.0,20537875,6.553745214633938,2008-01-01
Romania,99,2009,0.415196627645727,2.66374866700264,28.25393375641137,160676983612.8908,22.1833992004395,0.518226441,53.698,0.450068561316977,133265336.60888693,2.84176400229773,3.953359587267688,117960.0,10.48,647.98,230060.0,238390.0,20367487,5.791583419201396,2009-01-01
Romania,99,2010,0.417035059845785,1.9323853714968224,28.3199304499022,154408594834.27585,24.0960998535156,0.535747167,53.829,0.426962607880371,133265336.60888693,2.84306268578265,3.8277519523881,114860.0,9.89,836.69,230050.0,238390.0,20246871,5.672975345178028,2010-01-01
Romania,99,2011,0.418180865012608,1.2928267969905454,28.640535256549505,157351727197.9987,21.1124992370605,0.535747167,53.96,0.414860266654837,133265336.60888693,3.07803655090267,4.166764279965264,119570.0,9.57,483.94,230170.0,238390.0,20147528,5.934723108462736,2011-01-01
Romania,99,2012,0.412689050537898,1.7860083402412834,28.994800452134594,160562749027.6356,21.5499992370605,0.535747167,53.974,0.392150236302198,133265336.60888693,2.76634884657974,4.074676308023194,116870.0,10.26,607.49,230020.0,238390.0,20058035,5.826592684677238,2012-01-01
Romania,99,2013,0.406332648746927,2.0203313417464743,29.329113593879057,166617509768.3327,23.0912990570068,0.535747167,53.937,0.402235584516784,133265336.60888693,2.685678816477,3.6034380632248495,107300.0,10.39,667.41,230030.0,238400.0,19983693,5.369377922288939,2013-01-01
Romania,99,2014,0.401433197868668,1.9349916946792567,29.65824061196105,172630275253.71265,24.3328990936279,0.535747167,53.9,0.42191360033932,133265336.60888693,2.70608711232149,3.586823814521076,106410.0,10.76,775.04,230080.0,238400.0,19908979,5.344824563831224,2014-01-01
Romania,99,2015,0.397854268752253,2.429387634740087,29.99374130737135,177729210874.50385,23.6928005218506,0.553267893,53.887,0.436386985203335,133265336.60888693,2.90098406989194,3.6789166685507024,108090.0,10.79,615.54,230080.0,238400.0,19815616,5.454788788801721,2015-01-01
Romania,99,2016,0.395342969337291,3.323273816701376,30.115829276773297,186087811658.57132,24.4260005950928,0.553267893,53.9,0.43126291769466,133265336.60888693,3.06514675766444,3.610752001279853,105850.0,10.38,738.28,230080.0,238400.0,19702267,5.37247820263526,2016-01-01
Romania,99,2017,0.377897032189366,2.812016214423873,30.115829276773297,199708413252.13657,23.3785991668701,0.553267893,53.936,0.434539771838594,133265336.60888693,3.35627555814842,3.782790244280955,108560.0,10.36,653.63,230080.0,238400.0,19588715,5.5419663821746346,2017-01-01
Romania,99,2018,0.378673962179311,3.041348095119601,30.115829276773297,208644413683.7256,23.0492992401123,0.553267893,53.998,0.441149202617065,133265336.60888693,3.58438499339697,3.845132759267884,109010.0,10.91,648.45,230080.0,238400.0,19473970,5.597728660360471,2018-01-01
Romania,99,2019,0.378673962179311,2.947572770765077,30.115829276773297,217382984916.12564,23.677412993084296,0.553267893,54.084,0.425375616164628,133265336.60888693,3.5995349580025238,3.780912869559361,106273.47826086955,11.41,559.69,230080.0,238400.4347826087,19371648,5.486031867854999,2019-01-01
Romania,99,2020,0.3749910561728269,1.448408896252242,30.115829276773297,208838846565.92435,24.188439341157103,0.559847074125,54.194,0.4275434954389162,133265336.60888693,3.626554217537445,3.707043633261643,103276.2381852552,11.04,633.04,230080.0,238400.88846880908,19257520,5.362904371136844,2020-01-01
Russian Federation,100,1995,0.409569146474925,0.5222568381686219,49.40105187448332,721498374080.0858,3.87068140916737,0.27528081,73.372,0.397225022838769,694700012.207031,4.95632264350554,10.546869079117336,2298150.0,-3.21,461.72,16378380.0,17098240.0,148375787,15.488713128106273,1995-01-01
Russian Federation,100,1996,0.411650052277975,0.6584544564165475,49.40426402311399,694405609132.0775,3.6945259500588,0.27528081,73.367,0.399515004130121,465309997.558594,4.67214775830813,10.35622748411619,2243300.0,-4.77,437.42,16377960.0,17098240.0,148160129,15.141050531887698,1996-01-01
Russian Federation,100,1997,0.410931608768758,1.2013588926256151,49.40412793484201,704126703002.417,3.74598717663354,0.27528081,73.363,0.397167772886766,229729995.727539,4.78365581008027,9.647814739133144,2122510.0,-4.29,465.69,16378650.0,17098240.0,147915361,14.349490043836624,1997-01-01
Russian Federation,100,1998,0.410931777433409,1.0191194251039026,49.39808073840293,666808257949.7124,3.58503225106616,0.2395758162,73.359,0.406099789724131,350130004.88281304,4.30414213388713,9.605894690719596,2100210.0,-5.17,464.31,16381300.0,17098240.0,147670784,14.222244530102854,1998-01-01
Russian Federation,100,1999,0.410576267548193,1.662282545516405,49.37829247442263,709483417602.6041,3.8208484349215,0.2395758162,73.354,0.416622416708963,373140014.6484381,4.40013751270718,9.891330473511708,2137210.0,-4.77,441.63,16388510.0,17098240.0,147214776,14.517632387661957,1999-01-01
Russian Federation,100,2000,0.410950475542837,1.031161115752346,49.40184990971434,780432233409.801,3.49640011787415,0.2395758162,73.35,0.4232367125951,321459991.455078,4.61160338337026,10.160517139012022,2194340.0,-4.53,467.05,16381340.0,17098240.0,146596869,14.968532513474075,2000-01-01
Russian Federation,100,2001,0.410741171761612,0.9286630042118248,49.440381943342175,820234677092.2592,3.62080001831055,0.2395758162,73.346,0.440793619841421,304660003.66210896,4.90557297534782,10.210754359733096,2220860.0,-4.5,467.92,16380440.0,17098240.0,145976482,15.213820538571412,2001-01-01
Russian Federation,100,2002,0.409975910646293,1.0055359447855594,49.47468948668392,858785640548.236,3.45849990844727,0.2038708224,73.341,0.456495069055936,359589996.33789104,4.78067134310919,10.266024099390409,2241450.0,-4.03,462.76,16380940.0,17098240.0,145306497,15.425669507399936,2002-01-01
Russian Federation,100,2003,0.409403056195766,1.842377383881349,49.51038521504818,921476583049.9984,3.27940011024475,0.2038708224,73.373,0.459495747521184,335959991.455078,4.890672897736,10.523363589965305,2317610.0,-3.87,444.73,16380980.0,17098240.0,144648618,16.02234457573594,2003-01-01
Russian Federation,100,2004,0.408987535232518,2.60618528059526,49.54544561061655,987822416663.3468,3.55360007286072,0.2038708224,73.418,0.450193412878678,491140014.6484381,4.94125088371601,10.648633170899082,2362470.0,-4.45,482.91,16381230.0,17098240.0,144067316,16.39837588145253,2004-01-01
Russian Federation,100,2005,0.343013091757446,2.029804023728018,49.58077733330322,1051042710015.9554,3.61420011520386,0.2038708224,73.463,0.48221013275169,572710021.972656,4.97906076685106,10.666545781238131,2373120.0,-3.62,449.14,16381390.0,17098240.0,143518814,16.535253698515096,2005-01-01
Russian Federation,100,2006,0.341218730244793,3.797717960440091,49.62765070150093,1137228929627.054,3.48309993743896,0.2038708224,73.508,0.563046224602572,605390014.648438,5.23232996297822,11.115652114517426,2445030.0,-4.77,471.84,16377740.0,17098240.0,143049637,17.092178989590863,2006-01-01
Russian Federation,100,2007,0.340807731648998,4.2989483860281705,49.66347432551744,1233893135821.8896,3.66840004920959,0.2038708224,73.553,0.569015528748061,780039978.027344,5.42224835843249,11.14462889613323,2456090.0,-3.07,480.72,16377740.0,17098240.0,142805114,17.198893871545806,2007-01-01
Russian Federation,100,2008,0.34208267240947,4.502698777997694,49.70193816034443,1298055199647.4297,3.30699992179871,0.2038708224,73.598,0.58316276781687,935500000.0,5.57435112957111,11.301059700803895,2484910.0,-3.4,483.23,16376870.0,17098240.0,142742366,17.408356535157893,2008-01-01
Russian Federation,100,2009,0.340293619974013,2.992129479730394,49.73776368744456,1196806973081.954,3.59879994392395,0.2038708224,73.642,0.569291104929298,934250000.0,5.08488839946457,10.471452501754923,2339900.0,-4.69,463.21,16376870.0,17098240.0,142785349,16.38753567076409,2009-01-01
Russian Federation,100,2010,0.336860662400215,2.830827300057367,49.77358921454466,1250663286871.009,3.34200000762939,0.1324608348,73.687,0.605251456429989,1033089965.82031,5.27602067139583,11.082715407802567,2454000.0,-4.59,466.67,16376870.0,17098250.0,142849468,17.17892292045498,2010-01-01
Russian Federation,100,2011,0.320627884009964,2.692357423809762,49.77108397392176,1304442173222.4744,3.22709989547729,0.1324608348,73.732,0.601350526003955,1263209960.9375,5.78756083903929,11.6240168256346,2546200.0,-3.5,457.14,16376870.0,17098250.0,142960908,17.810463263146033,2011-01-01
Russian Federation,100,2012,0.348855078828958,2.2907963961975466,49.76857873329886,1356934050143.9265,3.24429988861084,0.1324608348,73.791,0.613847184442077,878640014.648438,5.47640148959068,11.63994390821602,2566170.0,-4.05,473.59,16376870.0,17098250.0,143201721,17.919966199288904,2012-01-01
Russian Federation,100,2013,0.346694462510114,3.0193979407185245,49.76607349267595,1380753971008.7468,3.6068000793457,0.1324608348,73.863,0.621672068360117,1086290039.0625,5.56069548214571,11.31666090562345,2529020.0,-3.71,493.81,16376870.0,17098250.0,143506995,17.622973709400018,2013-01-01
Russian Federation,100,2014,0.341409138148241,1.0698762150930028,49.76356825205305,1390920009905.6782,3.29609990119934,0.1324608348,73.95,0.485804899799251,1035030029.29688,5.41138358821805,11.172741764170542,2521740.0,-3.78,462.7,16376870.0,17098250.0,143819667,17.53404143259489,2014-01-01
Russian Federation,100,2015,0.319188036347918,0.5026083737955455,49.76106301143015,1363481063446.766,3.20029997825623,0.096755841,74.05,0.511896845514808,1088439941.40625,5.07677045060605,10.808909312187003,2475690.0,-3.07,474.77,16376870.0,17098250.0,144096870,17.180734043702685,2015-01-01
Russian Federation,100,2016,0.315608555527439,2.5484987338946765,49.77269954515118,1366121990896.5747,3.35719990730286,0.096755841,74.164,0.531230645726297,1150469970.70313,5.06839858873503,10.60603143510219,2470100.0,-3.37,470.76,16376870.0,17098250.0,144342397,17.112782185541786,2016-01-01
Russian Federation,100,2017,0.338225004317406,1.8140929436605,49.784336078872215,1391064510462.351,3.24760007858276,0.096755841,74.292,0.530958278473561,1231329956.05469,5.2732185130731,10.776644585730065,2494150.0,-3.1,492.74,16376870.0,17098250.0,144496739,17.260943169105012,2017-01-01
Russian Federation,100,2018,0.333731709445611,0.5300607611294238,49.784336078872215,1430115105089.3186,3.18050003051758,0.096755841,74.433,0.54113240335404,1119660034.17969,5.31063469397508,11.126618369946913,2543400.0,-3.62,466.13,16376870.0,17098250.0,144477859,17.604081466904905,2018-01-01
Russian Federation,100,2019,0.333731709445611,1.894858984878269,49.784336078872215,1459189098326.4304,3.1504921444893283,0.096755841,74.587,0.549150628655668,1191099975.58594,5.326039565734626,11.151824860852546,2554063.0434782607,-3.05,480.01,16376870.0,17098250.43478261,144406261,17.686650327981695,2019-01-01
Russian Federation,100,2020,0.3305718162360562,0.6389500609093227,49.784336078872215,1416124431328.296,3.1268385007689163,0.089317300625,74.754,0.5554808622313722,1211783307.3933945,5.354469644318387,11.18641605114543,2567574.4801512286,-1.89,476.29,16376870.0,17098250.88846881,144104080,17.817500241153674,2020-01-01
Samoa,102,1995,0.626781364801653,1.5298017527435668,61.38515901060071,473354482.1262726,45.2181139405518,0.207901331,21.526,0.360400265510392,38419998.1689453,2.19085368676195,0.7056748015289621,410.0,27.47,2711.65,2830.0,2840.0,170050,2.4110555718906204,1995-01-01
Samoa,102,1996,0.62480625263435,0.4641689719825833,61.2148409893993,507336468.7532068,44.7497258014431,0.2110444536,21.616,0.36045868068537,32459999.084472697,2.25729645598462,0.7595010662226506,420.0,27.64,3359.88,2830.0,2840.0,171165,2.453772675488564,1996-01-01
Samoa,102,1997,0.623329232722251,7.002349926730954,61.04452296819788,510600783.6474112,44.8411085518466,0.2141875762,21.705,0.35618660069435,28110000.6103516,2.46952323375895,0.7555284340220265,420.0,27.5,2875.33,2830.0,2840.0,172065,2.4409380176096245,1997-01-01
Samoa,102,1998,0.621926802136597,1.1132488655885786,60.87420494699647,521807905.2139596,44.9785614970536,0.2173306988,21.796,0.351887277289202,32860000.6103516,2.68432785551888,0.8100023721498041,420.0,27.63,1682.75,2830.0,2840.0,172839,2.4300071164494126,1998-01-01
Samoa,102,1999,0.603063486763383,-0.2775979252992377,60.70388692579506,533211667.6327966,44.7064280245491,0.2204738214,21.886,0.358133130856427,24659999.8474121,2.49937741005307,0.8064237411149384,430.0,27.45,3254.87,2830.0,2840.0,173606,2.4768729191387395,1999-01-01
Samoa,102,2000,0.604525462604101,-0.4485940017298556,60.53356890459364,570103486.923682,59.6893997192383,0.223616944,21.977,0.359018472218912,28850000.3814697,2.78362067901339,0.8598255127426141,440.0,27.65,3199.15,2830.0,2840.0,174454,2.5221548373783347,2000-01-01
Samoa,102,2001,0.605117435469839,0.5179971100532998,60.36325088339223,609667310.8919474,52.4129981994629,0.2025440258,22.068,0.360065286579377,40810001.373291,2.91990928578161,0.8552173962621298,460.0,28.16,2741.11,2830.0,2840.0,175394,2.6226666818705318,2001-01-01
Samoa,102,2002,0.605525724279121,0.5551961608722336,60.192932862190816,636151235.1505754,49.5796012878418,0.1814711076,21.941,0.361047589479784,38040000.9155273,2.96853145253686,0.906978062468114,470.0,28.14,3013.53,2830.0,2840.0,176410,2.664248058500085,2002-01-01
Samoa,102,2003,0.606214595176857,0.8040112349634784,60.022614840989405,664876532.5583711,52.4098014831543,0.1603981894,21.698,0.365262127328136,33270000.4577637,2.52397424214513,0.9015049498256152,470.0,27.72,3043.79,2830.0,2840.0,177481,2.6481707901127445,2003-01-01
Samoa,102,2004,0.612805154519669,0.590249153838393,59.85229681978799,695627077.252314,48.8188018798828,0.1603981894,21.457,0.361177791950718,30379999.1607666,2.39431091442005,0.9518636931191452,490.0,27.6,2483.3,2830.0,2840.0,178597,2.743607115461066,2004-01-01
Samoa,102,2005,0.61930889824695,0.8084026873504697,59.68197879858658,724540743.9761139,48.8942985534668,0.1603981894,21.218,0.366180802071848,43229999.5422363,2.21597792943325,1.057188324189582,500.0,27.86,3511.26,2830.0,2840.0,179722,2.7820745373410043,2005-01-01
Samoa,102,2006,0.610294898102388,4.334967502949907,59.51166077738515,738805562.5768946,45.9612007141113,0.1603981894,20.981,0.38703156842491,48250000.0,2.33172590778666,1.0504550128818957,510.0,27.56,3696.15,2830.0,2840.0,180874,2.819642402998773,2006-01-01
Samoa,102,2007,0.608103587265798,1.1958099540861438,59.34134275618375,785517614.0927749,43.1769981384277,0.1603981894,20.75,0.387614278156746,39099998.4741211,2.34888602990006,1.043697986761515,500.0,27.92,3571.9,2830.0,2840.0,182045,2.746573649372408,2007-01-01
Samoa,102,2008,0.599057766130402,7.411917500068722,59.17102473498234,793444176.1500447,44.871898651123,0.1603981894,20.524,0.384239738486441,40509998.3215332,2.33243512723727,1.036721776613739,490.0,27.64,3035.15,2830.0,2840.0,183270,2.6736508975828013,2008-01-01
Samoa,102,2009,0.602413166521833,1.6877056446931031,59.000706713780914,755293207.3253804,43.2771987915039,0.1603981894,20.3,0.375254766301693,67730003.3569336,2.54372749457567,1.0295145567939834,510.0,27.59,3123.62,2830.0,2840.0,184553,2.763433810341745,2009-01-01
Samoa,102,2010,0.606444246797472,0.0507324206803702,58.830388692579504,758822283.2803988,41.2756004333496,0.1393252712,20.078,0.39231665547223,124440002.441406,2.51464887912653,1.0218130189734544,520.0,27.69,3174.61,2830.0,2840.0,185944,2.796540894032612,2010-01-01
Samoa,102,2011,0.593209413420236,2.060846476270836,58.659363957597165,789961624.284062,40.2643013000488,0.1393252712,19.857,0.404226373877093,88800003.0517578,2.38163348855747,1.0668430513844958,530.0,27.28,2771.79,2830.0,2840.0,187469,2.8271340861689134,2011-01-01
Samoa,102,2012,0.591060550262885,2.745103324749828,58.48833922261484,757695689.0331702,40.2593002319336,0.1393252712,19.624,0.40756430556113,117290000.915527,2.55848558692475,1.0577029864243823,540.0,27.37,3027.3,2830.0,2840.0,189089,2.855798063345832,2012-01-01
Samoa,102,2013,0.603968923007784,1.790990728964539,58.31731448763251,755101889.5670443,42.6148986816406,0.1393252712,19.385,0.414346294388167,113010002.13623,2.35019316097161,1.0487017072863791,550.0,27.63,3143.55,2830.0,2840.0,190712,2.883929695037544,2013-01-01
Samoa,102,2014,0.592538040293045,3.019227398768395,58.14628975265017,755495830.859402,41.2448997497559,0.1393252712,19.149,0.430489775166561,93989997.8637695,2.41801924566173,1.0924981791697013,570.0,27.46,3097.45,2830.0,2840.0,192220,2.965352200603476,2014-01-01
Samoa,102,2015,0.596812840477218,3.409764523779597,57.97526501766784,787958585.8947362,37.478199005127,0.118252353,18.914,0.431542823140166,93720001.2207031,2.30350911719646,1.240245982119787,620.0,27.38,3568.95,2830.0,2840.0,193510,3.203968787142783,2015-01-01
Samoa,102,2016,0.601639750917978,0.3152836514174127,57.80565371024735,851990065.3825887,36.817699432373,0.118252353,18.681,0.427896630755327,88639999.3896484,2.53804126407205,1.542099311195641,660.0,27.87,2736.29,2830.0,2840.0,194540,3.39261848463041,2016-01-01
Samoa,102,2017,0.596373628665309,1.1075827564830771,57.636042402826845,860871497.1080428,35.8092994689941,0.118252353,18.452,0.436952933831974,136220001.220703,2.54617911496586,1.5356422567798609,670.0,27.69,3167.54,2830.0,2840.0,195358,3.4296010401416885,2017-01-01
Samoa,102,2018,0.585169724577374,2.035031887667653,57.46643109540636,850255553.4314032,36.6185989379883,0.118252353,18.243,0.434434833499368,128100006.103516,2.65161383078762,1.6315875346712352,690.0,27.57,3690.56,2830.0,2840.0,196128,3.5181106216348508,2018-01-01
Samoa,102,2019,0.585169724577374,-0.2557273900154444,57.29681978798587,887495263.3602327,36.24470698135511,0.118252353,18.056,0.435326193247529,123720001.220703,2.671646880527866,1.671844610025247,702.1739130434783,27.79,3456.08,2830.0,2840.0,197093,3.562652722539503,2019-01-01
Samoa,102,2020,0.5834359062346958,0.5483447632137708,57.12720848056537,864485987.5037652,35.87492355439476,0.1145169789166666,17.889,0.4384481069032431,127274168.01452623,2.6896621163775727,1.71151172062536,714.4423440453686,27.75,4357.46,2830.0,2840.0,198410,3.600838385390699,2020-01-01
Saudi Arabia,109,1995,0.609563504299803,-1.3078184434412912,0.4544841349217794,336810425357.3593,0.0258904054707397,0.089576589,78.67,0.298743240722518,16989999.7711182,3.16437472771031,11.932105034715237,255070.0,24.95,89.65,2149690.0,2149690.0,18638790,13.684901219446113,1995-01-01
Saudi Arabia,109,1996,0.606647453463513,-0.7106073496838821,0.4544841349217794,345693545080.94855,0.0096537995453173,0.0877358304,78.91,0.299476600922719,14079999.9237061,3.29892349103701,12.298619884591885,269710.0,25.31,86.98,2149690.0,2149690.0,19033843,14.170023363122205,1996-01-01
Saudi Arabia,109,1997,0.604127548613609,1.8314060713702984,0.4544841349217794,349509248374.542,0.0090323323422749,0.0858950718,79.147,0.301439509084635,1379999.99523163,2.82874673604369,11.07479114128008,253570.0,24.73,83.29,2149690.0,2149690.0,19407138,13.065811146393662,1997-01-01
Saudi Arabia,109,1998,0.601501657618766,2.9183799221938025,0.4544841349217794,359621817969.0178,0.009723798644615,0.0840543132,79.383,0.302890797807106,16590000.152587902,2.54552107988722,11.646691318097014,271900.0,25.69,81.02,2149690.0,2149690.0,19783301,13.743914627796444,1998-01-01
Saudi Arabia,109,1999,0.598879120333306,-0.4816645906114813,0.4544841349217794,346088223261.2046,0.0094157801874003,0.0822135546,79.616,0.307798573399737,22149999.6185303,2.18927802248618,11.61354031940628,278670.0,25.81,77.82,2149690.0,2149690.0,20194531,13.799280607209942,1999-01-01
Saudi Arabia,109,2000,0.596195308538043,-0.99256913650653,0.4544841349217794,365557126040.1205,0.0091000003740191,0.080372796,79.848,0.310808251333464,21959999.084472697,3.77381434226755,11.824520515063996,291540.0,25.32,67.72,2149690.0,2149690.0,20663840,14.108703900146343,2000-01-01
Saudi Arabia,109,2001,0.61290884195267,0.0106659443232507,0.4544841349217794,361131165571.4065,0.0089999996125698,0.0785236832,80.077,0.316515201325702,13109999.6566772,3.4628264294127,11.724951687633704,297910.0,25.63,71.52,2149690.0,2149690.0,21202646,14.050604816021549,2001-01-01
Saudi Arabia,109,2002,0.603917902800502,-0.3238998721959595,0.4544841349217794,350950248185.70905,0.0094999996945262,0.0766745704,80.304,0.322374359375951,16780000.6866455,4.03587222761333,12.24058970557738,318250.0,25.51,80.15,2149690.0,2149690.0,21805322,14.595060783784804,2002-01-01
Saudi Arabia,109,2003,0.594405976508325,-0.2717728738483237,0.4544841349217794,390404290519.5218,0.0091000003740191,0.0748254576,80.53,0.326574365612382,13789999.961853,3.95207995275935,12.384307629211754,331540.0,25.59,67.57,2149690.0,2149690.0,22456645,14.763558848616968,2003-01-01
Saudi Arabia,109,2004,0.584710226686737,-0.1292096606375883,0.4544841349217794,421474388233.0163,0.0087000001221895,0.0748254576,80.754,0.313359457855014,20239999.7711182,3.95429711287432,12.718367421751196,349930.0,25.44,72.47,2149690.0,2149690.0,23132686,15.127080357205385,2004-01-01
Saudi Arabia,109,2005,0.58294717779861,3.6830494971245487,0.4544841349217794,444966738933.33374,0.0083999997004866,0.0748254576,80.979,0.34128260702452,25110000.6103516,4.16733340692961,12.97311596005656,366490.0,25.35,70.68,2149690.0,2149690.0,23816175,15.38828128362342,2005-01-01
Saudi Arabia,109,2006,0.579347870213456,4.853586294952327,0.4544841349217794,457374201394.4634,0.0076999999582767,0.0748254576,81.204,0.363676512550656,24299999.237060502,4.55221104251728,13.402963706113152,389510.0,25.48,72.8,2149690.0,2149690.0,24498313,15.899462138474597,2006-01-01
Saudi Arabia,109,2007,0.575809837138106,5.846305428547239,0.4544841349217794,465822498631.4862,0.0080000003799796,0.0748254576,81.427,0.376281555455551,24964544.643055256,4.96490700366882,13.799311952241904,412590.0,25.55,74.35,2149690.0,2149690.0,25184589,16.382637810765942,2007-01-01
Saudi Arabia,109,2008,0.565590837077091,7.590633221856279,0.4544841349217794,494935346236.6528,0.0073000001721084,0.0748254576,81.649,0.405836680377546,25954048.708450638,5.21009075254186,14.764837021484606,450110.0,25.5,65.99,2149690.0,2149690.0,25888535,17.386460840677156,2008-01-01
Saudi Arabia,109,2009,0.559662525615512,8.496351701520895,0.4544841349217794,484743394128.556,0.0070000002160668,0.0748254576,81.867,0.409352444701212,28188053.13692509,5.13654696414116,15.00658854688961,470780.0,25.78,64.92,2149690.0,2149690.0,26630303,17.678356870366816,2009-01-01
Saudi Arabia,109,2010,0.549707131573451,5.534324281444662,0.4544841349217794,509171960046.4653,0.0065999999642372,0.0729763448,82.084,0.431021271498572,29242421.59004665,5.50461288843138,16.017742011478013,514560.0,26.51,66.11,2149690.0,2149690.0,27421468,18.764859707729723,2010-01-01
Saudi Arabia,109,2011,0.548660260763567,2.429579312992146,0.4544841349217794,560073099588.1653,0.0071000000461936,0.0729763448,82.302,0.423413415585459,29887187.223820865,5.56179796976596,16.155250017590816,534210.0,25.44,71.23,2149690.0,2149690.0,28267591,18.898320695244248,2011-01-01
Saudi Arabia,109,2012,0.548242237672997,1.655270345616192,0.4544841349217794,590381146784.2229,0.0082000000402331,0.0729763448,82.52,0.437041223535282,30607840.691034336,5.75738475731845,16.76390244578391,568100.0,25.78,74.07,2149690.0,2149690.0,29154906,19.48557131345236,2012-01-01
Saudi Arabia,109,2013,0.543216467816093,1.187266783446146,0.4544841349217794,606317037769.8806,0.0092000002041459,0.0729763448,82.74,0.458221595742256,32198553.51233953,5.67690485037258,16.617164787849138,585810.0,25.44,73.29,2149690.0,2149690.0,30052058,19.49317414467921,2013-01-01
Saudi Arabia,109,2014,0.538405970517439,1.0592692519959632,0.4544841349217794,628462656603.7286,0.008500000461936,0.0729763448,82.96,0.478939160749879,33600240.132857166,5.81663667931786,17.363162440582492,629390.0,25.72,74.93,2149690.0,2149690.0,30916603,20.35766995487829,2014-01-01
Saudi Arabia,109,2015,0.538033442525245,1.2442917870485968,0.4544841349217794,654269902880.0,0.0137999998405576,0.071127232,83.18,0.480900001365153,35401171.05749391,5.88302308072284,17.691712343615592,660370.0,25.94,68.94,2149690.0,2149690.0,31717676,20.820251773805875,2015-01-01
Saudi Arabia,109,2016,0.539604351791755,1.1555470050066483,0.4544841349217794,665200297859.4229,0.0137999998405576,0.071127232,83.401,0.506488348366565,36779459.35625534,5.46436473900304,17.160324198636992,664170.0,25.93,72.52,2149690.0,2149690.0,32443443,20.47162503683718,2016-01-01
Saudi Arabia,109,2017,0.540967318609855,0.2060516929519233,0.4544841349217794,660267820003.9342,0.0153999999165535,0.071127232,83.622,0.505671461988349,37840319.24224658,5.7207232477468,16.33476362461124,656080.0,25.91,77.71,2149690.0,2149690.0,33101183,19.82043965014785,2017-01-01
Saudi Arabia,109,2018,0.541753621008405,0.5399859571671889,0.4544841349217794,676339470191.7615,0.0156999994069338,0.071127232,83.844,0.506645923104051,39071257.42453623,4.95542646006006,15.268780533295836,638120.0,26.16,78.92,2149690.0,2149690.0,33702757,18.9337625998965,2018-01-01
Saudi Arabia,109,2019,0.541753621008405,0.5753801358899931,0.4544841349217794,678581100842.5813,0.0152569382737248,0.071127232,84.065,0.508229430099217,40353685.85921632,5.03329827451005,15.41385338106021,654774.3478260869,25.91,82.5,2149690.0,2149690.0,34268529,19.107162371226583,2019-01-01
Saudi Arabia,109,2020,0.5389282092045967,0.7711866672371134,0.4544841349217794,650714601909.9153,0.0155005530010469,0.0703585087916666,84.287,0.5169580213232461,41662743.7820132,5.108705873791486,15.549298315689269,671516.2759924385,25.76,74.71,2149690.0,2149690.0,34813867,19.28875858554979,2020-01-01
Serbia,103,1995,0.561844315151097,15.96097882030878,28.31008461010748,21208001183.6995,24.9760842877009,0.0872513009,51.651,0.328013858522259,95059997.5585938,3.4609563460348034,5.945951120714741,63580.0,10.46,837.01,87460.0,88360.0,7625357,8.337970274703205,1995-01-01
Serbia,103,1996,0.561844315151097,15.284188510818678,28.31008461010748,22536487904.75997,19.4322843405248,0.0872513009,51.875,0.328013858522259,69510002.1362305,3.446243910176734,6.916700556617835,71060.0,9.98,820.05,87460.0,88360.0,7617794,9.328159832098374,1996-01-01
Serbia,103,1997,0.561844315151097,14.48167163509985,28.31008461010748,24160778190.52048,16.2990531509645,0.0872513009,52.098,0.318718261915311,97360000.6103516,3.40884572896527,7.538997230435434,75900.0,10.19,692.52,87460.0,88360.0,7596501,9.991442112625274,1997-01-01
Serbia,103,1998,0.561844315151097,14.162236442584588,28.31008461010748,24967960158.586323,16.7429228649284,0.0872513009,52.322,0.309422665308362,108230003.356934,3.380628075592046,7.571608187115184,75600.0,10.66,762.84,87460.0,88360.0,7567745,9.989765775670296,1998-01-01
Serbia,103,1999,0.561844315151097,13.360985849153227,28.31008461010748,22614939243.498383,23.6833590112166,0.0872513009,52.545,0.31279250802011,707400024.414063,3.3689871919186447,5.408200439207411,58280.0,10.9,877.18,87460.0,88360.0,7540401,7.729031917533298,1999-01-01
Serbia,103,2000,0.561844315151097,12.710576358367994,28.12714383718271,24001645048.22105,22.0944004058838,0.0872513009,52.769,0.316162350731858,1134270019.53125,3.3333908418763905,5.852577835027818,60230.0,11.84,482.48,87460.0,88360.0,7516346,8.013202159666413,2000-01-01
Serbia,103,2001,0.563091518857103,12.10615771313656,28.31008461010748,25652664150.99888,19.5538997650146,0.0872513009,52.992,0.332507869282869,1304180053.71094,3.310782706704199,6.1531834828138,62560.0,10.89,788.34,87460.0,88360.0,7503433,8.337516973897149,2001-01-01
Serbia,103,2002,0.563421489827582,11.663480017973212,28.31008461010748,27289408095.10768,18.0058002471924,0.0872513009,53.215,0.347627733728527,2084639892.57813,3.277401870451185,6.631075050536769,65840.0,11.65,742.6,87460.0,88360.0,7496522,8.782739515738099,2002-01-01
Serbia,103,2003,0.56374775258978,11.243789610380288,28.31008461010748,28486801015.334797,15.6707000732422,0.0872513009,53.437,0.355528604445506,1310479980.46875,3.244546726925869,7.098369634163932,68840.0,10.8,648.37,87460.0,88360.0,7480591,9.202481461691995,2003-01-01
Serbia,103,2004,0.563510522120624,10.908662470356434,28.31008461010748,31058645509.56977,14.6387996673584,0.0872513009,53.661,0.36160217483177,1159699951.17188,3.2168815169046443,7.71121390049814,74260.0,10.71,849.7,87460.0,88360.0,7463157,9.95021275848813,2004-01-01
Serbia,103,2005,0.565036385078992,10.703812564869615,28.31008461010748,32776296417.470966,16.0974006652832,0.0872513009,53.883,0.341460299933214,1068489990.23438,3.183435666266424,6.922671567952183,67420.0,10.16,897.49,87460.0,88360.0,7440769,9.060891421303362,2005-01-01
Serbia,103,2006,0.564282144102571,10.531145053866233,29.862794420306425,34450440854.542816,15.332200050354,0.0872513009,54.105,0.357818304081415,1579589965.82031,3.17474926789021,7.253524860930256,69720.0,10.83,743.0,87460.0,88360.0,7411569,9.406915054018926,2006-01-01
Serbia,103,2007,0.563472035456287,10.245752105653755,30.15206951749371,36668885796.89261,14.0297002792358,0.0872513009,54.328,0.370175679241362,842460021.972656,3.06003502764349,7.123137204113104,69410.0,11.92,790.08,87460.0,88360.0,7381579,9.40313718785642,2007-01-01
Serbia,103,2008,0.561287063001587,7.770588520509994,30.441344614681,38742722729.4199,15.5663995742798,0.0872513009,54.55,0.374830002940801,975890014.648438,3.2696946798799,6.986183546564988,68090.0,11.86,709.94,87460.0,88360.0,7350222,9.263665777713925,2008-01-01
Serbia,103,2009,0.560199431567341,6.48591448744737,30.73061971186829,37684367630.59753,20.8229999542236,0.0872513009,54.772,0.375152578606837,623140014.648438,2.9600675544277,6.429619029705332,64750.0,11.75,807.45,87460.0,88360.0,7320807,8.844653328519657,2009-01-01
Serbia,103,2010,0.556314780122717,4.048952250755089,31.01989480905557,37959857147.32096,20.6177005767822,0.0872513009,54.993,0.379736767564215,661469970.703125,3.04201623511336,6.399288151195457,64130.0,11.01,998.67,87460.0,88360.0,7291436,8.795249660012102,2010-01-01
Serbia,103,2011,0.506132383904496,10.009578939886175,31.034827349645557,38732824869.45302,17.5618991851807,0.0872513009,55.215,0.380826119724803,1379170043.94531,3.22929658783783,7.023680488751952,68460.0,11.17,518.74,87460.0,88360.0,7234099,9.463514392047994,2011-01-01
Serbia,103,2012,0.506184420169218,2.9447281345455547,31.04975989023553,38468844257.12746,19.6193008422852,0.0872513009,55.356,0.379186334921005,1087780029.29688,2.90623464136934,6.313309331182317,63720.0,11.76,665.86,87460.0,88360.0,7199077,8.851134666291248,2012-01-01
Serbia,103,2013,0.506698854117247,4.255252978159938,31.06469243082552,39581608177.08438,20.1916999816895,0.0872513009,55.469,0.398873405082184,780270019.53125,3.0394850846379,6.441813188255046,64510.0,11.74,770.67,87460.0,88360.0,7164132,9.004580038447086,2013-01-01
Serbia,103,2014,0.503121579339917,4.248715325127902,31.079624971415505,38952454430.32623,23.4585990905762,0.0872513009,55.583,0.419115215290281,367049987.792969,2.87683183541502,5.430136359250641,56600.0,12.21,960.6,87460.0,88360.0,7130576,7.937647673904604,2014-01-01
Serbia,103,2015,0.50186191821056,5.908669980849696,31.094557512005487,39655958842.54775,21.3332004547119,0.0872513009,55.696,0.41243388148619,312480010.986328,2.85028500462208,6.364702229604801,62910.0,12.03,711.5,87460.0,88360.0,7095383,8.866328991683748,2015-01-01
Serbia,103,2016,0.50819809481424,5.787814311672279,31.101989480905555,40979907436.16937,21.0032997131348,0.0872513009,55.81,0.416918982783713,633469970.703125,2.88489899664994,6.55113212460412,64180.0,11.63,891.37,87460.0,88360.0,7058322,9.092812711009785,2016-01-01
Serbia,103,2017,0.506876361471834,6.552009650046327,31.121198262062656,41840962435.921234,20.0942001342773,0.0872513009,55.942,0.446999491117244,1688420043.94531,2.78208545860778,6.680095224828647,64500.0,11.73,687.99,87460.0,88360.0,7020858,9.18691134331445,2017-01-01
Serbia,103,2018,0.505712590104312,8.040763793540972,31.12279899382575,43721764447.47517,21.1446990966797,0.0872513009,56.092,0.450469121101859,1070020019.53125,3.07051248737564,6.521922194069719,62600.0,12.47,726.76,87460.0,88360.0,6982604,8.965136788510419,2018-01-01
Serbia,103,2019,0.505712590104312,8.286467410822244,31.125314429453464,45615675379.60177,20.97811713185269,0.0872513009,56.26,0.450282342811432,570700012.207031,3.061826088999426,6.546964414650371,62557.391304347824,12.65,764.33,87460.0,88360.0,6945235,9.007238963742454,2019-01-01
Serbia,103,2020,0.5033737682273627,6.535643778891565,31.13023096272582,45184791299.44105,21.04532725321477,0.0872513009,56.446,0.4553768629901475,590518346.150716,3.0619753441124207,6.530888930217003,62187.71266540643,12.1,716.06,87460.0,88360.0,6899126,9.013853735300156,2020-01-01
Seychelles,110,1995,0.544638621961329,9.028410341546197,73.26086956521739,674416356.329656,2.96356046049692,0.015200161,49.633,0.45463160508319,13189999.5803833,3.253629499177885,2.6559014129395515,280.0,27.42,2113.84,460.0,460.0,75304,3.718261978115372,1995-01-01
Seychelles,110,1996,0.524590570287285,5.727445761092827,73.26086956521739,707580951.6052907,2.29162224322873,0.014637003,49.758,0.455439254519144,19260000.2288818,3.253629499177885,3.14066241804834,320.0,27.05,1938.66,460.0,460.0,76417,4.18754989073112,1996-01-01
Seychelles,110,1997,0.51136253463062,9.485361007035795,73.26086956521739,792218643.2642184,1.37396877138601,0.014073845,49.901,0.445999140792257,17200000.762939498,3.253629499177885,4.526701069594796,430.0,27.66,2105.23,460.0,460.0,77319,5.561375599787891,1997-01-01
Seychelles,110,1998,0.498390768285836,8.746294394086604,73.26086956521739,858791933.0495309,1.03382980003982,0.013510687,50.061,0.436781453228591,24350000.3814697,3.253629499177885,5.580498693655987,520.0,27.75,1780.74,460.0,460.0,78846,6.595134819775258,1998-01-01
Seychelles,110,1999,0.487195432363213,8.863245458809105,73.26086956521739,874868574.6080979,0.868549785055861,0.012947529,50.238,0.440650470641699,13319999.6948242,3.253629499177885,6.466857356050243,610.0,27.21,1854.43,460.0,460.0,80410,7.586121129212785,1999-01-01
Seychelles,110,2000,0.475458149720047,3.956382732759874,73.26086956521739,888117049.0112088,1.52160000801086,0.012384371,50.433,0.441158482274524,23600000.3814697,3.253629499177885,7.148931974214542,670.0,27.16,2013.9,460.0,460.0,81131,8.25824900469611,2000-01-01
Seychelles,110,2001,0.465046701236366,10.404018011174848,73.26086956521739,867946465.3154229,1.25499999523163,0.0121721256,50.646,0.437731142105527,13409999.8474121,3.253629499177885,7.881579271446516,730.0,27.38,1942.05,460.0,460.0,81202,8.989926356493683,2001-01-01
Seychelles,110,2002,0.452395503481646,6.84107522520924,73.26086956521739,878473191.428979,1.09769999980927,0.0119598802,50.876,0.4335987591762,57930000.3051758,3.253629499177885,6.449840545608733,630.0,27.43,2322.98,460.0,460.0,83723,7.524813969876856,2002-01-01
Seychelles,110,2003,0.442741954985071,8.279033867735103,73.26086956521739,826756354.354268,1.11989998817444,0.0117476348,51.123,0.434467231008061,9390000.34332275,3.253629499177885,6.644036675082447,650.0,27.52,2452.27,460.0,460.0,82781,7.852043343279255,2003-01-01
Seychelles,110,2004,0.434450986384144,4.529244554400711,73.26086956521739,803190047.6005244,0.962199985980988,0.0117476348,51.388,0.42133481451174,10630000.1144409,3.253629499177885,9.093664746892998,850.0,27.26,2220.43,460.0,460.0,82475,10.306153379812065,2004-01-01
Seychelles,110,2005,0.462259844532556,8.783533154915684,73.26086956521739,875523427.1031476,0.940199971199036,0.0117476348,51.67,0.455395746190317,17200000.762939498,3.253629499177885,8.448188467015859,790.0,27.4,1883.55,460.0,460.0,82858,9.534384127060754,2005-01-01
Seychelles,110,2006,0.460245015794064,13.82852938110596,73.26086956521739,957876280.271721,0.949999988079071,0.0117476348,51.969,0.409405781059118,13710000.038147,3.253629499177885,8.747044917257684,840.0,27.51,1932.26,460.0,460.0,84600,9.929078014184396,2006-01-01
Seychelles,110,2007,0.458531677655024,17.021108108967013,73.26086956521739,1057700744.8399656,1.00689995288849,0.0117476348,52.285,0.40987867721515,6079999.92370605,3.253629499177885,7.644091117566122,750.0,27.69,1737.71,460.0,460.0,85033,8.820105135653217,2007-01-01
Seychelles,110,2008,0.46148167198596,18.5923820972895,73.26086956521739,1034993045.233232,0.912699997425079,0.0117476348,52.619,0.416464838048272,7489999.771118159,3.253629499177885,8.050048300289802,810.0,27.39,1606.35,460.0,460.0,86956,9.315055890335342,2008-01-01
Seychelles,110,2009,0.495763188607886,19.85509662513015,73.26086956521739,1023553828.1381104,0.826799988746643,0.0117476348,52.969,0.414277734564492,23159999.8474121,3.253629499177885,5.842058237302115,620.0,27.76,1951.58,460.0,460.0,87298,7.102110013975119,2009-01-01
Seychelles,110,2010,0.448071223006199,16.474828077103805,73.26086956521739,1084506074.450922,0.708999991416931,0.0115353894,53.336,0.41157407288954,53930000.3051758,3.253629499177885,4.901414726523337,560.0,27.94,1709.1,460.0,460.0,89770,6.238164197393338,2010-01-01
Seychelles,110,2011,0.453492557389299,13.43939583696481,73.26086956521739,1170044100.7890694,0.851499974727631,0.0115353894,53.72,0.416110889839756,22719999.3133545,3.253629499177885,4.574513100261891,520.0,27.78,1571.81,460.0,460.0,87441,5.946867030340458,2011-01-01
Seychelles,110,2012,0.409283293664402,57.83754629805144,73.26086956521739,1184796354.183355,0.779100000858307,0.0115353894,54.12,0.416061207366975,34750000.0,3.253629499177885,5.0960896005798215,570.0,27.74,1528.92,460.0,460.0,88303,6.455046827401108,2012-01-01
Seychelles,110,2013,0.403490497786544,4.313423741435971,73.26086956521739,1256098308.9935403,1.47520005702972,0.0115353894,54.537,0.426846098274915,27420000.0762939,3.253629499177885,4.558138500705955,540.0,27.74,1950.44,460.0,460.0,89949,6.003401927759064,2013-01-01
Seychelles,110,2014,0.387926115132402,8.068116913968241,73.26086956521739,1312682840.2644758,1.3425999879837,0.0115353894,54.969,0.434881939491504,12000000.0,3.253629499177885,5.035081382239298,600.0,27.74,2047.11,460.0,460.0,91359,6.5674974550947365,2014-01-01
Seychelles,110,2015,0.37469919351404,7.687403079426431,73.26086956521739,1377495054.041265,1.32169997692108,0.011323144,55.4,0.456301467635507,6780000.20980835,3.253629499177885,5.352230274355324,650.0,28.1,2014.07,460.0,460.0,93419,6.957899356661921,2015-01-01
Seychelles,110,2016,0.365712096890766,2.8636413306781896,73.26086956521739,1440344964.029407,1.19190001487732,0.011323144,55.831,0.443887932348945,5800000.19073486,3.253629499177885,5.703602775753351,690.0,27.9,1734.86,460.0,460.0,94677,7.287936880129282,2016-01-01
Seychelles,110,2017,0.364855354802764,8.144360222892141,73.26086956521739,1508593706.4296126,1.22420001029968,0.011323144,56.261,0.45876046613676,16200000.7629395,3.253629499177885,6.155900796093611,740.0,27.87,1784.85,460.0,460.0,95843,7.720960320524191,2017-01-01
Seychelles,110,2018,0.365911677397548,19.87894880899427,73.26086956521739,1535313668.7488143,1.22319996356964,0.011323144,56.691,0.457799295341563,16336818.998510236,3.253629499177885,6.407474008391723,780.0,27.79,1622.72,460.0,460.0,96762,8.061015687976685,2018-01-01
Seychelles,110,2019,0.365911677397548,16.039548547059997,73.26086956521739,1553599342.6426578,1.1475321158771496,0.011323144,57.119,0.463857248563831,16203947.124402435,3.253629499177885,6.570585860367904,801.7391304347826,27.92,2410.66,460.0,460.0,97625,8.212436675388298,2019-01-01
Seychelles,110,2020,0.3584647213740571,16.521594403357334,73.26086956521739,1386262377.3452165,1.0977890668618635,0.011161601625,57.546,0.4642416503755243,16158671.95901439,3.253629499177885,6.719712966555711,822.6843100189036,27.89,2489.8,460.0,460.0,98462,8.355348357934062,2020-01-01
Singapore,112,1995,0.292472997155415,13.60063454150951,23.761492537313437,107027567646.20306,0.452737924140517,1.4476e-05,100.0,0.566508556448186,30920000.0762939,6.52344460551614,11.031333185416624,49200.0,27.37,2707.1,670.0,680.0,3524506,13.959403105002515,1995-01-01
Singapore,112,1996,0.292662520700869,11.872120782039865,24.0879104477612,115024003491.41692,0.457871819092278,1.3358088e-05,100.0,0.578920154385936,29799999.237060502,6.59740008781707,10.858952397142346,50640.0,27.31,2418.1,670.0,680.0,3670704,13.79571875040864,1996-01-01
Singapore,112,1997,0.290619550155415,15.682307537152068,24.41417910447761,124593904567.93712,0.431425658794336,1.2240176e-05,100.0,0.589035344091926,25229999.5422363,7.14295669572887,10.405586034702498,50740.0,27.69,1523.0,670.0,680.0,3796038,13.3665679848305,1997-01-01
Singapore,112,1998,0.289344975780628,6.950616497326849,24.74059701492537,121858597614.1984,0.433014805376041,1.1122264e-05,100.0,0.592787230357134,20829999.9237061,5.767361678504,9.67352674784892,49710.0,27.98,2004.5,670.0,680.0,3927213,12.657831393407998,1998-01-01
Singapore,112,1999,0.260086578401771,21.84975775653208,25.066865671641786,128833794006.40092,0.426520082561525,1.0004352e-05,100.0,0.605845733363817,11710000.038147,6.48563286183669,9.717780203363558,50660.0,27.28,2233.4,670.0,680.0,3958723,12.797056020337871,1999-01-01
Singapore,112,2000,0.258947788699098,16.149237041881154,25.39322388059701,140479269711.9581,0.325399994850159,8.88644e-06,100.0,0.631163598238628,11010000.2288818,8.21720018579386,10.571299542415169,55300.0,27.46,2433.0,670.0,680.0,4027887,13.729282872136183,2000-01-01
Singapore,112,2001,0.257808998996425,18.93961755842392,25.501641791044776,138977524003.49142,0.596499979496002,8.4283e-06,100.0,0.633989077242896,12310000.4196167,7.43101769995006,10.21505012551921,55000.0,27.57,2414.4,670.0,680.0,4138012,13.29140659814423,2001-01-01
Singapore,112,2002,0.273727505974873,6.653710473404163,25.42044444444445,144417951702.06577,0.577600002288818,7.97016e-06,100.0,0.649442903407896,6630000.11444092,6.80056170038062,9.906727810438344,54120.0,27.91,1966.9,675.0,685.0,4175950,12.959925286461765,2002-01-01
Singapore,112,2003,0.289646805341095,17.462585765716522,25.082241630276563,150968431771.8941,0.576099991798401,7.51202e-06,100.0,0.647710880319959,5519999.98092651,6.12618163568923,9.28836359058682,51020.0,27.61,2587.6,687.0,697.0,4114826,12.399066205958649,2003-01-01
Singapore,112,2004,0.253944791173777,21.20237251020968,25.114949201741656,165792915333.1394,0.525499999523163,7.51202e-06,100.0,0.65760997392262,13890000.3433228,7.47879836538107,9.508806085635896,52450.0,27.59,2209.4,689.0,699.0,4166664,12.588008056325156,2004-01-01
Singapore,112,2005,0.252966614551614,15.113386089020509,25.22046444121916,177993671806.80832,0.535000026226044,7.51202e-06,100.0,0.656801780037719,21879999.1607666,6.9982516564306,8.650271627906104,49740.0,27.59,2090.1,689.0,699.0,4265762,11.660284844770992,2005-01-01
Singapore,112,2006,0.25283259927518,26.326605525151663,25.143515850144087,194022257782.95032,0.517899990081787,7.51202e-06,100.0,0.716120338774768,20579999.9237061,7.31180217310219,8.445107370099958,50190.0,27.43,2364.6,694.0,704.0,4401365,11.40328057318582,2006-01-01
Singapore,112,2007,0.251592547782991,26.161954158533195,25.21194244604316,211527203956.93927,0.503799974918365,7.51202e-06,100.0,0.73159848611074,14520000.4577637,6.86734550735663,8.344594940634385,51450.0,27.42,2560.4,695.0,705.0,4588599,11.212572726446568,2007-01-01
Singapore,112,2008,0.250157477655149,7.023479675969647,25.135714285714283,215479051498.39987,0.531799972057343,7.51202e-06,100.0,0.741153756517453,40340000.1525879,7.49268328418424,7.939007264542931,51750.0,27.28,2572.3,700.0,710.0,4839396,10.693483236337755,2008-01-01
Singapore,112,2009,0.248119515200741,12.070969928560007,25.239571428571438,215739743962.7583,0.475199997425079,7.51202e-06,100.0,0.724638834508106,23430000.3051758,7.17584576608825,7.785349708164672,52300.0,27.53,2267.1,700.0,710.0,4987573,10.486062058640544,2009-01-01
Singapore,112,2010,0.246796409295979,23.06933632343848,25.27119658119658,247077320337.5037,0.473300009965897,7.05388e-06,100.0,0.754290422060681,29489999.7711182,6.39370454642057,8.35379925511136,56040.0,27.83,2449.3,702.0,712.0,5076732,11.03859727084274,2010-01-01
Singapore,112,2011,0.252278274988126,17.5963671617229,24.83892045454545,262736761710.7944,0.47859999537468,7.05388e-06,100.0,0.768083707110944,23459999.084472697,6.83631026683353,8.636708073479731,59100.0,27.53,2502.0,704.0,714.0,5183688,11.401149143235472,2011-01-01
Singapore,112,2012,0.249554601529004,18.74388439215313,24.409065155807365,274459048588.8857,0.506900012493134,7.05388e-06,100.0,0.776623380479085,22090000.1525879,7.22696329103032,8.224097528121273,58710.0,27.62,2347.9,706.0,716.0,5312437,11.051425174547951,2012-01-01
Singapore,112,2013,0.246942063607196,20.934481044653214,24.015558698727013,287735452429.44434,0.561299979686737,7.05388e-06,100.0,0.790195684600142,95029998.7792969,6.52940236146806,8.134595702073767,59620.0,27.77,2506.4,707.0,717.0,5399162,11.042454366066435,2013-01-01
Singapore,112,2014,0.245688664444734,21.81934907381176,23.58984485190409,299066482397.43964,0.590699970722198,7.05388e-06,100.0,0.816407677108763,-1740000.00953674,6.07162653396851,8.128380883569262,60830.0,27.78,1939.9,709.0,719.0,5469724,11.121219279071486,2014-01-01
Singapore,112,2015,0.260066975234409,22.653770742388883,23.23187588152328,308004146057.6084,0.645099997520447,6.59574e-06,100.0,0.814774437330853,7769999.98092651,6.39422513951278,8.22041256714993,62560.0,27.88,1800.4,709.0,719.0,5535002,11.30261560881098,2015-01-01
Singapore,112,2016,0.242786824930582,21.30480792201319,22.969675599435824,318257710212.39453,0.68010002374649,6.59574e-06,100.0,0.795484942987583,19940000.5340576,6.15167880473651,8.232150936558758,63960.0,28.09,2226.4,709.0,719.0,5607283,11.406593888697966,2016-01-01
Singapore,112,2017,0.261553415257368,29.354871916350223,22.722143864598024,332644166424.20715,0.690299987792969,6.59574e-06,100.0,0.801066084775564,23639999.3896484,5.77299379361776,8.451151435974108,65970.0,27.7,2342.9,709.0,719.0,5612253,11.7546375760323,2017-01-01
Singapore,112,2018,0.263231270735223,22.10501951304373,22.46826516220029,344278295024.7309,0.727299988269806,6.59574e-06,100.0,0.805308332928459,16860000.6103516,5.93148595380357,8.399134832361357,66640.0,27.74,2342.8,709.0,719.0,5638676,11.81837722188684,2018-01-01
Singapore,112,2019,0.263231270735223,32.169837108404096,22.214386459802537,348909586848.9963,0.7392374693189055,6.59574e-06,100.0,0.805411775908781,16659999.847412098,5.905748621120415,8.28469142570678,67398.26086956522,28.12,1682.0,709.0,720.695652173913,5703569,11.816857281741523,2019-01-01
Singapore,112,2020,0.262012865467715,25.719273277083964,21.960507757404795,330099796334.01227,0.7514707584591938,6.267395833333333e-06,100.0,0.8153660767196391,16065833.171208687,5.87567681822056,8.172767035644364,68126.8809073724,27.93,2252.7,709.0,722.4650283553875,5685807,11.9819193488932,2020-01-01
Slovenia,113,1995,0.370588928748199,0.7043762741683639,60.104270109235344,26407064103.991898,11.4948224778553,0.068646171,50.622,0.528967938506261,7139999.8664856,4.54976845945225,7.27182451936607,18120.0,8.91,1467.03,20140.0,20270.0,1989872,9.10611335804514,1995-01-01
Slovenia,113,1996,0.370522825024014,0.8057754469414359,60.32770605759682,27252883901.104294,11.0941837619979,0.068646171,50.649,0.526635842678771,31870000.8392334,4.74082819213939,7.688718050837059,18940.0,8.18,1515.65,20140.0,20270.0,1988628,9.52415434158626,1996-01-01
Slovenia,113,1997,0.360233202016043,1.6110309730090584,60.55114200595829,28629098249.089317,10.2327026065449,0.068646171,50.675,0.527212311628656,52540000.9155273,4.42556594099853,7.920618583694704,19420.0,9.17,1215.77,20140.0,20270.0,1985956,9.778665791185706,1997-01-01
Slovenia,113,1998,0.334468790575934,0.9739805864705616,60.77457795431977,29567951003.859344,11.0884504569947,0.068646171,50.701,0.539605502457332,82199996.9482422,4.55837621418443,7.82184758095486,19150.0,9.3,1426.7,20140.0,20270.0,1981629,9.66376652743778,1998-01-01
Slovenia,113,1999,0.333147024218405,0.4693681307119199,60.99801390268124,31144711243.021275,10.9503328020105,0.0617680466,50.728,0.530092684718566,96620002.746582,4.75508936012608,7.51874011936189,18420.0,9.3,1416.99,20140.0,20270.0,1983045,9.28874533860805,1999-01-01
Slovenia,113,2000,0.287402345391322,0.6693075024921602,61.2214498510427,32288460757.94074,15.8652000427246,0.0617680466,50.754,0.53269208975023,39759998.3215332,4.83373447906285,7.310481792928341,18120.0,10.15,1349.42,20140.0,20270.0,1988925,9.110449111957465,2000-01-01
Slovenia,113,2001,0.286666675632464,2.4008074257902816,61.29096325719961,33327038579.310596,14.9923000335693,0.0617680466,50.78,0.540546448146681,31049999.237060502,4.70064566189503,7.7206509844081,19020.0,9.29,1195.99,20140.0,20270.0,1992060,9.547905183578807,2001-01-01
Slovenia,113,2002,0.290580646121514,7.874877142456148,61.3604766633565,34495350596.176125,14.0965003967285,0.0617680466,50.857,0.546951886273408,60810001.373291,5.04470376037859,7.781281805738695,19090.0,9.93,1390.92,20140.0,20270.0,1994530,9.571177169558744,2002-01-01
Slovenia,113,2003,0.283159365086953,1.8073398868860344,61.42999006951341,35516502760.32032,14.1843004226685,0.0548899222,51.082,0.548098816919856,125559997.558594,5.0343861853017,7.726484454583854,19060.0,9.51,1018.21,20140.0,20270.0,1995733,9.550375726612728,2003-01-01
Slovenia,113,2004,0.276807215084314,2.217360971433922,61.4995034756703,37064735583.80263,15.4107999801636,0.0480117978,51.308,0.559709982600012,52759998.3215332,5.55572075739587,7.86675292887574,19290.0,8.9,1480.15,20140.0,20270.0,1997012,9.659431190198156,2004-01-01
Slovenia,113,2005,0.278050661427192,2.6812942132847155,61.56901688182721,38472444101.10008,14.5666999816895,0.0480117978,51.533,0.567064610937653,57828887.03876072,5.51275509289789,7.963112742280079,19490.0,8.48,1365.59,20140.0,20270.0,2000474,9.74269098223721,2005-01-01
Slovenia,113,2006,0.277826454058018,1.752794413238127,61.6385302879841,40683223436.52807,14.4146995544434,0.0480117978,51.758,0.565954072981852,60713207.72759708,5.75576994923905,8.12709156755701,19850.0,9.38,1168.12,20140.0,20270.0,2006868,9.89103418859636,2006-01-01
Slovenia,113,2007,0.277188404934161,3.925533759423306,61.70804369414101,43522977832.51297,14.0903997421265,0.0480117978,51.983,0.575692269166705,61621341.81782705,5.96676459194234,8.076815970491378,19790.0,10.04,1263.33,20140.0,20270.0,2018122,9.806146506504565,2007-01-01
Slovenia,113,2008,0.281387297713692,1.945441904180965,61.75854503578838,45050565377.91129,13.8527002334595,0.0480117978,52.209,0.5720609446486,59334824.58111426,5.83430434793056,8.603305965024765,20780.0,9.9,1396.72,20146.2,20270.0,2021316,10.28043116464719,2008-01-01
Slovenia,113,2009,0.284169004436333,-0.688871871715809,61.82926466062405,41649951475.7119,19.0291004180908,0.0480117978,52.433,0.59700583466933,55192027.00717341,4.97467099434272,7.613980503699375,18790.0,9.77,1464.63,20145.8,20270.0,2039669,9.212279051159772,2009-01-01
Slovenia,113,2010,0.282357378742858,0.6626570736632466,61.897529062552735,42209622062.339714,19.505500793457,0.0411336734,52.658,0.621314778748767,56906696.86113343,5.19184863454182,7.71752962901674,19080.0,8.84,1547.26,20146.2,20270.0,2048583,9.313754922304833,2010-01-01
Slovenia,113,2011,0.273545348752148,1.7003263128884945,61.90807108110791,42573185243.03865,18.5874004364014,0.0411336734,52.883,0.629748774772834,59779663.2638082,5.02966790855783,7.66254409129193,19020.0,10.02,1025.06,20146.0,20270.0,2052843,9.265199530602194,2011-01-01
Slovenia,113,2012,0.269011432991617,0.0719999143700849,61.91892066297026,41449492091.74372,19.7054996490479,0.0411336734,53.108,0.628935223597921,59665181.25164344,4.76272429786204,7.374247688195224,18420.0,9.95,1338.28,20145.7,20270.0,2057159,8.954096401882403,2012-01-01
Slovenia,113,2013,0.268536997152073,0.2149145456853035,61.94637537239325,41022859610.54509,22.0063991546631,0.0411336734,53.332,0.6260854942178,52343534.9953156,4.65699889453846,7.087540346794319,17780.0,9.58,1547.29,20140.0,20675.0,2059953,8.631264888082399,2013-01-01
Slovenia,113,2014,0.258717014406031,2.041591484719997,61.95630585898709,42158437521.43969,22.3006992340088,0.0411336734,53.557,0.634754549589803,52297261.292402536,4.68086479220745,6.387064859988943,16230.0,10.45,1736.69,20140.0,20675.0,2061980,7.871075374154938,2014-01-01
Slovenia,113,2015,0.255999536770556,4.015177853740971,61.95823776473743,43090173394.69132,20.8129005432129,0.034255549,53.781,0.627011055183863,51682636.20947385,4.95743246865462,6.382264186968841,16310.0,10.28,1400.64,20142.6,20675.0,2063531,7.90392778203962,2015-01-01
Slovenia,113,2016,0.250411960179076,3.2328850417721573,61.859298977261446,44465548179.12493,20.7875995635986,0.034255549,54.02,0.622150018496907,50679239.37412682,4.98144832685644,6.745625512701436,17130.0,9.9,1655.69,20142.0,20675.0,2065042,8.29523079917987,2016-01-01
Slovenia,113,2017,0.250744755457259,2.4680240223287395,61.769978299839615,46606733574.19461,19.6681995391846,0.034255549,54.273,0.61350810271551,49463450.21371569,5.24636344702961,6.8428581660365815,17310.0,9.85,1505.91,20138.1,20480.0,2066388,8.376935986852422,2017-01-01
Slovenia,113,2018,0.247953436327043,2.8411873148152824,61.67438072346596,48667926418.78966,21.0060997009277,0.034255549,54.541,0.608363714622608,48366630.83956029,5.36620072221973,6.774695331583968,17170.0,10.67,1379.8,20136.4,20480.0,2073894,8.279111661444606,2018-01-01
Slovenia,113,2019,0.247953436327043,3.9711740611699993,61.57307165133788,50249892617.41042,21.4196334932352,0.034255549,54.822,0.610711689276635,47608253.48760328,5.401697777122664,6.753081019071702,17128.695652173912,10.5,1576.4,20136.4,20489.130434782608,2088385,8.201885979919368,2019-01-01
Slovenia,113,2020,0.2428436241428281,0.9076004299159912,61.47225919230846,48124693310.88775,21.868566090245512,0.0328226064166666,55.118,0.6141176788920673,46575093.11276659,5.430431237339328,6.712401148125383,17049.943289224953,10.3,1553.15,20136.4,20498.657844990543,2102419,8.109679036017535,2020-01-01
South Africa,107,1995,0.605567307511234,0.7269475102440422,14.805241161002067,193189961762.58823,18.1130796760271,0.16123494,54.486,0.397673903891085,386170013.427734,3.16830772674758,6.375893518644439,330560.0,17.99,502.24,1213090.0,1219090.0,41435761,7.977650030368696,1995-01-01
South Africa,107,1996,0.609126976939947,0.5001257956303905,14.775235143311708,201497130113.10132,17.4377706017221,0.1500873546,54.967,0.397787880534029,362339996.33789104,3.28931324471461,6.486114310674458,340020.0,17.41,569.18,1213090.0,1219090.0,42241007,8.049524008743447,1996-01-01
South Africa,107,1997,0.577685957174216,2.255071106456196,14.745229125621348,206736055498.99084,17.1071913418366,0.1389397692,55.449,0.401195868138977,495589996.33789104,3.37878526027523,6.721030432691807,353520.0,17.77,488.63,1213090.0,1219090.0,42987456,8.22379440179014,1997-01-01
South Africa,107,1998,0.567072148522047,0.3597394771442122,14.715223107930983,207769735777.19165,17.272490038871,0.1277921838,55.93,0.404565455879579,515640014.648438,3.25809539111573,6.787881551638619,359930.0,18.25,496.93,1213090.0,1219090.0,43682259,8.239729543291247,1998-01-01
South Africa,107,1999,0.56225585200696,0.9921901947099244,14.685217090240624,212756209430.57397,18.2213200307393,0.1166445984,56.411,0.403428138505152,543270019.53125,2.99840205808437,6.280539027989436,339740.0,18.6,436.71,1213090.0,1219090.0,44338551,7.6624064688086,1999-01-01
South Africa,107,2000,0.565498043527582,0.6384249385715945,14.655211072550264,221691970228.1011,16.2558994293213,0.105497013,56.891,0.402753360354178,490010009.765625,3.06202919974851,6.331876384284876,344130.0,17.63,628.92,1213090.0,1219090.0,44967713,7.652824149629313,2000-01-01
South Africa,107,2001,0.574122265341113,5.36835714550131,14.625205054859904,227677653424.68332,15.6297998428345,0.0916567742,57.368,0.402893070892824,428880004.882813,3.17562163697627,7.035133888735869,378210.0,17.9,537.86,1213090.0,1219090.0,45571272,8.299307511100414,2001-01-01
South Africa,107,2002,0.569964611174566,1.146352157639404,14.595199037169545,236102579035.79,13.895899772644,0.0778165354,57.898,0.402463623621959,506959991.455078,3.20288285973636,7.181223045359904,393810.0,17.95,412.56,1213090.0,1219090.0,46150913,8.533092292236992,2002-01-01
South Africa,107,2003,0.570734649766351,0.3974901697080578,14.56519301947918,243065422272.3687,13.063099861145,0.0639762966,58.446,0.408193826970208,642150024.414063,3.30739522436858,7.55813407176488,415180.0,18.32,372.5,1213090.0,1219090.0,46719203,8.886709818230418,2003-01-01
South Africa,107,2004,0.563568422603624,0.274200087704586,14.53518700178882,254135982543.4955,12.3071002960205,0.0639762966,58.993,0.402190528373485,631609985.351563,3.60115565646125,8.034617556898569,442840.0,18.58,470.69,1213090.0,1219090.0,47291610,9.364028841479492,2004-01-01
South Africa,107,2005,0.596600994893914,2.257808803921545,14.50518098409846,267546870424.2948,10.9924001693726,0.0639762966,59.536,0.424823533321611,681229980.46875,3.35388687763148,7.887120032656236,442920.0,18.57,395.46,1213090.0,1219090.0,47880595,9.25051161122789,2005-01-01
South Africa,107,2006,0.593210861836029,0.2051240542531553,14.475174966408098,282539679229.8738,10.757399559021,0.0639762966,60.077,0.315198119995326,723239990.234375,3.55667604560501,7.827679844017249,445530.0,18.07,567.4,1213090.0,1219090.0,48489464,9.188181581054392,2006-01-01
South Africa,107,2007,0.581767424605522,1.977567546314781,14.445168948717738,297685145427.08105,10.3747997283936,0.0639762966,60.616,0.316436638431525,795119995.117188,3.68490467337334,8.080250219433049,465580.0,18.39,424.42,1213090.0,1219090.0,49119766,9.478465349366688,2007-01-01
South Africa,107,2008,0.577996246111674,3.1268574376233547,14.415162931027377,307184409060.7409,11.5638999938965,0.0639762966,61.154,0.321782689419637,1114910034.17969,3.82557225938682,8.568994062452088,497470.0,18.49,437.79,1213090.0,1219090.0,49779472,9.993476829163637,2008-01-01
South Africa,107,2009,0.577037356099441,2.312181797957268,14.385156913337015,302459639039.7778,10.9875001907349,0.0639762966,61.687,0.318732128160804,1074180053.71094,3.60512560560063,8.004039383233712,476950.0,18.42,474.64,1213090.0,1219090.0,50477013,9.448855462188304,2009-01-01
South Africa,107,2010,0.577018030352024,0.8849019525805434,14.355150895646654,311653604140.2694,11.7876996994019,0.0501360578,62.218,0.308788196961839,1036270019.53125,3.60870645409752,8.300179118376924,499720.0,18.68,475.2,1213090.0,1219090.0,51216967,9.756922935323368,2010-01-01
South Africa,107,2011,0.570871733618348,0.9033774431068238,14.325144877956292,321528523981.7023,11.3718004226685,0.0501360578,62.746,0.31272602144094,1396969970.70313,3.30981908263407,7.867123605430138,484250.0,17.98,541.72,1213090.0,1219090.0,52003759,9.311826862362008,2011-01-01
South Africa,107,2012,0.565347430605063,1.064922494856964,14.295138860265933,329233094599.26294,10.6075000762939,0.0501360578,63.272,0.313448048007394,1065829956.05469,3.43718143653899,8.07663305380863,503110.0,18.21,462.35,1213090.0,1219090.0,52832659,9.522708292989758,2012-01-01
South Africa,107,2013,0.569731513798524,2.0535809522968447,14.26513284257557,337416077838.15137,9.7819995880127,0.0501360578,63.793,0.318717841399029,1295339965.82031,3.27694188973235,8.137332740391667,513020.0,18.3,420.93,1213090.0,1219090.0,53687125,9.55573612854106,2013-01-01
South Africa,107,2014,0.571082043139816,1.5193274375397987,14.23512682488521,342186555600.7309,9.90810012817383,0.0501360578,64.312,0.32137212498549,1077400024.41406,4.07685417273635,8.213157978493179,525050.0,18.51,450.06,1213090.0,1219090.0,54544184,9.626140891575169,2014-01-01
South Africa,107,2015,0.557616195567944,0.4387357920563592,14.205120807194849,346709790458.56305,10.2917003631592,0.036295819,64.828,0.329021493780726,1420270019.53125,4.53858783304302,7.671201555025209,501090.0,18.96,368.0,1213090.0,1219090.0,55386369,9.04717187725377,2015-01-01
South Africa,107,2016,0.547094928050356,0.684612553455795,14.175114789504487,349013858372.6254,10.7053003311157,0.036295819,65.341,0.328252259318627,1180280029.29688,4.18782360501884,7.564450881053573,501550.0,19.07,425.62,1213090.0,1219090.0,56207649,8.923162753169057,2016-01-01
South Africa,107,2017,0.554637184607635,0.5396739567594555,14.145108771814128,353055253707.07135,10.2253999710083,0.036295819,65.85,0.33969418465471,1014809997.55859,4.0808498819669,7.6327293553694,514600.0,18.61,426.02,1213090.0,1219090.0,57009751,9.02652600605114,2017-01-01
South Africa,107,2018,0.55539401689124,1.3757121899832856,14.115102754123765,358307364996.5032,10.3432998657227,0.036295819,66.355,0.334584083211586,921140014.648438,3.80046224672128,7.496644894529603,513440.0,18.74,384.54,1213090.0,1219090.0,57792520,8.88419470201334,2018-01-01
South Africa,107,2019,0.55539401689124,1.3188044544316588,14.085096736433403,358712444718.33124,10.005483352231206,0.036295819,66.856,0.32887913933732,971479980.46875,3.827947225850571,7.545373215220263,521391.3043478261,19.36,383.92,1213090.0,1219090.0,58558267,8.903803528677276,2019-01-01
South Africa,107,2020,0.5533034631154069,0.95400164995617,14.055090718743044,335640150576.1224,9.682340428340298,0.0310900222916666,67.354,0.3260126908142464,995867895.7621256,3.8513660945956127,7.591427950200515,529277.0132325141,18.55,462.23,1213090.0,1219090.0,59308690,8.924105611378605,2020-01-01
Spain,114,1995,0.233168207772685,1.3474594527176365,31.033347349030915,794243755639.5217,8.26456706820941,0.022795403,75.856,0.477712864006003,133265336.60888693,4.69894974700614,6.056280766940934,303340.0,14.27,519.68,499440.0,505990.0,39724050,7.636180097447264,1995-01-01
Spain,114,1996,0.251227013209986,1.525295224057332,31.671916546532117,815374804972.54,10.0619918052583,0.0238649252,75.938,0.483085913837021,133265336.60888693,4.77822495393808,5.768384400122618,296730.0,13.47,806.61,499440.0,505990.0,39889852,7.438734041931266,1996-01-01
Spain,114,1997,0.247634243569242,1.598716049678679,32.310485744033315,845564711753.3145,9.15429586161334,0.0249344474,76.019,0.488471320968969,133265336.60888693,4.84354941216817,6.2063456008078814,318090.0,14.36,778.02,499440.0,505990.0,40057389,7.940857053863396,1997-01-01
Spain,114,1998,0.248077685118955,2.537836213001021,32.94905494153452,882710685369.584,8.94141224858348,0.0260039696,76.1,0.494386564668368,133265336.60888693,5.18616231359728,6.369906713012035,327700.0,13.88,486.43,499440.0,505990.0,40223509,8.14697693331529,1998-01-01
Spain,114,1999,0.245870791191929,3.092608425000629,33.58762413903572,922348732037.4094,7.68165509154123,0.0270734918,76.181,0.504395142003722,133265336.60888693,5.22481445325509,6.891100140825453,352530.0,13.76,571.83,499440.0,505990.0,40386875,8.728825887122982,1999-01-01
Spain,114,2000,0.244069228000357,6.786943902212143,34.25637274549098,970735097454.9775,7.88439989089966,0.028143014,76.262,0.516668175562279,133265336.60888693,5.49383808684888,7.23010706208244,369840.0,13.84,631.17,499000.0,505000.0,40567864,9.11657562251737,2000-01-01
Spain,114,2001,0.241357915571156,4.608644235814947,34.58050028083126,1008913612242.1412,8.93270015716553,0.0261447918,76.343,0.515822494849056,133265336.60888693,5.33333114574344,7.216328687211282,367810.0,13.91,581.41,498520.0,505020.0,40850412,9.003825958964624,2001-01-01
Spain,114,2002,0.238322947558213,5.579816518352637,34.835307790958645,1036467267290.1392,7.41650009155273,0.0241465696,76.533,0.5182275985159,133265336.60888693,5.56568219434612,7.548593755513611,384510.0,13.89,680.41,499040.0,505320.0,41431558,9.280606826323066,2002-01-01
Spain,114,2003,0.236041626854408,3.395380888872962,35.11418641453496,1067373631209.9012,8.90219974517822,0.0221483474,76.778,0.517355763689636,133265336.60888693,5.72058998860284,7.553396260919518,393610.0,14.27,694.25,499210.0,505370.0,42187645,9.329982747318557,2003-01-01
Spain,114,2004,0.232438017273801,2.3679458018185118,35.40705557113667,1100705524174.5017,8.03190040588379,0.0221483474,77.022,0.516158441637603,133265336.60888693,5.72517792943423,7.817921366239771,409760.0,13.82,568.67,499180.0,505370.0,42921895,9.546642803166076,2004-01-01
Spain,114,2005,0.238931386272081,2.341811379172108,35.70425173816346,1140903649565.5295,7.29309988021851,0.0221483474,77.263,0.525575811064122,133265336.60888693,5.65203442545398,8.029202013004559,424480.0,13.63,445.38,499090.0,505370.0,43653155,9.72392488011462,2005-01-01
Spain,114,2006,0.237988756109708,2.614682312329652,36.00299811615697,1187711812957.1238,8.47439956665039,0.0221483474,77.502,0.535144599796505,133265336.60888693,5.78523298762205,7.698212588016858,418340.0,14.38,616.71,498980.0,505370.0,44397319,9.422641038302336,2006-01-01
Spain,114,2007,0.236707285943845,4.634754727462744,36.28442026807718,1230525117812.134,9.01000022888184,0.0221483474,77.74,0.537889975885886,133265336.60888693,5.86242624292456,7.842252303352063,434660.0,13.7,560.71,499110.0,505370.0,45226803,9.610672680091936,2007-01-01
Spain,114,2008,0.233054816780984,4.558669541486506,36.59795108259824,1241441662114.076,9.74450016021729,0.0221483474,77.976,0.540668352980304,133265336.60888693,5.28528779775211,7.0539942611439335,401450.0,13.65,655.15,498800.0,505370.0,45954106,8.735889672187291,2008-01-01
Spain,114,2009,0.232985563779515,0.6428324861332758,36.89928809208679,1194723333131.55,12.2313003540039,0.0221483474,78.21,0.531983080203621,133265336.60888693,4.63304213271392,6.2008570378595005,364620.0,14.3,585.69,498660.0,505370.0,46362946,7.864470044677489,2009-01-01
Spain,114,2010,0.227965329742329,2.5768123129475,37.08993820123597,1196670854394.8042,14.4125003814697,0.0201501252,78.442,0.523082376100655,133265336.60888693,4.40424463710403,5.86664242575026,349440.0,13.59,784.12,500010.0,505600.0,46576897,7.502431946035392,2010-01-01
Spain,114,2011,0.219875895378106,1.814479687150788,37.10192046091061,1186925484611.0833,14.7653999328613,0.0201501252,78.673,0.52992780118373,133265336.60888693,4.2577820284262,5.870435760264326,348820.0,14.4,519.48,499880.0,505600.0,46742697,7.462556129356421,2011-01-01
Spain,114,2012,0.218582405220672,1.5736837955695349,37.079778493032926,1151799121598.678,15.7988004684448,0.0201501252,78.902,0.532993702640487,133265336.60888693,3.85276403397697,5.756947028583016,342540.0,13.91,509.14,500210.0,505940.0,46773055,7.323447228324086,2012-01-01
Spain,114,2013,0.217016363352545,3.496806341679632,37.08211351232482,1135266263129.812,16.9605007171631,0.0201501252,79.133,0.531232720657376,133265336.60888693,3.99314264310139,5.208060180980092,316480.0,13.73,663.99,500210.0,505940.0,46620045,6.7884962359002445,2013-01-01
Spain,114,2014,0.21258745895388,2.405672897456125,37.08444853161672,1150977303115.7217,17.3747997283936,0.0201501252,79.366,0.536763560892816,133265336.60888693,3.71146648562987,5.184066860004937,314950.0,14.54,621.65,500210.0,505940.0,46480882,6.7759041233339765,2014-01-01
Spain,114,2015,0.212164183172572,1.9275959647109064,37.12753246701263,1195119269971.5168,16.2985000610352,0.018151903,79.602,0.541694026997687,133265336.60888693,3.93334714382184,5.51794438614828,325510.0,14.48,472.9,499661.0,505924.0,46444832,7.008530034084309,2015-01-01
Spain,114,2016,0.204988774603198,3.5917702141820813,37.14286858140298,1231346936295.0903,17.1770000457764,0.018151903,79.84,0.541216256446172,133265336.60888693,3.98225524488634,5.314294607041871,315830.0,14.34,628.21,499564.0,505935.0,46484062,6.794371799951562,2016-01-01
Spain,114,2017,0.201485778501975,2.4108623238872253,37.15223391736539,1267962775991.1804,15.682900428772,0.018151903,80.08,0.546071075850723,133265336.60888693,4.01001166479563,5.654039569176951,332170.0,14.59,453.6,499547.35,505935.23,46593236,7.129146385110492,2017-01-01
Spain,114,2018,0.199660978008351,4.127731492731292,37.15664678147688,1296983726387.2908,17.3889007568359,0.018151903,80.321,0.542836091052267,133265336.60888693,4.39149120613281,5.520350399722175,326940.0,14.19,754.22,499603.479,505957.289,46797754,6.986232715356382,2018-01-01
Spain,114,2019,0.199660978008351,1.7773330020001112,37.16523359117762,1324028319783.903,17.785610917210963,0.018151903,80.565,0.541446123824467,133265336.60888693,4.378123443486143,5.497049079408316,327966.0869565217,14.38,554.02,499603.479,505955.8667826087,47134837,6.9580401212912175,2019-01-01
Spain,114,2020,0.198264843434837,2.6325211180056174,37.17382040087836,1180730237585.7205,18.1214204438176,0.0179584238333333,80.81,0.544101676316903,133265336.60888693,4.360727725640407,5.485251891551172,329324.1776937618,14.64,596.37,499603.479,505954.3827296786,47363419,6.953133550045486,2020-01-01
Sri Lanka,104,1995,0.593925980346486,0.4297535480309897,36.0129963323234,28250054748.32826,69.9385547623011,0.22751826,18.458,0.353247626967219,471470001.220703,1.06547996554103,0.3190279273868318,27830.0,27.14,1568.78,62710.0,65610.0,18242917,1.525523577177926,1995-01-01
Sri Lanka,104,1996,0.59600977103892,0.8625457355909838,35.71972572157551,29323547564.224487,64.4119610392682,0.2122940402,18.442,0.351680346409905,347670013.427734,1.13318000901778,0.4551569665421518,27510.0,27.02,1729.3,62710.0,65610.0,18367290,1.497771309757727,1996-01-01
Sri Lanka,104,1997,0.593254899502578,2.8495799482212933,35.42645511082762,31201837991.26648,65.9012756288697,0.1970698204,18.427,0.353774423351663,253789993.28613305,1.11500536006513,0.4515211145403496,25410.0,27.24,1979.23,62710.0,65610.0,18470897,1.3756776403441586,1997-01-01
Sri Lanka,104,1998,0.588296785498561,1.224592311837853,35.133184500079736,32667832338.29629,64.1505113920443,0.1818456006,18.411,0.354739209744233,321519989.013672,1.10067944294739,0.4637860400401948,22790.0,27.69,1597.61,62710.0,65610.0,18564595,1.227605557783512,1998-01-01
Sri Lanka,104,1999,0.585817383248283,1.1267659498218316,34.83991388933185,34072725697.79856,63.2479744107851,0.1666213808,18.396,0.351918939943941,181970001.220703,1.16768962025493,0.5090205678065495,22070.0,26.96,1769.7,62710.0,65610.0,18663293,1.1825351506832154,1999-01-01
Sri Lanka,104,2000,0.582138577805906,1.0589882900176844,34.54664327858396,36117100538.23138,64.161003112793,0.151397161,18.38,0.346853855655903,222429992.67578095,1.18113977421971,0.5820763307101022,21200.0,27.09,1745.91,62710.0,65610.0,18777606,1.1290044108924215,2000-01-01
Sri Lanka,104,2001,0.584977187645561,1.0907472086787109,34.446499760803704,35558943928.696884,62.932201385498,0.1402902688,18.365,0.356107308450633,265959991.455078,1.11685623585539,0.5737180956556744,21040.0,27.28,1463.01,62710.0,65610.0,18911727,1.1125372103774551,2001-01-01
Sri Lanka,104,2002,0.569078602681057,1.1882779089503976,34.34635624302344,36968740732.71573,62.1044998168945,0.1291833766,18.349,0.364454538667536,249880004.882813,1.15413229552579,0.5969843581704707,22040.0,27.37,1712.93,62710.0,65610.0,19062476,1.1561981769839342,2002-01-01
Sri Lanka,104,2003,0.576571780669172,1.2113274087665735,34.24621272524318,39164783406.841125,61.3058013916016,0.1180764844,18.334,0.359897295400108,525909973.144531,1.2364055688923,0.6455460237381995,23260.0,27.36,1642.08,62710.0,65610.0,19224036,1.209943635145086,2003-01-01
Sri Lanka,104,2004,0.579730716920243,1.126677351362442,34.14606920746293,41297329862.70032,61.6133003234863,0.1180764844,18.319,0.356034354666092,408350006.103516,1.22547809185877,0.6638416687586878,23470.0,27.09,1954.65,62710.0,65610.0,19387153,1.21059549073554,2004-01-01
Sri Lanka,104,2005,0.591468170921522,1.1161285430176835,34.04592568968267,43875005141.899,60.0808982849121,0.1180764844,18.303,0.33835938837461,1039760009.76563,1.17065611193013,0.7152728873509668,25460.0,27.24,1689.09,62710.0,65610.0,19544988,1.30263574477508,2005-01-01
Sri Lanka,104,2006,0.597384070120638,1.696262869043244,33.94578217190241,47239468607.36928,62.1783981323242,0.1180764844,18.288,0.33685383255205,685010009.765625,1.21681274425703,0.630077908803407,23920.0,27.19,2113.32,62710.0,65610.0,19695977,1.2144612069764298,2006-01-01
Sri Lanka,104,2007,0.603296786113171,1.8639733220666344,33.84563865412215,50450253148.13197,60.2014999389648,0.1180764844,18.272,0.336343949986038,506519989.013672,1.22727051119348,0.6849092764838138,24890.0,27.14,1587.37,62710.0,65610.0,19842044,1.25440705604725,2007-01-01
Sri Lanka,104,2008,0.614144259187692,1.8475302540514145,33.745495136341894,53452087679.86105,61.5755004882813,0.1180764844,18.257,0.338100786916705,634500000.0,1.20321973893385,0.6410133234694344,25200.0,27.06,1996.56,62710.0,65610.0,19983984,1.2610098166611825,2008-01-01
Sri Lanka,104,2009,0.618243173075989,0.9603905947374852,33.645351618561634,55343710053.33915,63.513801574707,0.1180764844,18.242,0.336342112197813,606479980.46875,1.14163752999818,0.6107285071767805,24350.0,27.43,1569.81,62710.0,65610.0,20123508,1.210027595586217,2009-01-01
Sri Lanka,104,2010,0.6391269815362,0.841873411194353,33.54520810078137,59780043793.04959,61.8465995788574,0.1069695922,18.226,0.331589125769222,558590026.855469,1.24792658961349,0.6450581879994697,25590.0,27.49,1843.64,62710.0,65610.0,20261738,1.2629716167487706,2010-01-01
Sri Lanka,104,2011,0.63614847598867,1.4640522201904524,33.62557805772604,64804396873.69889,59.2541007995605,0.1069695922,18.211,0.335075516752447,612640014.648438,1.3379216958867,0.7559380848470397,28490.0,27.3,1543.1,62710.0,65610.0,20398496,1.3966715977491675,2011-01-01
Sri Lanka,104,2012,0.64051778264883,1.3752096359843673,33.7059480146707,70730481764.6747,60.6962013244629,0.1069695922,18.196,0.341115454648764,490890014.6484381,1.31716660368423,0.8239902080783355,29860.0,27.49,1710.38,62710.0,65610.0,20425000,1.4619339045287638,2012-01-01
Sri Lanka,104,2013,0.635252022329161,1.254815448706083,33.786317971615375,73132299827.34282,59.8763999938965,0.1069695922,18.198,0.356867527559633,403170013.427734,1.24845321452835,0.7034248239008987,27740.0,27.27,1481.64,62710.0,65610.0,20585000,1.3475831916444012,2013-01-01
Sri Lanka,104,2014,0.626100286532841,1.1260949577284745,33.86668792856003,76760174257.59966,57.3109016418457,0.1069695922,18.218,0.374566301118942,491630004.882813,1.39342907358632,0.8470497641736452,30600.0,27.42,1859.36,62710.0,65610.0,20778000,1.4727115218019058,2014-01-01
Sri Lanka,104,2015,0.611121289426513,0.8432025257762217,34.39516585074241,80604080688.57747,52.8858985900879,0.0958627,18.256,0.388577338678102,445010009.765625,1.50658312336456,0.9709108249880782,33900.0,27.37,2338.36,61893.0,65610.0,20970000,1.6165951359084407,2015-01-01
Sri Lanka,104,2016,0.606437476594577,1.088638432150886,34.344109996283905,84220491206.12079,50.9151000976563,0.0958627,18.311,0.389189507602473,373480010.986328,1.39623281881125,1.034287600811206,35290.0,27.74,1396.8,61893.0,65610.0,21203000,1.6643871150308918,2016-01-01
Sri Lanka,104,2017,0.607283441203919,1.5701160171146054,34.29305414182541,87234043286.14784,49.3264007568359,0.0958627,18.384,0.389477636905933,316170013.427734,1.45025332471279,1.0870173475097928,35920.0,27.48,1662.26,61893.0,65610.0,21444000,1.6750606230180936,2017-01-01
Sri Lanka,104,2018,0.606093923524951,1.8349115336129072,34.25804991594465,90088341599.9213,51.404899597168,0.0958627,18.476,0.38970679230312,-247369995.117188,1.51318595497033,0.9981541301338256,35240.0,27.35,1780.56,61864.0,65610.0,21670000,1.626211352099677,2018-01-01
Sri Lanka,104,2019,0.606093923524951,0.8851742462242631,34.20697012802275,92119992734.643,50.59908850303177,0.0958627,18.585,0.398089718431254,197350006.103516,1.532651432771604,1.0276813563402167,35562.17391304348,27.72,1896.72,61864.0,65610.0,21803000,1.6310679224438598,2019-01-01
Sri Lanka,104,2020,0.606600921157387,0.5377878782749079,34.15589034010087,88832160056.32603,49.99852882754323,0.0903770516666666,18.713,0.3999581389089221,185928339.64029983,1.5500197555435091,1.0525737211140456,35912.26843100189,27.68,1606.67,61864.0,65610.0,21919000,1.6384081587208306,2020-01-01
St. Kitts and Nevis,111,1995,0.453106444038941,6.529932302312128,42.30769230769231,521925353.4017426,36.7317558009474,0.0872513009,33.715,0.442638750774093,3900000.09536743,3.253629499177885,3.564892934382204,240.0,25.08,1958.7,260.0,260.0,42077,5.703828695011526,1995-01-01
St. Kitts and Nevis,111,1996,0.453106444038941,10.532911883768657,42.30769230769231,552420606.416903,30.9574303069028,0.0872513009,33.526,0.44401561036701,6829999.92370605,3.253629499177885,3.5317385571670745,240.0,24.85,2257.4,260.0,260.0,42472,5.650781691467319,1996-01-01
St. Kitts and Nevis,111,1997,0.453106444038941,5.2504542215888925,42.30769230769231,590117605.0629758,34.2335672582025,0.0872513009,33.339,0.441601526922342,7230000.01907349,3.253629499177885,3.73334577781926,250.0,25.03,1995.4,260.0,260.0,42857,5.833352777842593,1997-01-01
St. Kitts and Nevis,111,1998,0.453106444038941,8.33015400092864,42.30769230769231,587245232.5281032,32.1956455760291,0.0872513009,33.151,0.43947213957384,6690000.05722046,3.253629499177885,4.164256795835744,270.0,25.44,2649.1,260.0,260.0,43225,6.246385193753615,1998-01-01
St. Kitts and Nevis,111,1999,0.453106444038941,14.200117624531543,42.30769230769231,606153862.033029,27.4581354059737,0.0872513009,32.965,0.442996569422186,4760000.228881841,3.253629499177885,4.126358259593784,270.0,24.92,2298.1,260.0,260.0,43622,6.189537389390674,1999-01-01
St. Kitts and Nevis,111,2000,0.453106444038941,22.816167885778587,42.30769230769231,667028733.0981779,26.6383991241455,0.0872513009,32.778,0.44684350433631,3990000.00953674,3.253629499177885,4.31005149377311,280.0,24.78,1667.0,260.0,260.0,44083,6.351654832928793,2000-01-01
St. Kitts and Nevis,111,2001,0.453106444038941,19.23731121170478,42.30769230769231,702070752.9439015,26.2766990661621,0.0872513009,32.598,0.448506831767616,10130000.1144409,3.253629499177885,4.70830904443747,300.0,25.06,2217.6,260.0,260.0,44602,6.726155777767813,2001-01-01
St. Kitts and Nevis,111,2002,0.453106444038941,16.581883342452663,42.30769230769231,711673080.4517845,24.5942993164063,0.0872513009,32.455,0.45604014516193,28100000.3814697,3.253629499177885,5.092100602196244,320.0,25.23,2197.3,260.0,260.0,45168,7.084661707403472,2002-01-01
St. Kitts and Nevis,111,2003,0.453106444038941,16.09214972305071,42.30769230769231,683680168.0829462,26.6172008514404,0.0872513009,32.312,0.465957098467288,90000.0035762787,3.253629499177885,5.027432293602046,320.0,25.15,2267.1,260.0,260.0,45749,6.994688408489803,2003-01-01
St. Kitts and Nevis,111,2004,0.453106444038941,11.002460855015606,42.30769230769231,711002397.6537868,22.2205009460449,0.0872513009,32.17,0.471617005691433,-79999.9982118607,3.253629499177885,5.181011592513439,330.0,24.88,2649.6,260.0,260.0,46323,7.123890939705977,2004-01-01
St. Kitts and Nevis,111,2005,0.453106444038941,16.994491860976684,42.30769230769231,780202986.2113199,25.5834007263184,0.0872513009,32.028,0.531793572484194,2609999.89509583,3.253629499177885,4.695637326047981,320.0,25.25,2836.9,260.0,260.0,46852,6.830017928797063,2005-01-01
St. Kitts and Nevis,111,2006,0.453106444038941,17.134346144340743,42.30769230769231,804777729.0096738,0.013399999588728,0.0872513009,31.886,0.489649686227446,5230000.01907349,3.253629499177885,4.859189149219361,330.0,25.04,2824.3,260.0,260.0,47333,6.971880083662561,2006-01-01
St. Kitts and Nevis,111,2007,0.453106444038941,19.51071066644455,42.30769230769231,809611270.5538634,0.0129000004380941,0.0872513009,31.744,0.480898614547154,3440000.05722046,3.253629499177885,5.233519646632753,350.0,25.03,2132.0,260.0,260.0,47769,7.3269275052858545,2007-01-01
St. Kitts and Nevis,111,2008,0.453106444038941,23.68186005235839,42.30769230769231,859172416.6265836,0.0129000004380941,0.0872513009,31.603,0.486786883872643,46819999.6948242,3.253629499177885,5.189090456224832,350.0,24.72,2780.0,260.0,260.0,48178,7.264726638714766,2008-01-01
St. Kitts and Nevis,111,2009,0.453106444038941,17.48326173838539,42.30769230769231,824394044.5014521,0.0126000000163913,0.0872513009,31.463,0.506829830525103,3210000.03814697,3.253629499177885,14.403588551204756,810.0,25.16,1878.5,260.0,260.0,48599,16.66700960925122,2009-01-01
St. Kitts and Nevis,111,2010,0.453106444038941,15.295055494382352,42.30769230769231,819370861.6143802,0.992399990558624,0.0872513009,31.322,0.529989841159896,11479999.5422363,3.253629499177885,4.896859888596437,350.0,25.43,2575.0,260.0,260.0,49011,7.141254004203138,2010-01-01
St. Kitts and Nevis,111,2011,0.453106444038941,13.406477003555333,42.30769230769231,834352527.7020648,0.927699983119965,0.0872513009,31.182,0.536316050722302,15760000.2288818,3.253629499177885,5.258686946320942,370.0,24.98,2334.0,260.0,260.0,49442,7.483516038995186,2011-01-01
St. Kitts and Nevis,111,2012,0.453106444038941,11.546415747390238,42.30769230769231,815763050.7010137,1.32790005207062,0.0872513009,31.062,0.541729479754763,21739999.7711182,3.253629499177885,7.016699745394038,450.0,25.18,1852.8,260.0,260.0,49881,9.021471101220904,2012-01-01
St. Kitts and Nevis,111,2013,0.453106444038941,13.192888708553443,42.30769230769231,859681210.47334,1.51209998130798,0.0872513009,30.964,0.552630041344799,30049999.237060502,3.253629499177885,4.570020664441265,330.0,25.22,2202.8,260.0,260.0,50328,6.5569861707200765,2013-01-01
St. Kitts and Nevis,111,2014,0.453106444038941,17.091893020886932,42.30769230769231,913710491.6003064,1.69729995727539,0.0872513009,30.885,0.543442385072877,30049999.237060502,3.253629499177885,4.5296990704269735,340.0,25.29,2237.7,260.0,260.0,50776,6.696076886718134,2014-01-01
St. Kitts and Nevis,111,2015,0.453106444038941,13.895448500356268,42.30769230769231,923155555.5555556,1.7014000415802,0.0872513009,30.827,0.562802423532727,30049999.237060502,3.253629499177885,4.687133817670494,350.0,25.46,1286.1,260.0,260.0,51204,6.835403484102804,2015-01-01
St. Kitts and Nevis,111,2016,0.453106444038941,12.034550766821036,42.30769230769231,1046810961.9118878,1.72920000553131,0.0872513009,30.79,0.553859069567046,30049999.237060502,3.253629499177885,4.842239826454125,350.0,25.42,2196.8,260.0,260.0,51629,6.779135757035775,2016-01-01
St. Kitts and Nevis,111,2017,0.453106444038941,4.52760173152863,42.30769230769231,1056232251.3182976,1.64359998703003,0.0872513009,30.773,0.57789447119168,30049999.237060502,3.253629499177885,4.612191559689446,350.0,25.28,2399.8,260.0,260.0,52036,6.726112691213775,2017-01-01
St. Kitts and Nevis,111,2018,0.453106444038941,3.7135910535270606,42.30769230769231,1084750516.4609053,1.65279996395111,0.0872513009,30.776,0.574175558432258,30049999.237060502,3.253629499177885,4.958236393455128,370.0,24.96,2041.2,260.0,260.0,52438,7.055951790686144,2018-01-01
St. Kitts and Nevis,111,2019,0.453106444038941,4.109027789856915,42.30769230769231,1136818536.0705824,0.1276279710382279,0.0872513009,30.799,0.568901937130374,30049999.237060502,3.253629499177885,5.018816543849604,375.6521739130435,25.38,2107.1,260.0,260.0,52834,7.110046067173478,2019-01-01
St. Kitts and Nevis,111,2020,0.453106444038941,1.4124646290785474,42.30769230769231,973116706.0997988,0.1276279710382279,0.0872513009,30.843,0.5741629032285523,30049999.237060502,3.253629499177885,5.083472108487975,381.5500945179584,25.38,2053.7,260.0,260.0,53192,7.17307291543763,2020-01-01
St. Lucia,105,1995,0.453106444038941,4.292718446601949,34.65573770491803,1310044754.9192314,3.09786621446124,9.63532e-05,28.765,0.451660221835931,48220001.220703095,3.06948490481127,2.110695780651048,1030.0,26.26,2503.26,610.0,620.0,146871,7.012956948614771,1995-01-01
St. Lucia,105,1996,0.453106444038941,2.3342723004694816,34.613114754098355,1348331965.163342,2.85827895226215,0.00010998896,28.565,0.451967818702499,38580001.8310547,3.13693306841687,2.1500030234417515,960.0,26.05,2659.35,610.0,620.0,148837,6.450009070325256,1996-01-01
St. Lucia,105,1997,0.453106444038941,5.934283088235292,34.570491803278685,1338972786.5781226,3.00078398731882,0.00012362472,28.366,0.443652261889378,25459999.084472697,3.07475153335623,2.120328650940896,880.0,26.2,1946.32,610.0,620.0,150920,5.830903790087463,1997-01-01
St. Lucia,105,1998,0.453106444038941,9.50485436893204,34.527868852459015,1423146925.384628,2.64850746365937,0.00013726048,28.168,0.435347291130542,6210000.03814697,3.19248700257926,2.352587519523209,800.0,26.73,2843.08,610.0,620.0,153023,5.227972265607131,1998-01-01
St. Lucia,105,1999,0.453106444038941,9.020088388911214,34.485245901639345,1461153537.1445408,2.52715562451224,0.00015089624,27.971,0.447480090222262,25739999.7711182,3.18892310042302,2.3872815959945286,720.0,26.27,2177.24,610.0,620.0,154988,4.645520943556921,1999-01-01
St. Lucia,105,2000,0.453106444038941,5.763304209690225,34.44262295081968,1461865828.3586066,24.0529003143311,0.000164532,27.774,0.460150230314627,11090000.1525879,3.04194692629747,2.296841205331224,620.0,25.98,2322.61,610.0,620.0,156737,3.955670964737108,2000-01-01
St. Lucia,105,2001,0.453106444038941,6.58838174273859,34.403278688524594,1412044505.8910732,22.2289009094238,0.0001852338,27.473,0.450783420681164,16329999.9237061,2.71577962272905,2.655135791230466,680.0,26.31,2111.5,610.0,620.0,158184,4.298791281039802,2001-01-01
St. Lucia,105,2002,0.453106444038941,5.770601646090533,34.363934426229505,1417924972.1978462,21.7259998321533,0.0002059356,26.329,0.442825849427017,33290000.915527303,2.6615324283372,2.3840594258181085,640.0,26.45,1945.38,610.0,620.0,159392,4.015257980325236,2002-01-01
St. Lucia,105,2003,0.453106444038941,10.778319579894982,34.324590163934424,1478393963.4446566,20.0219993591309,0.0002266374,25.216,0.459861933459433,15560000.4196167,2.92885023463947,2.678627047903819,690.0,26.44,2463.46,610.0,620.0,160530,4.298262007101476,2003-01-01
St. Lucia,105,2004,0.453106444038941,7.173776736111112,34.28524590163934,1585834897.4767962,18.4330005645752,0.0002266374,24.133,0.45989081333623,-21670000.0762939,2.91345780091878,2.59546041613882,680.0,26.19,3306.27,610.0,620.0,161821,4.202174007081899,2004-01-01
St. Lucia,105,2005,0.453106444038941,6.889440965427264,34.24590163934426,1579328141.941289,18.4351997375488,0.0002266374,23.085,0.51224986966586,10680000.3051758,3.28365680341793,2.325467541368844,650.0,26.58,2975.32,610.0,620.0,163408,3.977773426025653,2005-01-01
St. Lucia,105,2006,0.453106444038941,18.44446855853376,34.20655737704918,1677171583.8102045,16.9423999786377,0.0002266374,22.068,0.456762490123278,18639999.3896484,3.11236838394789,2.479168934199228,680.0,26.38,2175.23,610.0,620.0,165378,4.111792378671891,2006-01-01
St. Lucia,105,2007,0.453106444038941,20.349775483432868,34.1672131147541,1705542929.8454754,16.2600002288818,0.0002266374,21.084,0.449900085261071,19440000.5340576,2.71434167816268,1.9088067571759204,600.0,26.26,2248.1,610.0,620.0,167644,3.5790126697048508,2007-01-01
St. Lucia,105,2008,0.453106444038941,11.212855105549515,34.12786885245902,1789955740.2732215,15.5290002822876,0.0002266374,20.131,0.457504478235396,16690000.5340576,2.55339032234692,1.882231149749134,610.0,26.05,2559.31,610.0,620.0,170011,3.5880031292092864,2008-01-01
St. Lucia,105,2009,0.453106444038941,10.445720089893646,34.088524590163935,1739319690.42175,15.0785999298096,0.0002266374,19.213,0.462819622046999,38990001.6784668,2.5999464815325,6.096746659853794,1340.0,26.47,2063.9,610.0,620.0,172223,7.780610023051508,2009-01-01
St. Lucia,105,2010,0.453106444038941,8.158487768078656,34.04918032786885,1767215984.6912518,13.2177000045776,0.0002473392,18.45,0.465306816503215,41150001.5258789,2.66265718714621,2.2976357328309174,700.0,26.72,3105.93,610.0,620.0,174092,4.020862532454105,2010-01-01
St. Lucia,105,2011,0.453106444038941,6.113959197473612,34.04918032786885,1864119706.282477,12.9309997558594,0.0002473392,18.45,0.465411216388811,35290000.9155273,2.51508477149314,2.1647734393692533,680.0,26.41,3191.14,610.0,620.0,175538,3.8738051020291904,2011-01-01
St. Lucia,105,2012,0.453106444038941,4.71977552854691,34.04918032786885,1860394230.6056523,12.3928003311157,0.0002473392,18.45,0.454031766180271,26799999.237060502,2.39806355273123,2.943607277502915,830.0,26.4,2636.73,610.0,620.0,176654,4.69845007755273,2012-01-01
St. Lucia,105,2013,0.453106444038941,5.016470592737022,34.04918032786885,1801338292.794768,12.0995998382568,0.0002473392,18.461,0.460376863949228,25360000.6103516,2.21443896562529,1.802766119264246,640.0,26.48,2220.05,610.0,620.0,177505,3.605532238528492,2013-01-01
St. Lucia,105,2014,0.453106444038941,3.726642124358525,34.04918032786885,1833017815.115091,11.7197999954224,0.0002473392,18.482,0.456149361865576,19370000.8392334,2.26760950798785,2.0189897199773426,690.0,26.46,2167.11,610.0,620.0,178307,3.86973029662324,2014-01-01
St. Lucia,105,2015,0.453106444038941,8.41999167421106,34.04918032786885,1808079888.8888888,11.5195999145508,0.000268041,18.515,0.462429289218976,13760000.2288818,2.25873787512101,2.121352529712892,710.0,26.67,1715.97,610.0,620.0,179131,3.963579726568824,2015-01-01
St. Lucia,105,2016,0.453106444038941,8.66319490037478,34.04918032786885,1874008180.1837485,11.1675996780396,0.000268041,18.558,0.466247375391862,15229999.5422363,2.33199623363819,1.944142022352079,690.0,26.64,2638.98,610.0,620.0,180028,3.832737129779812,2016-01-01
St. Lucia,105,2017,0.453106444038941,4.504343866760917,34.04918032786885,1939631311.228408,10.2181997299194,0.000268041,18.612,0.458727099228374,15380000.1144409,2.50114325546468,2.0447072476582573,710.0,26.48,2624.34,610.0,620.0,180955,3.923627421182062,2017-01-01
St. Lucia,105,2018,0.453106444038941,2.204329086277509,34.04918032786885,1996393087.003439,10.2192001342773,0.000268041,18.678,0.451520258130361,8560000.4196167,2.26378623559396,2.1441530595414813,740.0,26.13,2308.33,610.0,620.0,181890,4.068392984771015,2018-01-01
St. Lucia,105,2019,0.453106444038941,3.438477368444332,34.04918032786885,1995116519.649146,10.528823348182346,0.000268041,18.754,0.447030045875587,32110000.6103516,2.228755858671468,2.1456077238410654,727.3913043478261,26.43,1747.0,610.0,620.0,182795,3.979273526889828,2019-01-01
St. Lucia,105,2020,0.453106444038941,2.17151799715339,34.04918032786885,1588638626.6463876,10.862325278439746,0.0002751946583333,18.841,0.4468371218772393,31438750.584920287,2.189269893030364,2.1454166238584267,717.2778827977316,26.53,2219.85,610.0,620.0,183629,3.906125300457616,2020-01-01
Suriname,106,1995,0.508302836078629,-2.978641272167572,98.45673076923076,2656779611.9062257,26.05069615613033,0.11461617,66.076,0.397673903891085,76730003.3569336,1.5394504417316124,4.662205132499417,3360.0,26.12,1974.69,156000.0,163820.0,441851,7.60437341999905,1995-01-01
Suriname,106,1996,0.516276175301675,2.217291113002496,98.43316666666666,2683347440.512776,25.3560437105575,0.1151055324,66.15,0.397787880534029,108470001.220703,1.6516897733556544,4.640712884894703,3390.0,25.97,2666.73,156000.0,163820.0,448207,7.563469557592809,1996-01-01
Suriname,106,1997,0.507756576139396,-0.9930674071495458,98.40960256410256,2836298182.456757,24.63171507268945,0.1155948948,66.223,0.401195868138977,75379997.253418,1.7573401479475852,4.623870179340107,3370.0,26.21,2077.71,156000.0,163820.0,454165,7.420210716369601,1997-01-01
Suriname,106,1998,0.499829022107019,0.8191925012377909,98.38603846153846,2901533087.482074,24.17359847786991,0.1160842572,66.297,0.404565455879579,57950000.76293951,1.830718780277027,4.5668257081841865,3370.0,26.6,2011.33,156000.0,163820.0,459838,7.32866792218129,1998-01-01
Suriname,106,1999,0.494197291175132,-6.939032550084622,98.36247435897435,2860911610.618433,23.8748775058323,0.1165736196,66.371,0.403428138505152,33819999.6948242,1.9064728945879288,4.555417078516482,3410.0,25.95,2291.94,156000.0,163820.0,465380,7.327345395160944,1999-01-01
Suriname,106,2000,0.493811163838042,-10.256713621178534,98.33891025641026,2920990722.0417366,23.6296997070313,0.117062982,66.444,0.402753360354178,34830001.8310547,1.96742521865789,3.142624176122851,2710.0,25.92,2662.18,156000.0,163820.0,470944,5.754399673846572,2000-01-01
Suriname,106,2001,0.469215877177543,-3.212353242291732,98.3126217948718,3043672344.6600523,24.1420993804932,0.1002990302,66.517,0.402893070892824,23750000.0,2.09574312850272,3.189431232085678,2800.0,26.07,1927.54,156000.0,163820.0,476574,5.8752680591051964,2001-01-01
Suriname,106,2002,0.44957565278427,-6.7302229567298335,98.28633333333332,3128895191.266427,27.7915992736816,0.0835350784,66.591,0.402463623621959,12329999.9237061,1.73389825082267,2.322552817339516,2260.0,25.87,2254.92,156000.0,163820.0,482228,4.686579792131523,2002-01-01
Suriname,106,2003,0.430551449362258,-5.972420227812765,98.26004487179488,3326015570.5798,24.6352005004883,0.0667711266,66.664,0.408193826970208,11140000.3433228,2.29231494921084,2.5208120703859915,2460.0,26.31,1907.76,156000.0,163820.0,487938,5.041624140771983,2003-01-01
Suriname,106,2004,0.415028519525726,-2.513320358047265,98.23375641025642,3608726900.225364,22.6256999969482,0.0667711266,66.737,0.402190528373485,24799999.237060502,2.27147548894144,2.8155890455355697,2660.0,26.12,2203.45,156000.0,163820.0,493680,5.388105655485335,2004-01-01
Suriname,106,2005,0.427469433543857,1.5612900591957544,98.20746794871796,3771119618.345187,18.8787994384766,0.0667711266,66.682,0.424823533321611,42880001.0681152,2.60444911797349,3.383647572082705,2860.0,26.41,2562.98,156000.0,163820.0,499461,5.726172814293808,2005-01-01
Suriname,106,2006,0.422701371857756,-6.22149014709964,98.18117948717948,3989601077.062663,22.0863990783691,0.0667711266,66.615,0.315198119995326,63029998.779296905,2.39660218398975,3.027952154397853,2810.0,26.11,2314.98,156000.0,163820.0,505292,5.561140884874488,2006-01-01
Suriname,106,2007,0.423773743751988,-8.40083736509118,98.15489102564104,4193529048.497088,24.5876998901367,0.0667711266,66.547,0.316436638431525,150309997.55859402,2.36729933731268,2.758318482103208,2700.0,26.04,2648.16,156000.0,163820.0,511181,5.281886455091249,2007-01-01
Suriname,106,2008,0.414503343387112,-6.549731903485255,98.12860256410256,4367284016.741301,26.1924991607666,0.0667711266,66.479,0.321782689419637,100019996.643066,2.43348140084948,2.823318288527658,2890.0,25.89,2488.93,156000.0,163820.0,517122,5.588623187565023,2008-01-01
Suriname,106,2009,0.422993464845114,-2.410067681895093,98.1023141025641,4498900810.723798,26.4694004058838,0.0667711266,66.412,0.318732128160804,154520004.272461,3.58524753010009,2.771867646187344,3030.0,26.15,2039.59,156000.0,163820.0,523113,5.792247564101829,2009-01-01
Suriname,106,2010,0.423670127968624,-5.853404319186192,98.07602564102564,4731441127.403635,22.1026992797852,0.0500071748,66.344,0.308788196961839,100809997.558594,3.63331299684698,3.288441694416831,3360.0,26.44,2276.69,156000.0,163820.0,529126,6.350094306460087,2010-01-01
Suriname,106,2011,0.422712230898795,3.285383833390534,98.0142435897436,5008200515.116925,21.1646995544434,0.0500071748,66.276,0.31272602144094,76330001.8310547,4.12446805537602,3.643654342395133,3620.0,26.03,2375.3,156000.0,163820.0,535177,6.764117292036093,2011-01-01
Suriname,106,2012,0.435542002163272,3.4024535155179314,97.95246153846152,5142938624.989024,15.7665004730225,0.0500071748,66.208,0.313448048007394,40349998.4741211,4.44103329210338,4.508108128082004,4090.0,25.93,2267.07,156000.0,163820.0,541247,7.556623870432539,2012-01-01
Suriname,106,2013,0.444864510837538,3.6294953234867817,97.89067948717948,5293803728.74411,17.6254997253418,0.0500071748,66.14,0.318717841399029,30819999.6948242,3.98340425508602,4.1842150942361975,3940.0,25.93,2592.74,156000.0,163820.0,547295,7.199042563882367,2013-01-01
Suriname,106,2014,0.437727601955636,-1.1386686462231883,97.82889743589745,5307329557.760412,12.8522996902466,0.0500071748,66.089,0.32137212498549,13390000.3433228,3.67199774258841,4.771561493498748,4380.0,26.12,2097.12,156000.0,163820.0,553278,7.916454296032013,2014-01-01
Suriname,106,2015,0.42512150011082,3.582821118536987,97.7671153846154,5126291450.815114,11.5937995910645,0.033243223,66.056,0.329021493780726,15979999.5422363,3.65904689060234,4.918302523894008,4480.0,26.45,2393.11,156000.0,163820.0,559136,8.012361929834602,2015-01-01
Suriname,106,2016,0.426921311861613,6.983304045100164,97.694358974359,4874293909.327714,15.9274997711182,0.033243223,66.04,0.328252259318627,16530000.6866455,3.15153416220698,4.089342394796799,4060.0,26.41,2198.61,156000.0,163820.0,564883,7.187329057521646,2016-01-01
Suriname,106,2017,0.425705934009972,2.674989518601804,97.6475641025641,4950683407.966751,18.4979000091553,0.033243223,66.041,0.33969418465471,20129999.1607666,3.27004695218416,3.733560502085009,3900.0,26.26,2314.67,156000.0,163820.0,570501,6.836096693958468,2017-01-01
Suriname,106,2018,0.422983416249767,3.277093148383515,97.56910256410256,5195656627.740217,19.2164993286133,0.033243223,66.06,0.334584083211586,14180000.3051758,3.06456705191719,3.6111926137221846,3780.0,26.04,2345.47,156000.0,163820.0,575987,6.562648115322047,2018-01-01
Suriname,106,2019,0.422983416249767,2.112202454444327,97.49057692307692,5252729241.665936,18.9713215298123,0.033243223,66.095,0.32887913933732,23379999.1607666,3.125519375987151,3.565496417253609,3798.2608695652175,26.35,1935.68,156000.0,163820.0,581363,6.533372212482076,2019-01-01
Suriname,106,2020,0.4194284404235644,0.0360544477456932,97.4121153846154,4417127637.779144,18.68405609366336,0.0298526835416666,66.149,0.3260126908142464,21157082.319259644,3.182729167514064,3.5187478751822576,3816.0113421550095,26.4,2092.7,156000.0,163820.0,586634,6.504926993926382,2020-01-01
Sweden,115,1995,0.206873747060776,5.588869138361698,68.51147828629917,305836832131.4896,33.9141814843503,0.032186681,83.824,0.619573914896699,57750000.0,6.69053928107802,6.596850844896515,72910.0,2.4,642.38,410340.0,450300.0,8826939,8.259941526728575,1995-01-01
Sweden,115,1996,0.207216910979077,1.88243367340226,68.53584832090462,310667391570.0248,31.3560973387591,0.0330576102,83.914,0.623012172151471,33049999.2370605,6.06215199745175,7.199413459883149,78460.0,1.72,580.34,410340.0,450300.0,8840998,8.874563708757767,1996-01-01
Sweden,115,1997,0.208622272637574,3.830398636265843,68.56021835551006,320206516443.8492,35.6206109976516,0.0339285394,83.942,0.628491950208478,28440000.5340576,6.15324186549908,6.486502129422109,72200.0,3.01,598.23,410340.0,450300.0,8846062,8.161823871458283,1997-01-01
Sweden,115,1998,0.208306463168076,8.61672277532109,68.58458839011551,334013297425.3911,35.6579034240524,0.0347994686,83.97,0.63234408087281,34959999.0844727,6.18973678310179,6.593624611257472,72970.0,2.18,784.32,410340.0,450300.0,8850974,8.244290402389613,1998-01-01
Sweden,115,1999,0.208301224023741,22.95396429270394,68.60895842472097,348199457231.41,34.7922504929848,0.0356703978,83.998,0.643950545863761,29149999.6185303,5.87056982380268,6.465434030784362,71650.0,2.86,696.0,410340.0,450300.0,8857874,8.088848407642736,1999-01-01
Sweden,115,2000,0.208091736513394,8.68141509900555,68.63332845932642,364795858131.68384,40.0091018676758,0.036541327,84.026,0.649488478596624,13130000.1144409,6.34859105782594,6.005336498909109,67380.0,3.75,831.05,410340.0,450300.0,8872109,7.594586585895191,2000-01-01
Sweden,115,2001,0.207753933782395,7.515726815872934,68.61139542818151,370083569053.71375,37.6623992919922,0.0341083296,84.071,0.656793862014132,29149999.6185303,6.17877708612318,5.901555312748708,66330.0,2.45,725.14,410340.0,450300.0,8895960,7.4561935979927965,2001-01-01
Sweden,115,2002,0.206867016069835,6.888405483435105,68.5894623970366,378214012929.9022,36.1497993469238,0.0316753322,84.133,0.667469550662674,22159999.8474121,6.73187048277524,6.052689547670701,67660.0,3.03,600.52,410340.0,450300.0,8924958,7.580988056190292,2002-01-01
Sweden,115,2003,0.206589960451463,1.7968934340748626,68.5675293658917,386950040254.6621,34.9118003845215,0.0292423348,84.196,0.672194534588869,34189998.626709,6.80060456830894,6.161932230131647,68610.0,2.96,589.11,410340.0,450300.0,8958229,7.658879896908195,2003-01-01
Sweden,115,2004,0.209996971765527,4.376489265495245,68.54559633474679,403731506887.75104,35.8258018493652,0.0292423348,84.258,0.675477527386719,21920000.0762939,6.20241621837517,5.958727445315972,67120.0,3.0,662.57,410340.0,450300.0,8993531,7.463142118484942,2004-01-01
Sweden,115,2005,0.208206717093924,5.298757809776573,68.5236633036019,415273396287.1657,40.2178001403809,0.0292423348,84.319,0.682298102575301,46709999.0844727,8.33855860769146,5.560617934050474,63460.0,3.31,645.64,410340.0,450300.0,9029572,7.028018603761065,2005-01-01
Sweden,115,2006,0.208227978622099,5.212242598911219,68.50173027245698,434636654376.7029,40.9733009338379,0.0292423348,84.43,0.724648520739152,34779998.779296905,5.42267238980079,5.385163049852404,61900.0,3.56,661.75,410340.0,450300.0,9080505,6.816801488463472,2006-01-01
Sweden,115,2007,0.208721086221721,9.393030906262087,68.47979724131208,449584772840.5071,42.6538009643555,0.0292423348,84.588,0.727936022318551,50669998.1689453,6.85950632985956,5.152987092827662,59780.0,3.38,694.26,410340.0,450300.0,9148092,6.534695978134019,2007-01-01
Sweden,115,2008,0.216419533512614,8.003875182838897,68.45786421016717,447559127029.5656,44.1585006713867,0.0292423348,84.746,0.728270160744024,70010002.1362305,6.16704100441731,5.005620069423558,58580.0,3.59,703.77,410340.0,450300.0,9219637,6.353829331892351,2008-01-01
Sweden,115,2009,0.216269290794479,2.0527174850007506,68.43593117902228,428135998219.2907,46.7433013916016,0.0292423348,84.902,0.727214149955058,55770000.4577637,5.3068160655899,4.611489038841148,54620.0,2.89,668.51,410340.0,450300.0,9298515,5.874056233710436,2009-01-01
Sweden,115,2010,0.217034672338601,0.1260763026914357,68.41399814787738,453619110971.1713,45.7603988647461,0.0268093374,85.056,0.746167757473546,91139999.3896484,6.64815422626168,5.132155400769834,60070.0,1.03,651.03,410340.0,450300.0,9378126,6.405330873140327,2010-01-01
Sweden,115,2011,0.211750740649413,1.215715959758501,68.36866988351123,468113753183.843,46.1944007873535,0.0268093374,85.297,0.750472942635531,124089996.337891,6.56157146014077,4.718911511466617,56110.0,3.75,696.45,410340.0,450300.0,9449213,5.938060661771515,2011-01-01
Sweden,115,2012,0.211073254005887,0.7735126541073629,68.8265331172976,465359818585.78845,49.3317985534668,0.0268093374,85.62,0.75074961152881,89620002.746582,6.19325209492617,4.427812164959587,53230.0,2.32,744.52,407340.0,447420.0,9519374,5.591754247705784,2012-01-01
Sweden,115,2013,0.212940591118027,0.2243939649857664,68.78087101684098,470887249502.53467,48.1199989318848,0.0268093374,85.936,0.750430400941485,117790000.915527,6.06383168304911,4.223791581561519,51530.0,3.13,598.48,407340.0,447420.0,9600379,5.367496429047228,2013-01-01
Sweden,115,2014,0.212656041852936,-1.4819289042134778,68.74027153764945,483402482698.498,49.543098449707,0.0268093374,86.247,0.75452809216487,86370002.746582,6.18286054606462,4.032545010318571,50120.0,4.01,636.01,407310.0,447420.0,9696110,5.169083271538792,2014-01-01
Sweden,115,2015,0.211020264568443,2.0301429080593114,68.69460607399769,505103781349.7569,52.8914985656738,0.02437634,86.553,0.758130211965948,92629997.253418,5.99447285335426,4.00033227249692,50050.0,3.73,703.22,407310.0,447430.0,9799186,5.107567097920175,2015-01-01
Sweden,115,2016,0.209282662827068,3.033481253155638,68.69460607399769,515562425649.40735,51.8549995422363,0.02437634,86.852,0.743516761027704,147639999.38964802,6.11808967790757,3.909066585643477,49520.0,3.28,636.38,407310.0,447430.0,9923085,4.990383534959138,2016-01-01
Sweden,115,2017,0.210359878647083,5.250404753526146,68.69460607399769,528801679620.7083,52.8577003479004,0.02437634,87.146,0.740207843229386,147610000.61035198,6.15912429837004,3.811011227420032,49070.0,2.97,689.56,407310.0,447430.0,10057698,4.878850011205348,2017-01-01
Sweden,115,2018,0.210783925907013,-0.1714545336030034,68.69460607399769,539113433181.7565,52.4827995300293,0.02437634,87.431,0.734412085663229,121300003.051758,6.27625567245119,3.538009126884211,46350.0,3.41,549.86,407310.0,447430.0,10175214,4.555186750863422,2018-01-01
Sweden,115,2019,0.210783925907013,3.181697717920811,68.69460607399769,549821281946.7352,53.29013074940664,0.02437634,87.708,0.729368610207646,73400001.5258789,6.258243341641328,3.405016008709763,45195.21739130434,3.17,693.92,407310.0,447305.2173913043,10278887,4.39689797069511,2019-01-01
Sweden,115,2020,0.2109468500256062,5.254051002389301,68.69460607399769,533611847447.4278,54.24378437595654,0.024050909125,87.977,0.7339433891789354,74052084.92279053,6.266769052258266,3.240042206484833,43748.9224952741,4.32,683.04,407310.0,447175.00945179584,10353442,4.225543784885654,2020-01-01
Switzerland,108,1995,0.256068863836958,1.1775318848306464,29.720964355283463,474506900447.60944,18.0659496503748,0.023413837,73.654,0.609996335315503,105819999.6948242,5.70754169548125,6.169852459000095,52360.0,5.54,1835.11,39529.0,41290.0,7040687,7.436774280691643,1995-01-01
Switzerland,108,1996,0.254150290193362,1.43337199004883,29.829690346083787,476850536940.09735,17.1169787499686,0.0225064782,73.6,0.611217757424554,215509994.5068362,5.56125944220064,6.223265482158134,52950.0,4.76,1615.49,39528.0,41290.0,7071850,7.487432567150038,1996-01-01
Switzerland,108,1997,0.256523916017445,2.843549243374156,29.938421838237154,487671077298.66187,17.8231174989889,0.0215991194,73.546,0.617507954855616,136980003.3569336,5.61802251413847,6.030549706823591,51500.0,6.03,1503.56,39527.0,41290.0,7088906,7.264872746231929,1997-01-01
Switzerland,108,1998,0.25671043940462,3.7335269986339368,30.04715883216111,502619811840.1272,17.5042511831886,0.0206917606,73.492,0.624123386120906,79139999.38964841,5.61766835825624,6.22362781664869,53040.0,5.74,1527.37,39526.0,41290.0,7110001,7.459914562599921,1998-01-01
Switzerland,108,1999,0.256351673763133,4.871132887537342,30.15590132827325,511393213561.7801,18.80686907306,0.0197844018,73.438,0.631494713170848,79520000.4577636,5.45008916812324,6.233210540158855,53160.0,5.74,2045.25,39525.0,41290.0,7143991,7.441218780930715,1999-01-01
Switzerland,108,2000,0.196446040467526,8.247850475893891,30.264649326991197,531728300528.3796,18.1916999816895,0.018877043,73.383,0.638919857576315,126320003.5095215,5.53474006934982,6.084142394822006,52360.0,6.34,1740.06,39524.0,41290.0,7184250,7.288165083342033,2000-01-01
Switzerland,108,2001,0.196442305829222,3.39976006024652,30.36292791539104,540107366876.9772,18.7231998443604,0.0176561844,73.375,0.64189176475343,237689994.812012,5.32401687942107,6.246322539846586,53960.0,5.74,1858.54,39523.0,41290.0,7229854,7.463497879763547,2001-01-01
Switzerland,108,2002,0.196475126336229,2.6623776944068758,30.461211477151963,540077626067.20966,18.1872005462646,0.0164353258,73.401,0.644913400235747,183360004.4250492,5.30976753582619,5.980985216657311,52310.0,6.35,1959.4,39522.0,41290.0,7284753,7.180751358350791,2002-01-01
Switzerland,108,2003,0.196607111033982,5.4318500990062,30.5595000126515,539824619288.1766,18.0296001434326,0.0152144672,73.427,0.641857481067728,120400001.525879,5.35342781977589,6.109823394219458,53500.0,6.18,1249.09,39521.0,41290.0,7339001,7.289820508268087,2003-01-01
Switzerland,108,2004,0.197031506963563,1.751355266584676,30.6577935222672,555055922695.1082,18.1000995635986,0.0152144672,73.452,0.641531351361578,119660003.662109,5.35181705820737,6.127509853341678,53950.0,5.64,1508.35,39520.0,41290.0,7389625,7.300776426408647,2004-01-01
Switzerland,108,2005,0.196536767896481,0.6336803794567664,30.756870286957845,571056178053.2736,18.7294998168945,0.0152144672,73.478,0.653572309979436,123459999.084473,5.61511268979234,6.1650250130595,54650.0,5.42,1387.19,39518.0,41290.0,7437115,7.348279541193056,2005-01-01
Switzerland,108,2006,0.196431707022262,12.113686834429592,30.855176253258094,593984127045.9624,18.0666999816895,0.0152144672,73.504,0.69721290347621,196509994.506836,5.62347819160788,6.07701778235885,54350.0,6.12,1672.3,39517.0,41290.0,7483934,7.262223317308784,2006-01-01
Switzerland,108,2007,0.187186509543536,9.86516905111721,30.95348719506023,617718082948.2081,19.3090000152588,0.0152144672,73.53,0.707177008527265,162910003.66210902,5.84693279676572,5.766034349620063,52410.0,6.2,1720.65,39516.0,41290.0,7551117,6.9406949991637,2007-01-01
Switzerland,108,2008,0.184928934457287,0.5244458483264978,31.05101730944428,634739375364.5608,19.5492000579834,0.0152144672,73.556,0.704339106678319,241059997.558594,5.78982402825676,5.878910910832377,54010.0,5.8,1738.34,39516.0,41290.0,7647675,7.062277097287738,2008-01-01
Switzerland,108,2009,0.184789632048056,8.537904259296901,31.14854742382832,621539124455.3468,19.9731006622314,0.0152144672,73.581,0.701313901148092,168830001.831055,5.40710006255257,5.639327614458529,52530.0,6.03,1568.46,39516.0,41290.0,7743831,6.783464153595294,2009-01-01
Switzerland,108,2010,0.182129685933001,2.928360210779436,31.24607753821237,641851654874.59,20.5641994476318,0.0139936086,73.607,0.712828330065658,131550003.051758,5.45614444365428,5.777702973925959,54100.0,4.94,1582.68,39516.0,41290.0,7824909,6.9138184226806985,2010-01-01
Switzerland,108,2011,0.179781465460555,2.875814966962857,31.33308027128252,654178069212.4482,20.5660991668701,0.0139936086,73.631,0.70978112037565,133265336.60888693,5.38729864905763,5.205754311145622,50020.0,6.66,1402.06,39516.0,41290.0,7912398,6.321724463304298,2011-01-01
Switzerland,108,2012,0.181646075690509,5.7712664146552495,31.420083004352666,662140683175.3464,21.8887004852295,0.0139936086,73.653,0.710932483484856,127782359.4156903,5.071240907038,5.310833838427353,51250.0,6.02,1758.19,39516.0,41290.0,7996861,6.408764639025238,2012-01-01
Switzerland,108,2013,0.180163307267872,-3.4972334558951865,31.50708573742282,674202686730.7058,21.838399887085,0.0139936086,73.674,0.718496352021804,127169183.15294077,5.10257962654837,5.374970980348721,52270.0,5.62,1753.73,39516.0,41290.0,8089346,6.46158539886908,2013-01-01
Switzerland,108,2014,0.180430920211189,2.859911358264623,31.594088470492963,690699382518.561,22.211799621582,0.0139936086,73.696,0.73032057643543,130371128.73716024,4.81431224956611,4.851838196996843,48470.0,6.98,1678.28,39516.0,41290.0,8188649,5.919169328176113,2014-01-01
Switzerland,108,2015,0.180383986255599,16.91269258870267,31.68106715173564,702149580770.9009,23.9573993682861,0.01277275,73.718,0.728078021924569,133761203.95578668,4.68548278369767,4.712404478124446,47710.0,6.94,1341.21,39516.03,41290.39,8282396,5.760410393320966,2015-01-01
Switzerland,108,2016,0.178383109411746,23.979476769277905,31.768120431126302,716509848990.8362,24.1103992462158,0.01277275,73.739,0.713955235924047,134257283.98553768,4.57700494665224,4.730490994153108,48190.0,6.33,1775.22,39516.03,41290.39,8373338,5.755171951735377,2016-01-01
Switzerland,108,2017,0.181969924526965,20.33219794492386,31.85517371051697,727865237631.4921,25.0037994384766,0.01277275,73.761,0.704728141445524,127361769.93043938,4.45278446351115,4.569419203392397,47200.0,6.45,1673.75,39516.03,41290.39,8451840,5.584582765409662,2017-01-01
Switzerland,108,2018,0.183525757231842,-21.80547445125939,31.94222698990764,749096375856.4719,24.2031002044678,0.01277275,73.797,0.700488008649437,123628554.2974654,4.34825013885374,4.401991043569024,46020.0,7.24,1391.03,39516.03,41290.39,8514329,5.40500607857648,2018-01-01
Switzerland,108,2019,0.183525757231842,1.1991397318091828,32.02928026929831,758167874591.9093,24.46993283725445,0.01277275,73.849,0.698840170577716,123843791.14890447,4.289150505956892,4.325127503767673,45744.34782608696,6.88,1674.62,39516.03,41290.406956521736,8575280,5.334443636369537,2019-01-01
Switzerland,108,2020,0.1805031277899621,-34.20896307170008,32.11633354868898,740026236249.6481,24.7896264932234,0.0123293713749999,73.915,0.7025419970469748,124122710.31469086,4.2338414217723805,4.242599765576784,45431.05860113422,7.26,1466.89,39516.03,41290.42465028355,8636561,5.260318152229136,2020-01-01
Thailand,116,1995,0.506331415001177,1.221616054080745,37.54134940985339,213636222058.82,22.6994112967089,0.175244854,30.276,0.388315972848543,836380004.882813,1.98597553375663,2.6024398765088805,233650.0,26.64,1615.72,510890.0,513120.0,59467272,3.929051932969113,1995-01-01
Thailand,116,1996,0.512180200979731,1.276169045168559,37.470296932803535,225710822686.6973,21.163470513652,0.201792238,30.449,0.389268450602576,831440002.441406,2.11916496732481,2.88690256924184,255050.0,26.26,1703.28,510890.0,513120.0,60130190,4.24162970381434,1996-01-01
Thailand,116,1997,0.50100811382324,2.5933806156023267,37.39924445575368,219495705555.24667,21.2488426585645,0.228339622,30.622,0.396032428462006,624869995.117188,1.97733459188134,2.9048465297676183,262300.0,26.8,1348.63,510890.0,513120.0,60846588,4.310841554500969,1997-01-01
Thailand,116,1998,0.496655738887356,6.434808733983333,37.32819197870383,202739325941.90225,21.6509736286753,0.254887006,30.795,0.404769157993047,699840026.855469,1.71346852015516,2.528046433566897,241560.0,27.45,1461.22,510890.0,513120.0,61585103,3.9223771372112495,1998-01-01
Thailand,116,1999,0.492701708531006,4.817812226472007,37.25713950165397,212009191856.5841,21.3124423381258,0.28143439,30.969,0.409340626672622,1015940002.44141,1.74568861935611,2.6084066232725185,253220.0,26.25,1723.79,510890.0,513120.0,62298569,4.064619847046567,1999-01-01
Thailand,116,2000,0.474991494251019,2.6631284880933994,37.18608702460412,221454725108.4051,21.9906997680664,0.307981774,31.386,0.411698842551604,700669982.910156,1.8304764639295,2.5914719794352066,255430.0,26.47,1713.71,510890.0,513120.0,62952639,4.057494714399502,2000-01-01
Thailand,116,2001,0.474867247123064,4.212235095308418,37.396504139834406,229082177284.84912,20.0379009246826,0.2843680724,32.548,0.410494057899602,284350006.10351604,1.8511976395616,2.704315242293772,266640.0,26.66,1544.18,510890.0,513120.0,63539190,4.196465205174948,2001-01-01
Thailand,116,2002,0.465165956376265,2.488154003500755,37.60692125506469,243168522955.0309,20.0692005157471,0.2607543708,33.734,0.408879210357787,297799987.792969,1.98515102667079,2.853325861816087,278010.0,26.75,1597.85,510890.0,513120.0,64069093,4.339221721150321,2002-01-01
Thailand,116,2003,0.471668088633457,3.4359384401035724,37.817338370294976,260650499707.5758,20.3467998504639,0.2371406692,34.941,0.404213096860586,-938590026.855469,2.08034091382503,2.956628864936313,291220.0,26.66,1491.03,510890.0,513120.0,64549867,4.51155073642522,2003-01-01
Thailand,116,2004,0.453914832241159,3.389473688666569,38.02775548552526,277043701431.2542,20.027099609375,0.2371406692,36.169,0.393130283626904,51860000.6103516,2.10568615532659,3.212693692650375,309760.0,26.59,1393.27,510890.0,513120.0,64995303,4.7658828515654434,2004-01-01
Thailand,116,2005,0.471197299608513,4.339583843828314,38.23817260075554,288645289937.0795,20.2548999786377,0.2371406692,37.411,0.401460121046712,-164580001.831055,2.34142716304386,3.3036164794008407,319060.0,26.81,1531.57,510890.0,513120.0,65416189,4.877385932708492,2005-01-01
Thailand,116,2006,0.452075610916939,4.021258511182695,38.44858971598583,302984642091.1496,20.6893005371094,0.2371406692,38.673,0.393134507293196,-214169998.168945,2.22503261400322,3.313806153052291,323430.0,26.7,1662.18,510890.0,513120.0,65812540,4.914412967498292,2006-01-01
Thailand,116,2007,0.451038167559132,3.2835712009035283,38.65900683121611,319452316987.74664,21.6137008666992,0.2371406692,39.95,0.395432382695177,-307230010.986328,2.20234646285779,3.3868692883316545,336130.0,26.58,1618.23,510890.0,513120.0,66182064,5.078868498268655,2007-01-01
Thailand,116,2008,0.452325961678713,2.938248965732803,38.8694239464464,324965101944.03253,22.4936008453369,0.2371406692,41.242,0.401465901377652,-615510009.765625,2.19091481086801,3.431634405505525,341850.0,26.24,1661.97,510890.0,513120.0,66530980,5.138207794323788,2008-01-01
Thailand,116,2009,0.430724180730278,2.275903966545767,39.07984106167668,322720833701.3929,22.6602001190186,0.2371406692,42.543,0.415415289061522,-31030000.6866455,2.09828048205572,3.309563003984905,340520.0,26.64,1592.16,510890.0,513120.0,66866834,5.092509688734478,2009-01-01
Thailand,116,2010,0.427338101657582,4.323208599889896,39.29025817690697,346968110267.4935,22.6597995758057,0.2135269676,43.856,0.421640231649099,-20360000.6103516,2.27086733403634,3.505021025959181,360560.0,27.27,1579.24,510890.0,513120.0,67195032,5.365872881792809,2010-01-01
Thailand,116,2011,0.430435248807391,0.667086922585946,39.28556049247392,349883100679.81464,22.7611999511719,0.2135269676,44.698,0.424290227001298,-134119995.117188,2.29161369012631,3.4749056993800163,362400.0,26.22,1930.47,510890.0,513120.0,67518379,5.367427437794382,2011-01-01
Thailand,116,2012,0.432088277785952,3.2445652782147234,39.28086280804087,375224420609.0289,23.3013000488281,0.2135269676,45.445,0.431397639730967,-131369995.117188,2.57501810967638,3.715875275548876,383440.0,27.11,1494.56,510890.0,513120.0,67835969,5.652458506194553,2012-01-01
Thailand,116,2013,0.443091642377624,3.791268580584682,39.27616512360782,385308560264.9603,22.9559001922607,0.2135269676,46.193,0.441942908040046,28790000.915527303,2.49089060546839,3.85152032550116,395710.0,26.75,1699.59,510890.0,513120.0,68144519,5.806923371195855,2013-01-01
Thailand,116,2014,0.432851516062476,1.2214519391251382,39.27146743917477,389101803069.6292,24.1277008056641,0.2135269676,46.943,0.459034439588253,354510009.765625,2.19362186534026,3.779437928934644,390010.0,26.85,1428.48,510890.0,513120.0,68438748,5.698672336904819,2014-01-01
Thailand,116,2015,0.434428657255135,2.2246843853007783,39.26676975474172,401296437424.9949,22.6527996063232,0.189913266,47.694,0.457359479372179,58669998.1689453,2.25341726539665,3.828594070490401,392810.0,27.25,1370.19,510890.0,513120.0,68714519,5.716550238822162,2015-01-01
Thailand,116,2016,0.430741300834823,0.8433647469130376,39.18064554013584,415081602962.932,22.4314994812012,0.189913266,48.448,0.449752214694098,227779998.779297,2.34577153172096,3.7801223241900574,395180.0,27.37,1547.98,510890.0,513120.0,68971313,5.729628490616092,2016-01-01
Thailand,116,2017,0.424760539628879,1.8155020126097412,39.11018027364012,432422388357.6515,22.2658004760742,0.189913266,49.2,0.454597392721951,250220001.220703,2.29089405248375,3.7662287129006566,413200.0,26.87,1921.41,510890.0,513120.0,69209817,5.970251301199077,2017-01-01
Thailand,116,2018,0.426149826003248,2.6028504495435185,39.0397150071444,450539094020.3008,23.7233009338379,0.189913266,49.949,0.466296102359221,-419350006.103516,2.3523667430519,3.714039203580711,416950.0,26.86,1519.95,510890.0,513120.0,69428454,6.005462832284873,2018-01-01
Thailand,116,2019,0.426149826003248,0.8801544071461869,38.96924974064867,460750263751.6011,23.76781787458264,0.189913266,50.692,0.475955866890449,-338200012.207031,2.368296795629955,3.7623696091055727,424919.5652173913,27.47,1261.91,510890.0,513120.0,69625581,6.102923079627749,2019-01-01
Thailand,116,2020,0.4228089264616677,-0.965896509257158,38.89878447415295,432649179610.3256,23.881050368536147,0.1905244498333333,51.43,0.479607529142195,-387140846.2524412,2.379128614251918,3.800433393447474,432305.1984877127,27.37,1494.29,510890.0,513120.0,69799978,6.19348617112333,2020-01-01
Tonga,117,1995,0.611487787365564,0.4923843070402139,12.430555555555555,325682432.85683465,1.16194202663287,1.111164657,22.864,0.338223301369078,32040000.915527303,2.0650776800565,1.0419705747509689,260.0,24.59,1269.5,720.0,750.0,95972,2.7091234943525198,1995-01-01
Tonga,117,1996,0.60419182615481,0.1283160222676282,12.430555555555555,331562730.8502094,1.46218169939384,1.060876209,22.897,0.338502272948058,29319999.6948242,2.02450817277228,0.831022053247738,240.0,24.73,1688.2,720.0,750.0,96267,2.493066159743214,1996-01-01
Tonga,117,1997,0.603681849394448,-0.0048960779075892,12.430555555555555,335619233.8121639,1.26376016632963,1.010587761,22.927,0.333361137606981,25670000.0762939,2.13595322036145,0.931474524171764,250.0,24.33,1552.9,720.0,750.0,96621,2.587429233810455,1997-01-01
Tonga,117,1998,0.597558580307939,0.0238680852175148,12.430555555555555,343871302.27495974,1.23541610564558,0.960299313,22.955,0.328599828658442,20090000.1525879,2.26628923389228,1.03054536460695,240.0,24.88,1224.5,720.0,750.0,97036,2.47330887505668,1998-01-01
Tonga,117,1999,0.596420778816824,0.4809616525175945,12.430555555555555,356631956.9823683,1.03187890486717,0.910010865,22.984,0.331546115414338,19319999.6948242,2.29820726119506,1.1284944857655808,260.0,24.56,2026.3,720.0,750.0,97475,2.667350602718646,1999-01-01
Tonga,117,2000,0.595213064936522,4.497151229832176,12.430555555555555,359756017.4870464,2.47679996490479,0.859722417,23.012,0.336597089809207,16420000.0762939,2.00770470777078,1.0208039852187585,240.0,24.79,2222.3,720.0,750.0,97962,2.44992956452502,2000-01-01
Tonga,117,2001,0.559161018154853,4.212009361077245,12.430555555555555,373243003.258665,2.69939994812012,0.8055954872,23.041,0.330452611267867,20639999.3896484,2.5927045042822,1.0154139842813916,230.0,25.02,1641.8,720.0,750.0,98482,2.3354521638472003,2001-01-01
Tonga,117,2002,0.558043817408025,2.567291493973693,12.430555555555555,391337871.8854582,2.47740006446838,0.7514685574,23.069,0.327083004845801,18010000.2288818,2.43285571388418,1.0098663946759845,240.0,24.43,1666.0,720.0,750.0,99023,2.4236793472223623,2002-01-01
Tonga,117,2003,0.557901942728447,0.0901241387632835,12.430555555555555,400370128.00266886,2.01279997825623,0.6973416276,23.098,0.322221082656495,22260000.2288818,2.21711921383363,1.204928156158689,260.0,24.64,1507.6,720.0,750.0,99591,2.61067767167716,2003-01-01
Tonga,117,2004,0.557789119759036,2.3990777983572285,12.430555555555555,390718402.8878528,2.14860010147095,0.6973416276,23.127,0.340461801290077,20309999.4659424,2.158991196291,1.2972239407667592,270.0,24.64,1596.8,720.0,750.0,100214,2.6942343385155767,2004-01-01
Tonga,117,2005,0.557707600866286,2.293943638662648,12.430555555555555,391035017.2232444,2.1703999042511,0.6973416276,23.155,0.331241712153962,32889999.3896484,2.13609550638886,1.2883022158798112,280.0,24.64,1524.4,720.0,750.0,100908,2.774804772664209,2005-01-01
Tonga,117,2006,0.554265004570925,3.759843058356102,12.430555555555555,390453801.0627555,1.8668999671936,0.6973416276,23.184,0.347784403155802,22559999.4659424,2.04365001027434,1.4747232436046167,290.0,24.44,1570.5,720.0,750.0,101714,2.8511316043022594,2006-01-01
Tonga,117,2007,0.557667110220818,5.8904673768760265,12.430555555555555,391512302.9313453,2.17079997062683,0.6973416276,23.227,0.352612057017507,32020000.4577637,2.31124756573027,1.2673406319155367,270.0,24.56,1602.0,720.0,750.0,102577,2.632169004747653,2007-01-01
Tonga,117,2008,0.548811120484349,6.247378058196989,12.430555555555555,410109801.5439827,1.98849999904633,0.6973416276,23.281,0.360329385444837,25639999.3896484,2.26677149482073,1.257447960999768,270.0,24.45,1623.7,720.0,750.0,103384,2.611622688230287,2008-01-01
Tonga,117,2009,0.54669149157924,0.079073102402592,12.430555555555555,388787745.7898279,1.8173999786377,0.6973416276,23.335,0.363131933437313,36849998.4741211,2.32272737122779,1.347488377912741,280.0,24.41,1587.3,720.0,750.0,103897,2.694976755825481,2009-01-01
Tonga,117,2010,0.549635350530377,1.2705827730705748,12.430555555555555,391911617.1581049,1.0077999830246,0.6432146978,23.389,0.38699843775855,66319999.69482421,2.689684364726,1.1540569911810812,260.0,24.49,1613.3,720.0,750.0,103981,2.500456814225676,2010-01-01
Tonga,117,2011,0.545407877375325,1.8434549583430084,12.430555555555555,418633233.4582141,1.13499999046326,0.6432146978,23.443,0.391944599325922,88559997.55859381,2.54159808280144,1.062206686108268,250.0,24.93,1721.9,720.0,750.0,103558,2.414106104791518,2011-01-01
Tonga,117,2012,0.542480163086145,-0.1787739113710381,12.430555555555555,422079014.9811127,1.14690005779266,0.6432146978,23.435,0.392287449547103,78180000.3051758,3.04146396787029,1.070705497586046,260.0,24.43,1580.2,720.0,750.0,102736,2.5307584488397445,2012-01-01
Tonga,117,2013,0.53991793029352,1.3912353529212649,12.430555555555555,423397201.12837183,1.57560002803802,0.6432146978,23.382,0.397617732653053,81089996.3378906,2.72588107108853,1.179152582344155,260.0,24.56,1604.6,720.0,750.0,101768,2.554830595079004,2013-01-01
Tonga,117,2014,0.539340234404046,3.0102488785176043,12.430555555555555,431944322.3768374,1.69749999046326,0.6432146978,23.328,0.405823959760389,80330001.8310547,3.15280102469025,1.0888609524563713,270.0,24.61,1596.1,720.0,750.0,101023,2.672658701483821,2014-01-01
Tonga,117,2015,0.541246079885766,1.452875241877259,12.430555555555555,437006227.1627811,1.87969994544983,0.589087768,23.275,0.400743588223885,68400001.5258789,2.90036962833374,1.091486406032943,270.0,24.39,1536.5,720.0,750.0,100780,2.6791029966263147,2015-01-01
Tonga,117,2016,0.552461451879767,1.3612550877426126,12.430555555555555,465721908.5393742,1.97599995136261,0.589087768,23.222,0.402330567360447,82610000.6103516,2.80942116778797,1.4830487527559988,310.0,25.04,1649.1,720.0,750.0,101143,3.0649674223623977,2016-01-01
Tonga,117,2017,0.546057368137599,-1.2193761206131952,12.430555555555555,481195204.7950327,1.4838000535965,0.589087768,23.169,0.40482787409802,87230003.3569336,2.79700147219096,1.7646712809552754,340.0,25.02,1580.7,720.0,750.0,102002,3.3332679751377423,2017-01-01
Tonga,117,2018,0.544747957607534,4.069875400842985,12.430555555555555,482638835.6603017,1.708899974823,0.589087768,23.131,0.406582555257415,87769996.6430664,2.92057652446973,1.8411031114642584,350.0,24.5,1602.0,720.0,750.0,103199,3.3915057316446866,2018-01-01
Tonga,117,2019,0.544747957607534,0.3400827351234561,12.430555555555555,486181549.5887488,1.7326807551790926,0.589087768,23.107,0.402456254171887,107949996.948242,2.95777212640074,1.875848004364836,353.9130434782609,24.68,1607.6,720.0,750.0,104497,3.3868249182106744,2019-01-01
Tonga,117,2020,0.5419671313676161,0.8645927241705033,12.430555555555555,489364573.36646056,1.7444415836914948,0.5673345642916666,23.099,0.4051326272053374,111112913.44960512,2.99834882003676,1.921275219630797,358.8657844990548,25.03,1657.1,720.0,750.0,105697,3.3952315060886766,2020-01-01
Trinidad and Tobago,121,1995,0.532382552647819,5.609349894972904,46.65789473684211,9356027674.98812,1.18520970750999,0.05035709,55.04,0.419220432205674,23610000.6103516,3.43869150408185,10.49274437888694,14290.0,26.37,1704.02,5130.0,5130.0,1254200,11.39371711050869,1995-01-01
Trinidad and Tobago,121,1996,0.532849156910483,6.1706329700839895,46.55243664717349,10023531361.061413,1.00018572416944,0.0421659574,55.224,0.413333951333992,15100000.3814697,3.52495554315421,10.576145464145672,14550.0,26.06,1891.32,5130.0,5130.0,1257547,11.570144097993952,1996-01-01
Trinidad and Tobago,121,1997,0.531454486518364,17.417060867315772,46.44697855750488,10777587053.773165,0.939534800532621,0.0339748248,55.406,0.415962368472286,33479999.5422363,3.49775665283134,10.929976711291452,15100.0,26.2,1706.91,5130.0,5130.0,1259838,11.985667998583946,1997-01-01
Trinidad and Tobago,121,1998,0.523825869511967,12.07485755088374,46.34152046783626,11653219011.2404,0.903392053378153,0.0257836922,55.589,0.414344927018533,14560000.4196167,3.60740994825791,11.175407129592717,15510.0,26.83,2146.12,5130.0,5130.0,1261699,12.292947842551987,1998-01-01
Trinidad and Tobago,121,1999,0.522180638693819,9.447813943402869,46.23606237816764,12588368586.490189,0.864057059934404,0.0175925596,55.771,0.408138101490659,26930000.3051758,3.53856913624759,11.242737911287598,15710.0,26.33,2120.21,5130.0,5130.0,1263927,12.42951531219762,1999-01-01
Trinidad and Tobago,121,2000,0.530234377405678,8.332988116767194,46.13060428849903,13457137169.250126,0.761300027370453,0.009401427,55.905,0.402897736611287,-1559999.94277954,3.60724822450445,11.332437365792297,15970.0,25.95,1970.08,5130.0,5130.0,1267159,12.602996151232798,2000-01-01
Trinidad and Tobago,121,2001,0.539952467918872,9.460759605832065,46.04795321637427,14018101159.421335,0.705900013446808,0.0088855108,55.718,0.401375170937203,-6179999.82833862,4.04109693072308,12.134061324586533,17110.0,26.21,1386.65,5130.0,5130.0,1271627,13.455203451955644,2001-01-01
Trinidad and Tobago,121,2002,0.521792865892844,11.18749308935868,45.96530214424951,15130677152.096085,0.688300013542175,0.0083695946,55.53,0.400256162943787,-9430000.30517578,6.12400199305287,12.54296474346427,17810.0,26.16,1765.62,5130.0,5130.0,1277210,13.944457058745234,2002-01-01
Trinidad and Tobago,121,2003,0.521518008702852,7.149642864168388,45.88265107212476,17315696656.80612,0.596599996089935,0.0078536784,55.343,0.398556687234199,-3140000.10490417,6.74261747116733,11.935517044728584,17160.0,26.6,1560.34,5130.0,5130.0,1283564,13.369025619291286,2003-01-01
Trinidad and Tobago,121,2004,0.517708930223474,7.515657550412777,45.8,18692303460.45872,0.602500021457672,0.0078536784,55.155,0.400402876994203,-1519999.98092651,6.19264063970469,12.378741430027556,17910.0,26.29,2006.85,5130.0,5130.0,1290115,13.882483344508048,2004-01-01
Trinidad and Tobago,121,2005,0.516890566009652,5.879635791771316,45.71734892787524,19852896970.57403,0.544000029563904,0.0078536784,54.967,0.421676517915309,-2410000.08583069,7.13966564573015,15.17165099495024,21690.0,26.57,2054.37,5130.0,5130.0,1296497,16.7296954794342,2005-01-01
Trinidad and Tobago,121,2006,0.514233779463742,4.805284165651474,45.63469785575049,22475079237.272163,0.545499980449677,0.0078536784,54.779,0.325663348262468,12289999.961853,7.85327268719675,17.0588199165945,24420.0,26.49,1867.19,5130.0,5130.0,1302552,18.74781198754445,2006-01-01
Trinidad and Tobago,121,2007,0.516838029783918,3.83520271627024,45.55204678362573,23543591634.66164,0.44530001282692,0.0078536784,54.59,0.332169094924934,20469999.3133545,8.62902219847489,16.867285719744736,24460.0,26.23,1718.59,5130.0,5130.0,1308450,18.69387443157935,2007-01-01
Trinidad and Tobago,121,2008,0.518226443048992,10.048943265680553,45.46939571150097,24342128361.644756,0.462099999189377,0.0078536784,54.402,0.33261380062257,9289999.96185303,9.4319883992937,16.082784497534707,23710.0,26.25,1743.97,5130.0,5130.0,1314449,18.037976368805484,2008-01-01
Trinidad and Tobago,121,2009,0.521099805837696,3.698591117172324,45.38674463937622,23273087990.931805,0.486600011587143,0.0078536784,54.213,0.330892192060888,6699999.80926514,10.292400797888,15.284789930662017,22950.0,26.55,1488.21,5130.0,5130.0,1320921,17.374241154467224,2009-01-01
Trinidad and Tobago,121,2010,0.517144628020657,2.4794714301894274,45.304093567251456,24046505001.890198,0.37720000743866,0.0073377622,54.025,0.340297736490906,4340000.15258789,9.37289853023553,17.031285764194244,25560.0,26.86,2136.18,5130.0,5130.0,1328144,19.24490115529641,2010-01-01
Trinidad and Tobago,121,2011,0.508722316830377,0.1613943933059523,45.22144249512671,23975723054.1962,0.376300007104874,0.0073377622,53.836,0.344768377395718,3911777.920193141,7.91693997013184,17.355446122528402,26410.0,26.4,2076.09,5130.0,5130.0,1336180,19.765301082189524,2011-01-01
Trinidad and Tobago,121,2012,0.478688659540423,-7.39172992098143,45.13879142300195,24280206193.284115,0.369599997997284,0.0073377622,53.671,0.343471502889234,3663150.7543869945,7.3290332610173,16.448371298930557,25620.0,26.16,1586.52,5130.0,5130.0,1344814,19.05096169433096,2012-01-01
Trinidad and Tobago,121,2013,0.477240419889144,-4.143854314998169,45.05614035087719,24821430152.083797,0.363400012254715,0.0073377622,53.53,0.351862581741057,3000554.11465701,7.10469977503251,16.790917982312287,26520.0,26.29,1766.39,5130.0,5130.0,1353708,19.59063549894069,2013-01-01
Trinidad and Tobago,121,2014,0.47435304103141,2.395050924528892,44.97348927875243,24594923440.0447,0.344900012016296,0.0073377622,53.413,0.361577063235777,2743677.5301023503,6.52235521614092,16.089998289703647,25990.0,26.42,1633.13,5130.0,5130.0,1362337,19.077511658275448,2014-01-01
Trinidad and Tobago,121,2015,0.472111257331711,0.7084565269612044,44.89083820662768,24959858249.443348,0.360300004482269,0.006821846,53.319,0.367023342331,2206203.6906562736,6.95644570082504,15.514488459730927,25600.0,26.79,1283.3,5130.0,5130.0,1370332,18.68160416599773,2015-01-01
Trinidad and Tobago,121,2016,0.49072517332447,-0.1054136658517655,44.80896686159844,23561652382.53019,0.42179998755455,0.006821846,53.25,0.35602087889008,2289897.104732625,7.25332979375023,13.233514547066086,22840.0,26.76,1857.7,5130.0,5130.0,1377563,16.580003963521087,2016-01-01
Trinidad and Tobago,121,2017,0.449985451347158,-2.1035229080973963,44.7270955165692,22857785669.780743,0.411799997091293,0.006821846,53.205,0.354646316368306,2478117.036578653,7.70440603511634,13.142493822522146,23070.0,26.61,1950.47,5130.0,5130.0,1384060,16.668352528069594,2017-01-01
Trinidad and Tobago,121,2018,0.455773923589113,-2.9568753247541677,44.645224171539965,22872883185.693527,0.454600006341934,0.006821846,53.184,0.348023114566378,2742741.866395418,7.44374152727621,12.778440123726384,22900.0,26.25,1709.86,5130.0,5130.0,1389841,16.47670488926431,2018-01-01
Trinidad and Tobago,121,2019,0.455773923589113,0.7927015542765166,44.56335282651072,22587789317.243366,0.4228343671607141,0.006821846,53.187,0.342033058804949,2873469.465757631,7.617874136980313,12.877818199588967,23274.34782608696,26.56,1386.59,5130.0,5130.0,1394969,16.684491071906944,2019-01-01
Trinidad and Tobago,121,2020,0.4525818973783336,-0.4751861380804048,44.48148148148148,20813757908.57894,0.3977321342472913,0.0050078775,53.214,0.3388169182465854,2971102.12012839,7.795827119320578,12.977890927216938,23653.66729678639,26.66,1714.58,5130.0,5130.0,1399491,16.901621587267364,2020-01-01
Tunisia,120,1995,0.543805484988827,1.5305492758971977,4.221894309989701,21278160096.494755,14.3680332929207,0.075292112,61.474,0.362046458354089,75389999.3896484,1.52245291374771,1.8673154053520944,23870.0,20.01,307.52,155360.0,163610.0,9125400,2.615775746816578,1995-01-01
Tunisia,120,1996,0.542603530649881,1.2167961998482786,4.237260556127704,22798714617.974724,14.3754765588241,0.0767953734,61.87,0.363577366690351,126860000.610352,1.84991586614171,1.899143604930652,25370.0,19.76,301.58,155360.0,163610.0,9267335,2.7375723441528765,1996-01-01
Tunisia,120,1997,0.54048350353199,1.6518787282067051,4.252626802265705,24039179784.58178,14.4376236817073,0.0782986348,62.262,0.366383365228959,195220001.220703,1.51373076755626,1.935047336813935,26070.0,20.47,305.75,155360.0,163610.0,9395119,2.7748451084015007,1997-01-01
Tunisia,120,1998,0.547571909011853,2.9845281716053105,4.267993048403707,25189157069.70973,14.4988560326477,0.0798018962,62.653,0.369676906260899,150960006.71386698,1.73422705430666,1.9895136228054624,27450.0,20.01,229.96,155360.0,163610.0,9509862,2.886477217019553,1998-01-01
Tunisia,120,1999,0.540865753176003,1.5137946229505728,4.283359294541709,26714268467.804,14.4885949977998,0.0813051576,63.043,0.37317433080951,253429992.67578095,1.77392657217472,2.063745821408804,28890.0,20.8,283.95,155360.0,163610.0,9613587,3.005121813533284,1999-01-01
Tunisia,120,2000,0.531542539629972,3.4960708311217727,4.298725540679712,27972503273.845745,14.2365999221802,0.082808419,63.432,0.37510646288327,222839996.33789095,1.71583366968562,2.155876793443827,30470.0,20.36,188.89,155360.0,163610.0,9708347,3.138536354335089,2000-01-01
Tunisia,120,2001,0.527849103015838,2.046198485701953,4.311328527291452,29034415456.57016,14.2217998504639,0.080433144,63.818,0.381343119468362,366220001.220703,1.74727339241056,2.210556248446101,31230.0,20.79,217.49,155360.0,163610.0,9793915,3.188714625356663,2001-01-01
Tunisia,120,2002,0.522582552156384,3.4149929381586364,4.323931513903193,29418412193.298286,14.5485000610352,0.078057869,64.202,0.38870287605921,217350006.103516,1.81568461206618,2.201339828822275,31310.0,20.51,226.63,155360.0,163610.0,9871261,3.171833872085846,2002-01-01
Tunisia,120,2003,0.502195860786968,1.965110531176504,4.336534500514933,30801783505.061382,14.1281995773315,0.075682594,64.585,0.393396275818241,301670013.427734,2.0750836968847,2.1990326669470006,31520.0,20.74,390.55,155360.0,163610.0,9945282,3.1693420055861665,2003-01-01
Tunisia,120,2004,0.48743288683495,1.8989398103704345,4.349137487126673,32722518230.098297,13.9223003387451,0.075682594,64.95,0.395351476810199,333690002.441406,1.88032859234995,2.2779252381544395,32670.0,20.18,266.23,155360.0,163610.0,10022278,3.2597379557821085,2004-01-01
Tunisia,120,2005,0.50303022623531,2.208393023425347,4.361740473738414,33863403756.781307,14.1789999008179,0.075682594,65.237,0.394077069357357,368350006.103516,2.03833700190102,2.2895526150866283,33180.0,20.01,257.29,155360.0,163610.0,10106778,3.282945365971232,2005-01-01
Tunisia,120,2006,0.49582326969495,9.424556677068203,4.374343460350154,35639234432.43364,14.3218002319336,0.075682594,65.524,0.418288515683769,436850006.103516,1.95881145592497,2.359523785950511,34230.0,20.59,313.85,155360.0,163610.0,10201211,3.3554839714618194,2006-01-01
Tunisia,120,2007,0.48807765257536,3.894079233476388,4.386946446961895,38030456357.84626,14.3235998153687,0.075682594,65.809,0.417353247484856,326489990.234375,2.12625632198371,2.379490038020408,34920.0,20.44,290.56,155360.0,163610.0,10304729,3.388735404880613,2007-01-01
Tunisia,120,2008,0.465719100220768,5.797188580618873,4.399549433573636,39642104019.701935,14.6110000610352,0.075682594,66.093,0.421979583316631,378760009.765625,2.05152702695008,2.3803522518045885,35050.0,20.49,193.69,155360.0,163610.0,10414425,3.3655242608209286,2008-01-01
Tunisia,120,2009,0.467105855472783,3.509946164986461,4.412152420185376,40848591671.20004,16.0718994140625,0.075682594,66.376,0.428834099510248,493690002.441406,1.99330544437516,2.383691484008033,35630.0,20.36,305.12,155360.0,163610.0,10525691,3.385050919697339,2009-01-01
Tunisia,120,2010,0.453339886788043,2.8881273586162983,4.424755406797116,42282852743.28432,12.6063003540039,0.073307319,66.657,0.427809378619079,550150024.414063,2.14191348239592,2.580100411415064,37960.0,20.61,252.95,155360.0,163610.0,10635245,3.5692642717680694,2010-01-01
Tunisia,120,2011,0.443745211893706,0.8990866463011637,4.4346035015448,41579186123.12939,13.2410001754761,0.073307319,66.938,0.433012090624017,925229980.46875,2.07849643681066,2.394368504856509,36290.0,20.29,305.12,155360.0,163610.0,10741872,3.378368314200728,2011-01-01
Tunisia,120,2012,0.437497085434453,3.2852036075475546,4.444451596292482,43206294380.31128,12.9996995925903,0.073307319,67.218,0.425210450793747,1022130004.88281,2.22017329232456,2.4596678544920234,37240.0,20.79,206.1,155360.0,163610.0,10846993,3.4332095540211007,2012-01-01
Tunisia,120,2013,0.443233147493545,2.1744841737306566,4.454299691040164,44132233102.3511,13.1653995513916,0.073307319,67.495,0.422277055867697,714659973.144531,2.15141063708185,2.444090628012602,37120.0,20.45,270.67,155360.0,163610.0,10952949,3.389041617924086,2013-01-01
Tunisia,120,2014,0.444378922725074,2.038446560299841,4.464147785787848,45326719904.046295,12.8559999465942,0.073307319,67.772,0.437440733603266,922700012.207031,2.16925763193062,2.605937977229905,39360.0,20.94,220.87,155360.0,163610.0,11063195,3.557742587019392,2014-01-01
Tunisia,120,2015,0.440826378045506,2.119965978537621,4.473995880535531,45780069046.659004,12.4969997406006,0.070932044,68.056,0.432795314611972,495869995.117188,2.1508314516845,2.6538577852443184,40170.0,20.61,279.7,155360.0,163610.0,11179951,3.5930390034804267,2015-01-01
Tunisia,120,2016,0.437036347441023,1.403423346529509,4.483843975283213,46291627375.47406,12.3945999145508,0.070932044,68.346,0.421322956354467,646820007.324219,2.14135711925589,2.564592068855272,39730.0,20.91,236.69,155360.0,163610.0,11303942,3.514703100918246,2016-01-01
Tunisia,120,2017,0.440837183781834,1.923292297936684,4.493692070030895,47330504525.09528,11.8222999572754,0.070932044,68.642,0.423146301386225,811890014.648438,2.10852859151286,2.6142617819766896,40720.0,20.55,258.88,155360.0,163610.0,11433438,3.561483431317859,2017-01-01
Tunisia,120,2018,0.444285481508889,2.3230834536681524,4.503540164778578,48518929510.40044,11.8867998123169,0.070932044,68.945,0.423183865663375,806780029.296875,2.02437961501041,2.592258864803324,41100.0,20.54,275.01,155360.0,163610.0,11565203,3.5537638206609947,2018-01-01
Tunisia,120,2019,0.444285481508889,1.938001599139656,4.513388259526262,49199153585.804695,11.778920095768909,0.070932044,69.254,0.431301804136436,984030029.296875,2.04620251506531,2.62377814564903,41849.13043478261,20.56,301.51,155360.0,163610.0,11694721,3.5784633455370685,2019-01-01
Tunisia,120,2020,0.4401388146972249,1.422794499187318,4.523236354273945,44681503990.46227,11.66602633650564,0.0707503745,69.568,0.4341874435440337,1021890030.5430094,2.054736717192423,2.655283995245481,42565.61436672968,20.72,234.8,155360.0,163610.0,11818618,3.6015729052863605,2020-01-01
Turkey,119,1995,0.482011621374696,0.5221672042692775,25.942225484973296,338183475098.0955,22.0984419532268,0.089027066,62.123,0.335989055522513,313559997.558594,2.62475741338113,2.876905528875208,232440.0,11.18,561.9,769630.0,785350.0,58486453,3.9742536617838655,1995-01-01
Turkey,119,1996,0.479016647309119,0.397849726303829,25.9896339799644,363140280866.02606,21.2430437355378,0.089027066,62.653,0.337434074322017,246080001.831055,2.74779892624186,3.1208308636221647,250190.0,11.42,610.16,769630.0,785350.0,59423278,4.210302905201561,1996-01-01
Turkey,119,1997,0.476920002764107,0.4240532504306995,26.037042474955506,390657829906.2067,20.8412876346053,0.089027066,63.179,0.341607503072285,6760000.228881841,2.73341814753817,3.2065886344313546,259320.0,10.58,602.77,769630.0,785350.0,60372571,4.295328088644759,1997-01-01
Turkey,119,1998,0.473492865499349,0.3406199502708049,26.0844509699466,400049831127.37714,21.6342689465346,0.0801871092,63.703,0.344347120778419,28090000.1525879,2.81697035964573,3.160786872062647,260520.0,11.91,628.82,769630.0,785350.0,61329665,4.247862759400365,1998-01-01
Turkey,119,1999,0.46722383870795,0.3053994564557545,26.13185946493769,386995531429.88806,20.5554262486403,0.0801871092,64.223,0.349493132862211,12449999.8092651,2.58865911979787,3.096453341575986,260420.0,12.15,497.51,769630.0,785350.0,62287391,4.180942496050284,1999-01-01
Turkey,119,2000,0.461379322708866,0.3579983254245142,26.1792679599288,413826859269.8543,17.2901000976563,0.0801871092,64.741,0.35697529782502,328570007.324219,2.86721595753861,3.425353077653333,284420.0,11.34,539.22,769630.0,785350.0,63240196,4.497456016739733,2000-01-01
Turkey,119,2001,0.456635992904377,1.6614527482490709,26.30071982641009,390031787736.9662,18.1168994903564,0.0801871092,65.34,0.355575620501408,133259994.506836,2.29299786526271,3.0810576287231464,262240.0,12.33,586.3,769630.0,785350.0,64192243,4.085228802489422,2001-01-01
Turkey,119,2002,0.450109580786701,0.450358174881171,26.42217169289139,415179953304.4729,17.4901008605957,0.0713471524,65.974,0.355206486958735,273440002.441406,2.69197549703032,3.194701964715613,272520.0,11.29,583.93,769630.0,785350.0,65145357,4.183260520009124,2002-01-01
Turkey,119,2003,0.442974197928666,0.5410174715286502,26.543623559372687,439107629560.4039,16.2889995574951,0.0625071956,66.602,0.366392219353671,167639999.38964802,2.75448812150297,3.3161141327924257,284410.0,11.36,611.19,769630.0,785350.0,66089402,4.303413125148265,2003-01-01
Turkey,119,2004,0.437998318909401,0.6811355299611885,26.665075425853985,482122333632.2774,16.781400680542,0.0625071956,67.225,0.370198190480883,288880004.88281304,2.74343245749966,3.351692029941981,290690.0,11.35,535.12,769630.0,785350.0,67010930,4.337949048013511,2004-01-01
Turkey,119,2005,0.42906421066357,1.981203897432564,26.78652729233528,525476244038.3295,15.3388004302979,0.0625071956,67.84,0.394759157465544,399329986.5722661,2.92392057280034,3.460942881836318,303230.0,11.48,569.38,769630.0,785350.0,67903461,4.465604485167553,2005-01-01
Turkey,119,2006,0.424829905897602,3.62350171693496,26.907979158816573,561986270867.4012,14.2266998291016,0.0625071956,68.45,0.398679032233498,569260009.765625,3.07257581763448,3.7972966430132034,332610.0,11.48,561.39,769630.0,785350.0,68756809,4.837484531895598,2006-01-01
Turkey,119,2007,0.412053922943152,3.235842051616353,27.029431025297868,590330093012.939,12.4773998260498,0.0625071956,69.053,0.409689824693485,795659973.144531,3.22313579613491,4.15295056668079,362550.0,11.81,527.03,769630.0,785350.0,69581854,5.210410173893901,2007-01-01
Turkey,119,2008,0.407461112753331,2.576505522061508,27.150882891779165,595141428332.8536,12.5320997238159,0.0625071956,69.651,0.42270221103448,1117479980.46875,3.06735466253268,4.07846720977687,361140.0,11.76,435.98,769630.0,785350.0,70418612,5.128473705218728,2008-01-01
Turkey,119,2009,0.398710216537647,1.3222489926238858,27.272334758260463,566436841006.1716,13.1230001449585,0.0625071956,70.241,0.424243388678744,1356239990.23438,2.97418764304149,4.035674787454415,364560.0,11.83,690.74,769630.0,785350.0,71321406,5.111508878554638,2009-01-01
Turkey,119,2010,0.389234842572364,1.1710536240143596,27.39378662474176,614171064520.3187,14.2103004455566,0.0536672388,70.825,0.430202446838804,1049589965.82031,3.18193042307524,4.10800991143113,374330.0,13.19,623.08,769630.0,785350.0,72326992,5.1755228532108735,2010-01-01
Turkey,119,2011,0.372795043183063,1.9292702138201812,27.535990021179007,682958902917.5344,12.6799001693726,0.0536672388,71.402,0.433592886595595,3288270019.53125,3.34672253354955,4.326061042992458,396910.0,11.06,598.88,769630.0,785350.0,73443254,5.404308474676244,2011-01-01
Turkey,119,2012,0.364239180455647,1.5608313536805822,27.678193417616253,715662340203.4131,13.0290002822876,0.0536672388,71.974,0.438528046956559,3112169921.875,3.3022850921456,4.405564524842693,411020.0,12.01,680.26,769630.0,785350.0,74651046,5.505884003286438,2012-01-01
Turkey,119,2013,0.366889755167197,1.4160827353068317,27.820396814053503,776392136706.1605,13.7953996658325,0.0536672388,72.531,0.451036577287492,2847840087.89063,3.19037912005215,4.190557754188733,402240.0,11.91,494.23,769630.0,785350.0,75925454,5.2978280511829405,2013-01-01
Turkey,119,2014,0.36633388228944,1.420412446134584,27.96260021049076,814743696794.6866,11.5132999420166,0.0536672388,73.077,0.467859136805951,3446770019.53125,3.19522370979625,4.410763371013438,427120.0,12.49,606.7,769630.0,785350.0,77229262,5.530546180798672,2014-01-01
Turkey,119,2015,0.365316414922968,2.2286970344590986,28.104803606928,864316670330.8823,13.3374004364014,0.044827282,73.611,0.466458315994565,2141260009.76563,3.26475596278501,4.47717595953506,433850.0,11.76,624.88,769630.0,785350.0,78529413,5.524681561034972,2015-01-01
Turkey,119,2016,0.362124636323641,1.5907913057252814,28.104803606928,893038641113.7133,13.2256002426147,0.044827282,74.134,0.446201491189067,3609090087.89063,3.25179985166839,4.692471556424381,460820.0,12.15,619.92,769630.0,785350.0,79827868,5.772670767055936,2016-01-01
Turkey,119,2017,0.363571708789403,1.2854537876805394,28.263529228330498,960034377547.4257,11.4029998779297,0.044827282,74.644,0.459312919073343,3147209960.9375,3.52829638068715,5.127196701443459,502670.0,11.92,513.42,769630.0,785350.0,81116451,6.196893402054782,2017-01-01
Turkey,119,2018,0.365373583875102,1.647072935140472,28.466094097163573,988642300211.8036,11.8739995956421,0.044827282,75.143,0.462366691107772,1189800048.82813,3.34522350735326,5.0154183703224025,502520.0,13.15,669.54,769630.0,785350.0,82340090,6.102980941604509,2018-01-01
Turkey,119,2019,0.365373583875102,1.2176013290104677,28.668788898561647,997437115405.82,11.4294586235732,0.044827282,75.63,0.477959472086047,824909973.144531,3.376548120134657,5.108397189515759,514262.60869565216,12.48,576.44,769630.0,785350.0,83429607,6.164030098998935,2019-01-01
Turkey,119,2020,0.3605136656459522,1.0556217933551189,28.87148369995972,1015326662715.2668,11.002781010009524,0.0429856243333333,76.105,0.4838749061095276,846216222.1272783,3.4038850416082567,5.194813116728524,525744.0264650283,12.7,530.06,769630.0,785350.0,84339067,6.233695073541996,2020-01-01
Turkmenistan,118,1995,0.451581747515663,9.38075153374233,8.782159044964144,8306729733.447647,0.0019716077021124,0.0872513009,44.794,0.259560632444443,30700000.762939498,3.44493182666305,7.944691826521011,59380.0,16.48,112.31,469930.0,488100.0,4207841,14.11174994492425,1995-01-01
Turkmenistan,118,1996,0.448882729157856,4.542702967741936,8.782159044964144,8863279974.394817,0.0024668151331337,0.0872513009,45.018,0.259609602051968,23639999.3896484,2.79754344409148,6.925044613941008,56920.0,15.3,110.39,469930.0,488100.0,4287337,13.276306481156018,1996-01-01
Turkmenistan,118,1997,0.448421757493397,4.401775337533754,8.782159044964144,7852866037.135553,0.002127215295658,0.0872513009,45.241,0.248430371025553,20819999.6948242,2.93996171964916,6.874659165925204,57690.0,16.16,140.48,469930.0,488100.0,4355125,13.246462501076318,1997-01-01
Turkmenistan,118,1998,0.426536993261253,2.390948906487317,8.782159044964144,8410419552.77543,0.102890061620235,0.0872513009,45.465,0.237647558128886,27530000.6866455,3.1224184722223,6.931043256824495,59910.0,16.03,162.48,469930.0,488100.0,4413477,13.574331530446402,1998-01-01
Turkmenistan,118,1999,0.407010912484011,5.100972326103216,8.782159044964144,9798138736.698065,0.0896020382393961,0.0872513009,45.689,0.236900653024495,25350000.3814697,3.64905046501471,8.00916587123581,66860.0,16.66,131.08,469930.0,488100.0,4466133,14.970445349477949,1999-01-01
Turkmenistan,118,2000,0.387808993629602,4.5098812942753215,8.782159044964144,10334005228.002205,0.094200000166893,0.0872513009,45.913,0.235867002414237,35529998.779296905,3.76554809011816,8.159644722204508,69800.0,16.51,118.65,469930.0,488100.0,4516128,15.455717818449788,2000-01-01
Turkmenistan,118,2001,0.3885362058954,4.809319095825821,8.782159044964144,10782898471.217133,0.0935000032186508,0.0872513009,46.137,0.233114188958444,74930000.3051758,3.83894431144745,8.345590257153294,73010.0,16.72,125.48,469930.0,488100.0,4564087,15.9966275840053,2001-01-01
Turkmenistan,118,2002,0.377606031188955,6.185596816976128,8.782159044964144,10810629921.418913,0.0908999964594841,0.0872513009,46.362,0.23025352212278,44110000.6103516,4.1048787823622,8.657233008634673,77390.0,16.54,177.31,469930.0,488100.0,4610018,16.78735310794882,2002-01-01
Turkmenistan,118,2003,0.391582124915918,3.780806329433549,8.782159044964144,11164010879.75788,0.0790000036358833,0.0872513009,46.587,0.232883562563075,28840000.1525879,4.49061168670558,9.538738317676714,84550.0,15.73,194.42,469930.0,488100.0,4655752,18.16033156405238,2003-01-01
Turkmenistan,118,2004,0.406777233335125,5.172299510864941,8.782159044964144,11722256910.1313,0.0750999972224236,0.0872513009,46.812,0.213391114855368,54040000.9155273,4.74718818330459,9.954509465075873,89020.0,16.63,177.77,469930.0,488100.0,4703396,18.926749948335203,2004-01-01
Turkmenistan,118,2005,0.407792138490852,5.160477015730362,8.782159044964144,13250139963.351376,0.0740000009536743,0.0872513009,47.052,0.221861761413132,29049999.237060502,4.91951081082156,10.171091385867989,89500.0,16.39,164.98,469930.0,488100.0,4754652,18.82366995523542,2005-01-01
Turkmenistan,118,2006,0.407246310337313,7.112223020286304,8.782159044964144,14704118675.07719,0.0856999978423119,0.0872513009,47.308,0.206217484730738,41110000.6103516,4.99930777484971,10.338632306843456,89920.0,16.49,151.16,469930.0,488100.0,4810114,18.69394363626309,2006-01-01
Turkmenistan,118,2007,0.405281226171546,6.759229629629631,8.782159044964144,16330291193.844343,0.0731000006198883,0.0872513009,47.581,0.221722882517136,28770000.4577637,4.9721830050578,11.539704591775765,94440.0,16.15,156.92,469930.0,488100.0,4870142,19.391631701909308,2007-01-01
Turkmenistan,118,2008,0.401552595494957,6.626357388316152,8.782159044964144,18730843999.339462,0.0744000002741814,0.0872513009,47.868,0.233465762626933,18120000.8392334,5.17545506390001,11.51797137829698,94570.0,15.85,93.53,469930.0,488100.0,4935765,19.160150452867995,2008-01-01
Turkmenistan,118,2009,0.399510096493096,22.52356320841506,8.782159044964144,19873425504.812748,0.0812999978661537,0.0872513009,48.172,0.235472191161556,40639999.3896484,4.63914219429105,10.059998566280475,86290.0,16.22,179.97,469930.0,488100.0,5007953,17.230593018744386,2009-01-01
Turkmenistan,118,2010,0.395020744516243,16.0841101892421,8.782159044964144,21701780648.88161,0.0722000002861023,0.0872513009,48.491,0.233478386289098,43799999.237060495,5.17778236209315,11.27533338011732,92070.0,17.05,127.9,469930.0,488100.0,5087211,18.0983253889017,2010-01-01
Turkmenistan,118,2011,0.393392531706409,11.600001140250855,8.782159044964144,24891942388.614223,0.0650999993085861,0.0872513009,48.825,0.232935266901859,40819999.6948242,5.3513844349612,12.25532829436599,101660.0,15.69,157.16,469930.0,488100.0,5174076,19.64795260061893,2011-01-01
Turkmenistan,118,2012,0.391622965877689,8.90000000044902,8.782159044964144,27654947984.18057,0.0551999993622303,0.0872513009,49.175,0.241128914858823,37659999.8474121,5.26383957605921,12.585645985330794,108940.0,15.9,159.63,469930.0,488100.0,5267906,20.679943795504325,2012-01-01
Turkmenistan,118,2013,0.39053110905756,7.300000026138408,8.782159044964144,30475752706.608826,0.0575000010430813,0.0872513009,49.541,0.238580072901785,35909999.8474121,5.30062169023342,12.630497751182547,114270.0,16.89,140.84,469930.0,488100.0,5366376,21.29369988237872,2013-01-01
Turkmenistan,118,2014,0.388586462431662,8.8000010883235,8.782159044964144,33614755226.41318,0.0560000017285347,0.0872513009,49.921,0.239674334089334,34479999.5422363,5.17859225590025,12.71238221517788,119770.0,15.79,136.68,469930.0,488100.0,5466324,21.91051975697013,2014-01-01
Turkmenistan,118,2015,0.382512492885359,8.499978451543907,8.782159044964144,35799714285.71429,0.0553999990224838,0.0872513009,50.317,0.235606554120699,22950000.762939498,5.19544940431798,12.951722311336187,126150.0,16.64,178.84,469930.0,488100.0,5565283,22.66731089865511,2015-01-01
Turkmenistan,118,2016,0.379679134345252,6.201812106514578,8.782159044964144,38019296559.41064,0.0555000007152557,0.0872513009,50.728,0.228374547384693,32229999.5422363,5.02944439423063,12.719053555480558,125940.0,16.84,173.69,469930.0,488100.0,5662371,22.24156629793421,2016-01-01
Turkmenistan,118,2017,0.380573278081145,5.4999958359072485,8.782159044964144,40490550853.57668,0.0568000003695488,0.0872513009,51.153,0.235161277086463,28139999.3896484,4.99943820580934,12.49811772719749,125620.0,16.45,145.42,469930.0,488100.0,5757667,21.81786477057461,2017-01-01
Turkmenistan,118,2018,0.381962816542683,4.899488240385761,8.782159044964144,43000964982.7593,0.0566000007092953,0.0872513009,51.593,0.243837111891231,20459999.084472697,4.89690790004812,12.259648170487218,125080.0,16.64,135.3,469930.0,488100.0,5850902,21.37790036476427,2018-01-01
Turkmenistan,118,2019,0.381962816542683,4.70786927420883,8.782159044964144,45710025776.673134,0.0589751482313467,0.0872513009,52.048,0.240045748482592,25360000.6103516,4.960037294543123,12.447254968050968,127936.52173913045,16.86,191.65,469930.0,488100.0,5942094,21.530544912135426,2019-01-01
Turkmenistan,118,2020,0.3790620277521421,4.513165846728268,8.782159044964144,47268496445.14086,0.0614320322790951,0.0872513009,52.516,0.2392326283175148,25137500.60399377,5.05405876630189,12.687351070403574,131024.1965973535,16.02,167.36,469930.0,488100.0,6031187,21.72444604973341,2020-01-01
Ukraine,122,1995,0.473308034354741,0.5537724230607953,16.21127125226547,77156382575.65729,0.976939547570397,0.31738439,66.951,0.349811509098784,217836978.17791283,3.81999921561547,7.750500846391576,569420.0,8.87,601.2,579350.0,603550.0,51512800,11.053951639204236,1995-01-01
Ukraine,122,1996,0.486849997645806,1.1692605404874938,16.252006559074825,69440744318.0913,0.897911042568409,0.31738439,66.99,0.347332013227912,228041932.74154425,3.19869417266658,6.778787961878498,507740.0,7.77,571.2,579350.0,603550.0,51057800,9.944415936448497,1996-01-01
Ukraine,122,1997,0.485996520611647,1.2422632678198469,16.29274186588418,67357521988.54871,1.02503951819918,0.31738439,67.029,0.35447230093852,240830027.1586195,3.3033562555576,6.487846529076226,483340.0,7.75,663.99,579350.0,603550.0,50594600,9.55319342380412,1997-01-01
Ukraine,122,1998,0.482267937836422,1.7739792188550878,16.333477172693538,66077729070.766266,1.57750721396194,0.2875252248,67.067,0.358583197607687,253184212.51675844,3.01029087038278,6.167974553540269,455470.0,8.63,600.6,579350.0,603550.0,50144500,9.083149697374589,1998-01-01
Ukraine,122,1999,0.479881639688192,1.570566535318379,16.37421247950289,65945573612.62483,1.45112158426423,0.2875252248,67.106,0.36441463364413,265685509.6729821,2.84914633349623,6.15472883198454,451860.0,9.64,548.44,579350.0,603550.0,49674000,9.096509240246409,1999-01-01
Ukraine,122,2000,0.427941438573856,1.837821924963663,16.414947786312247,69836362455.76965,1.25429999828339,0.2875252248,67.145,0.367787437516087,292153752.3849839,2.91869975744038,6.047197340192978,433670.0,9.51,522.3,579350.0,603550.0,49176500,8.818643051050806,2000-01-01
Ukraine,122,2001,0.427948376976307,2.0147759914762635,16.42150686113748,75981962351.8771,1.22780001163483,0.2875252248,67.183,0.386844487103952,319065292.45942473,3.25251645970502,6.176226408890643,432520.0,9.01,631.31,579350.0,603550.0,48662400,8.88817649766555,2001-01-01
Ukraine,122,2002,0.428568023728199,1.5765633088178763,16.42834950115649,80039131086.24348,1.03470003604889,0.2576660596,67.283,0.349932340979761,347071214.6415093,3.11710587764801,6.305486005177743,435210.0,9.49,543.61,579340.0,603550.0,48202470,9.028790433353311,2002-01-01
Ukraine,122,2003,0.428971593771696,2.737922445962756,16.434908689198053,87656142929.10416,0.990499973297119,0.2278068944,67.427,0.357809803867448,366458627.8002824,3.39005947901412,6.906706381988696,465770.0,8.32,521.4,579340.0,603550.0,47812949,9.74150329024884,2003-01-01
Ukraine,122,2004,0.424494546459915,2.551318159443313,16.441467877239617,97995493998.76416,1.20609998703003,0.2278068944,67.597,0.381755237496629,386382149.1059807,3.35803506198338,6.472697057841601,430870.0,8.95,644.88,579340.0,603550.0,47451626,9.080194638641045,2004-01-01
Ukraine,122,2005,0.419575828238084,8.749501470507843,16.44689150471193,101005161395.22578,1.2661999464035,0.2278068944,67.79,0.375306138191776,404100006.103516,3.34482557519765,6.271286012314869,412020.0,9.04,602.0,579380.0,603550.0,47105171,8.746810408564274,2005-01-01
Ukraine,122,2006,0.415308663921504,5.008725385739924,16.45401822700911,108652687155.83586,1.75380003452301,0.2278068944,67.969,0.328267210075144,484630004.882813,3.28828697620384,6.497208480862933,417430.0,8.66,556.48,579360.0,603550.0,46787786,8.921772874655792,2006-01-01
Ukraine,122,2007,0.412389607448052,6.853180509808203,16.46142958244869,117579422924.36208,2.38680005073547,0.2278068944,68.147,0.34026049933748,420980010.986328,3.327394795857,6.711337966308069,425720.0,10.19,534.08,579330.0,603550.0,46509355,9.153427305108831,2007-01-01
Ukraine,122,2008,0.408120005963218,5.688126691151462,16.468273147828487,120217307398.3224,2.72469997406006,0.2278068944,68.325,0.338761754230907,617349975.585938,3.72298930771254,6.514089862013405,411730.0,9.76,550.86,579320.0,603550.0,46258189,8.900694318145485,2008-01-01
Ukraine,122,2009,0.391627339259415,3.9233986243482337,16.474832562314436,102020653239.4261,2.96309995651245,0.2278068944,68.502,0.326277029782445,654719970.703125,2.79552713383969,5.478213942874187,351800.0,9.68,568.13,579320.0,603550.0,46053331,7.638969697979067,2009-01-01
Ukraine,122,2010,0.383131953682399,4.56837773127429,16.481391976800385,106195342825.51376,2.8824999332428,0.1979477292,68.596,0.32081193966403,656650024.414063,3.14559960978643,5.874332834518632,369850.0,9.44,667.52,579320.0,603550.0,45870741,8.062873891660045,2010-01-01
Ukraine,122,2011,0.374106925709994,4.256109512606935,16.519022302009255,111977977452.8468,2.73839998245239,0.1979477292,68.689,0.324230135281031,777929992.675781,3.45604025229637,6.203112644561164,391160.0,9.05,458.65,579320.0,603550.0,45706086,8.558160066473423,2011-01-01
Ukraine,122,2012,0.364979876618804,4.477184845959416,16.556652627218117,112148536670.1373,2.85750007629395,0.1979477292,68.782,0.32479603704363,772059997.558594,2.8072053310333,6.081809050102096,379030.0,9.54,564.93,579320.0,603550.0,45593342,8.313275214613572,2012-01-01
Ukraine,122,2013,0.36063469934173,2.366943901351388,16.594282952426983,112199495948.90443,3.48810005187988,0.1979477292,68.875,0.337910287270469,790739990.234375,3.15310265045854,5.904640106250108,368050.0,9.77,570.75,579320.0,603550.0,45489648,8.090851791159167,2013-01-01
Ukraine,122,2014,0.367634912870444,0.6344407167365612,16.63277460339381,100891026579.38112,3.49920010566711,0.1979477292,68.968,0.362321714642467,1403819946.28906,2.65244903961583,5.248479998356606,332020.0,9.74,522.27,579290.0,603550.0,45272155,7.333867804614116,2014-01-01
Ukraine,122,2015,0.3664649162908,-0.2175084182195616,16.670406877384384,91030959454.6961,4.14249992370605,0.168088564,69.061,0.374727612370426,1449349975.58594,2.24560409733998,4.227086145743428,279070.0,10.36,495.47,579290.0,603550.0,45154036,6.18039990932372,2015-01-01
Ukraine,122,2016,0.365134436358248,4.421783582987439,16.68249063508778,93253008738.96172,5.47399997711182,0.168088564,69.154,0.410282426412691,1523319946.28906,2.33255924454509,4.471757855012078,290100.0,9.76,641.18,579290.0,603550.0,45004673,6.445997285659647,2016-01-01
Ukraine,122,2017,0.366030649591303,3.2830605653309863,16.6942862074918,95453753896.395,6.46759986877441,0.168088564,69.246,0.413854974836369,1180729980.46875,2.07581271226843,3.899968180595919,264100.0,9.83,528.83,579300.0,603550.0,44831135,5.890995175562698,2017-01-01
Ukraine,122,2018,0.369233528379182,3.8008710356593354,16.703486365205386,98783526701.42113,6.90729999542236,0.168088564,69.352,0.421034157718662,1223170043.94531,2.42277288986665,4.154180631402289,274510.0,9.87,552.33,579400.0,603550.0,44622518,6.151826752582631,2018-01-01
Ukraine,122,2019,0.369233528379182,3.7664983639235463,16.7138419054194,101944109453.56204,7.165141754024619,0.168088564,69.473,0.428207689448869,1148250000.0,2.3620239191819183,3.9978188829244936,261687.8260869565,10.68,463.61,579400.0,603550.0,44386203,5.895702006476123,2019-01-01
Ukraine,122,2020,0.3648970906302003,0.1954996631570108,16.724197445633415,97866338856.10368,7.4376300458270626,0.1618679045833333,69.608,0.4314741969634559,1201403570.992606,2.325646951639107,3.876907183839537,250989.9054820416,10.9,497.11,579400.0,603550.0,44134693,5.686907247367544,2020-01-01
United Arab Emirates,124,1995,0.428939271978815,0.6081954670699621,3.903337088144185,145314271057.45294,0.112604485546437,0.009578108,78.319,0.373154437895212,5610000.1335144,13.3922587777286,30.077441959936216,90780.0,27.01,80.22,71020.0,98647.9,2415099,37.588521215900464,1995-01-01
United Arab Emirates,124,1996,0.429553115958391,0.4084748665702384,3.994058011827654,153740179652.12817,0.0803323472677077,0.0100089132,78.493,0.373987018067611,4679999.82833862,13.3000041512872,29.856789022657843,96090.0,27.17,91.89,71020.0,98647.9,2539121,37.843805001809685,1996-01-01
United Arab Emirates,124,1997,0.428284025641051,0.294815985875101,4.084778935511125,166332113236.6742,0.0763556592072081,0.0104397184,78.938,0.376228974812455,759999.990463257,13.4492077624067,30.490076032404456,103860.0,26.91,104.75,71020.0,98647.9,2671361,38.879058277784246,1997-01-01
United Arab Emirates,124,1998,0.419448064118124,0.3404853120029937,4.175499859194593,166817793607.37433,0.072469920617531,0.0108705236,79.378,0.378950665176161,589999.973773956,13.3245953245573,29.805766642708303,108390.0,27.97,66.64,71020.0,98647.9,2813214,38.52888546694279,1998-01-01
United Arab Emirates,124,1999,0.431496362779903,-1.1668357860998433,4.266220782878063,171659202375.14493,0.0716485511532455,0.0113013288,79.81,0.386102952829957,4050000.19073486,13.2730004778307,28.99499634022459,112690.0,27.97,64.96,71020.0,98647.9,2966029,37.99355973930127,1999-01-01
United Arab Emirates,124,2000,0.425519801159191,-0.4852815328169733,4.356941706561533,190288867862.62537,0.0763999968767166,0.011732134,80.236,0.394780630406055,1039999.96185303,12.3570563226132,26.97453500515465,113340.0,27.59,58.71,71020.0,98647.9,3134067,36.163872693213,2000-01-01
United Arab Emirates,124,2001,0.423748653234768,1.1458921699893518,4.368023092086736,192951170927.2688,0.0646999999880791,0.0110318862,80.655,0.411379639155352,34860000.6103516,13.9127777251505,29.145656219324543,127370.0,27.76,37.06,71020.0,98647.9,3302722,38.56515928376654,2001-01-01
United Arab Emirates,124,2002,0.40868758301216,0.0867813661375526,4.37910447761194,197646554336.8708,0.0665000006556511,0.0103316384,81.067,0.425831101040889,1690000.05722046,13.3308663596478,28.20537954661549,131600.0,27.62,50.01,71020.0,98647.9,3478769,37.82947358677739,2002-01-01
United Arab Emirates,124,2003,0.403576166036715,3.4226627133837497,4.390185863137145,215040520020.46005,0.0662999972701073,0.0096313906,81.472,0.411955801966621,7030000.20980835,13.2247804627702,27.891143450672978,139310.0,27.67,53.84,71020.0,98647.9,3711931,37.53033124807546,2003-01-01
United Arab Emirates,124,2004,0.410313511626214,6.76715211324682,4.401267248662348,235612235112.4402,0.100400000810623,0.0096313906,81.871,0.412870712200327,4079999.92370605,12.6205376960318,27.03156410705758,148020.0,27.82,54.37,71020.0,98647.9,4068577,36.38127040486145,2004-01-01
United Arab Emirates,124,2005,0.417585646238565,6.034816041234848,4.412348634187553,247051541802.9288,0.105200000107288,0.0096313906,82.262,0.42574670450997,330000.013113022,11.5784732681762,25.34315035323051,156700.0,27.46,60.11,71020.0,98647.9,4588222,34.15266305771604,2005-01-01
United Arab Emirates,124,2006,0.420075609649646,5.765437532235207,4.4234300197127565,271354791975.4076,0.117399998009205,0.0096313906,82.648,0.467146123819675,4690000.05722046,11.9767670179189,22.91623743531342,162950.0,27.68,72.05,71020.0,98647.9,5300172,30.74428527979847,2006-01-01
United Arab Emirates,124,2007,0.417231587037087,5.500439717228834,4.434511405237961,279995787306.8617,0.112800002098083,0.0096313906,83.023,0.4764842307176,4309999.94277954,11.6779293705433,21.34759078116069,174270.0,27.82,56.28,71020.0,98647.9,6168846,28.25001629153978,2007-01-01
United Arab Emirates,124,2008,0.417483184532078,1.6048746087371983,4.445592790763166,288932794417.6847,0.110799998044968,0.0096313906,83.387,0.479292603631796,3319999.9332428,12.2387645201771,22.032626906943605,199890.0,27.52,43.49,71020.0,98647.9,7089486,28.19527395921228,2008-01-01
United Arab Emirates,124,2009,0.417473319518082,0.4473673638737599,4.456674176288369,273784273643.58905,0.107699997723103,0.0096313906,83.742,0.474905193573925,4050000.19073486,10.6856028535272,19.852557061892288,202080.0,27.87,88.82,71020.0,98647.9,7917368,25.52363361157395,2009-01-01
United Arab Emirates,124,2010,0.419247260559395,3.0355948923905136,4.467755561813574,278172625005.8005,0.109399996697903,0.0089311428,84.087,0.501390876261885,34180000.3051758,9.62159781153229,19.04327930836943,208580.0,28.32,46.95,71020.0,98647.9,8549998,24.39532734393622,2010-01-01
United Arab Emirates,124,2011,0.416988713042946,2.039574748430488,4.467755561813574,297445839250.2886,0.109200000762939,0.0089311428,84.423,0.516326341147249,114680000.305176,9.17208081012332,18.5899325991994,214630.0,27.68,50.18,71020.0,98647.9,8946778,23.98964185766093,2011-01-01
United Arab Emirates,124,2012,0.414276306291941,2.5538951595386368,4.467755561813574,310782691949.1288,0.101800002157688,0.0089311428,84.749,0.526214632032282,-11970000.2670288,8.90054951206307,19.22311613352501,226570.0,27.83,52.28,71020.0,98647.9,9141598,24.7845070413291,2012-01-01
United Arab Emirates,124,2013,0.411288851892053,2.5031339108383297,4.467755561813574,326486783333.23376,0.102899998426437,0.0089311428,85.066,0.55286269489908,-5929999.82833862,8.72670262770784,20.015420897882432,237630.0,27.63,64.58,71020.0,98647.9,9197908,25.835222531036404,2013-01-01
United Arab Emirates,124,2014,0.403160650983702,2.746345354503584,4.467755561813574,340885128840.366,0.137700006365776,0.0089311428,85.375,0.578521772073757,3539999.96185303,9.48521437073342,19.9518524813163,240020.0,27.73,89.52,71020.0,98647.9,9214182,26.048975372963117,2014-01-01
United Arab Emirates,124,2015,0.385480696363866,2.387619323848261,4.467755561813574,358135057862.4915,0.126399993896484,0.008230895,85.674,0.577602730261273,-7659999.84741211,9.45103290514463,20.948092259699344,252850.0,28.11,63.86,71020.0,98647.9,9262896,27.297078581039884,2015-01-01
United Arab Emirates,124,2016,0.375434380277651,2.6900730329045306,4.467755561813574,368822581887.8722,0.123000003397465,0.008230895,85.965,0.563134073180363,-9729999.54223633,8.97823556748169,21.30760951717102,259650.0,28.13,70.53,71020.0,98647.9,9360975,27.737495292958265,2016-01-01
United Arab Emirates,124,2017,0.373623823718159,2.685185459261664,4.467755561813574,377576774179.0668,0.173199996352196,0.008230895,86.248,0.575633582833787,-10170000.0762939,8.90662505363913,21.950614332607515,269820.0,28.09,74.26,71020.0,98647.9,9487206,28.4404070070788,2017-01-01
United Arab Emirates,124,2018,0.373042402137427,2.4597148201046832,4.467755561813574,382069392728.14606,0.259200006723404,0.008230895,86.522,0.578494719316633,-8029999.73297119,8.09621864465523,20.79749840254861,263240.0,28.23,63.98,71020.0,98647.9,9630966,27.33266839484222,2018-01-01
United Arab Emirates,124,2019,0.373042402137427,4.284274397831378,4.467755561813574,395103837869.7528,0.265573725035446,0.008230895,86.789,0.581589429899431,5409999.84741211,7.865956030173778,20.394022595705675,270738.26086956525,28.1,78.11,71020.0,98647.9,9770526,27.709691460783716,2019-01-01
United Arab Emirates,124,2020,0.3707133658940358,5.540874712322109,4.467755561813574,370866189764.80566,0.2736276979818694,0.008174761125,87.048,0.59027422123294,5401666.502157848,7.629693068386238,19.98259796844689,278331.6635160681,27.87,78.33,71020.0,98647.9,9890400,28.141598268631007,2020-01-01
United Kingdom,125,1995,0.254031047293794,2.163455819602494,11.846401851775306,1952054517412.473,1.06022909884603,0.010032736,78.353,0.610736760895657,133265336.60888693,5.4261288630072,9.036517845955023,713510.0,9.27,1114.09,241930.0,243610.0,58019030,12.297861580933017,1995-01-01
United Kingdom,125,1996,0.252609851201294,2.2801499052774514,11.919150167403794,1999460998701.836,0.943586897127666,0.00966582,78.413,0.612586229765659,133265336.60888693,5.62184977168184,9.363736623632493,733630.0,8.25,981.27,241930.0,243610.0,58166950,12.612488707075066,1996-01-01
United Kingdom,125,1997,0.182925094141494,3.290128404629272,11.991898483032282,2097615053794.9744,1.02847968902927,0.009298904,78.472,0.617730770801376,133265336.60888693,5.38327564955234,8.956743522646947,712030.0,9.42,1092.22,241930.0,243610.0,58316954,12.209656903548153,1997-01-01
United Kingdom,125,1998,0.255102024092447,6.641959239171914,12.06464679866077,2163773274107.9385,1.02970432391514,0.008931988,78.532,0.623644306344706,133265336.60888693,5.4127148101369,8.976845012820853,708380.0,9.16,1333.32,241930.0,243610.0,58487141,12.111722130510705,1998-01-01
United Kingdom,125,1999,0.252647382993747,7.7052111263700835,12.137395114289257,2228472506419.704,0.948917657048062,0.008565072,78.591,0.628966156107133,133265336.60888693,5.38535068003086,8.9014664107674,682210.0,9.34,1281.65,241930.0,243610.0,58682466,11.625448732846367,1999-01-01
United Kingdom,125,2000,0.193330040271761,9.874714492036494,12.210143429917744,2310310242259.6177,0.9617999792099,0.008198156,78.651,0.630301843689902,133265336.60888693,5.66003500347871,9.001483618104672,684830.0,9.06,1386.79,241930.0,243610.0,58892514,11.62847284800917,2000-01-01
United Kingdom,125,2001,0.190463457853154,3.412047346215361,12.253544413673376,2358195032558.939,0.852800011634827,0.0075177122,78.751,0.628413528310331,133265336.60888693,6.10580471912032,9.20979383630894,695590.0,8.84,1095.27,241930.0,243610.0,59119673,11.765795795250762,2001-01-01
United Kingdom,125,2002,0.190080094901337,5.03120638315154,12.296945397429008,2408264766526.857,0.970000028610229,0.0068372684,79.047,0.63197938623396,133265336.60888693,5.9155784419187,8.930869498290555,677780.0,9.42,1389.81,241930.0,243610.0,59370479,11.416111364033291,2002-01-01
United Kingdom,125,2003,0.187279852609187,1.75058809254275,12.34034638118464,2481232538113.9,0.934899985790253,0.0061568246,79.339,0.627958900325876,133265336.60888693,5.88273995743421,9.088047281451182,685430.0,9.43,932.72,241930.0,243610.0,59647577,11.491330150762034,2003-01-01
United Kingdom,125,2004,0.186205726829005,3.5948098684228067,12.383747364940271,2539681190241.872,1.13709998130798,0.0061568246,79.629,0.624614028404651,133265336.60888693,6.02668029671841,9.040489078590094,680780.0,9.36,1187.05,241930.0,243610.0,59987905,11.348621026188528,2004-01-01
United Kingdom,125,2005,0.185794740572819,9.92810865180166,12.427148348695903,2605542234871.464,1.35210001468658,0.0061568246,79.915,0.621124577442593,133265336.60888693,6.06816242043166,8.950152419142096,674860.0,9.34,1094.71,241930.0,243610.0,60401206,11.172955718798065,2005-01-01
United Kingdom,125,2006,0.194858542921032,7.494735009053201,12.470549332451537,2672872173612.9966,1.55369997024536,0.0061568246,80.199,0.668709937418265,133265336.60888693,6.10809560316981,8.901697738682154,671960.0,9.57,1152.42,241930.0,243610.0,60846820,11.043469486162136,2006-01-01
United Kingdom,125,2007,0.196430512882184,6.745095031242125,12.513950316207168,2733532656769.676,1.83940005302429,0.0061568246,80.479,0.6690433500909581,133265336.60888693,6.1220059307114,8.629138069682556,656480.0,9.54,1184.75,241930.0,243610.0,61322463,10.705375614153006,2007-01-01
United Kingdom,125,2008,0.19606352145473,8.624166858998967,12.557351299962798,2726982071458.1704,2.78810000419617,0.0061568246,80.757,0.666330418600267,133265336.60888693,5.83324817053094,8.322844364137103,636520.0,9.06,1301.45,241930.0,243610.0,61806995,10.298510710640436,2008-01-01
United Kingdom,125,2009,0.198698953309757,0.5996833199049636,12.60075228371843,2611157427578.9287,3.37779998779297,0.0061568246,81.031,0.656893941092354,133265336.60888693,5.77789608934741,7.468655396349203,581690.0,9.15,1261.56,241930.0,243610.0,62276270,9.340475914822774,2009-01-01
United Kingdom,125,2010,0.202446681314553,2.678908148999424,12.644153267474062,2666812634394.308,3.66650009155273,0.0054763808,81.302,0.682040081141313,133265336.60888693,5.25145261467719,7.675926429704827,594560.0,8.04,1041.66,241930.0,243610.0,62766365,9.472589339847865,2010-01-01
United Kingdom,125,2011,0.20423097026135,1.00983723401417,12.723515066341504,2705683119057.2466,4.43569993972778,0.0054763808,81.57,0.679571798836857,133265336.60888693,4.90872708084366,7.025424600937008,551940.0,9.45,1133.51,241930.0,243610.0,63258810,8.725108803026803,2011-01-01
United Kingdom,125,2012,0.204574052541134,1.7193110464627723,12.802876865208946,2745453617575.543,4.76910018920898,0.0054763808,81.837,0.683241115002981,133265336.60888693,4.75251085240657,7.332471326823622,573410.0,8.79,1373.45,241930.0,243610.0,63700215,9.001696462092005,2012-01-01
United Kingdom,125,2013,0.20232257422982,1.943186330292625,12.882238664076388,2797343194531.2163,6.01760005950928,0.0054763808,82.102,0.690495102180618,133265336.60888693,4.77900706928915,7.064902558657708,554670.0,8.74,1128.29,241930.0,243610.0,64128273,8.649383088797666,2013-01-01
United Kingdom,125,2014,0.19865630655075,1.907589446973459,12.961600462943826,2881016339886.0825,7.36040019989014,0.0054763808,82.365,0.716847341811468,133265336.60888693,4.60404405342377,6.42159819144514,513800.0,9.82,1369.8,241930.0,243610.0,64602298,7.953277451523474,2014-01-01
United Kingdom,125,2015,0.197064219218131,1.533311410934722,13.040962261811268,2956573778737.7554,8.58769989013672,0.004795937,82.626,0.723970713026945,133265336.60888693,4.5047825328846,6.148544957747009,497740.0,9.06,1264.58,241930.0,243610.0,65116219,7.643871337185594,2015-01-01
United Kingdom,125,2016,0.198136099380989,11.92915476732718,13.05749596990865,3023494748188.9688,8.680100440979,0.004795937,82.886,0.706416015339292,133265336.60888693,4.27317849136775,5.774741667985412,475240.0,9.24,1172.89,241930.0,243610.0,65611593,7.243232152586205,2016-01-01
United Kingdom,125,2017,0.200459863213129,4.6446103587375225,13.07816310503038,3088029825367.961,9.72060012817383,0.004795937,83.143,0.69902512599278,133265336.60888693,4.23756097275667,5.546265944436007,461190.0,9.51,1163.11,241930.0,243610.0,66058859,6.981501148846667,2017-01-01
United Kingdom,125,2018,0.202270479587918,-0.8637449745386281,13.115363948249495,3139010897079.704,11.0450000762939,0.004795937,83.398,0.690742105986014,133265336.60888693,4.17932377823987,5.398708137893478,452080.0,9.36,1117.45,241930.0,243610.0,66460344,6.80225188121205,2018-01-01
United Kingdom,125,2019,0.202270479587918,0.0776981181722484,13.152564791468608,3191493407624.397,11.47912055357424,0.004795937,83.652,0.691921272134411,133265336.60888693,4.125114861510856,5.240542498412541,440713.4782608696,9.44,1270.59,241930.0,243610.0,66836327,6.593921270701628,2019-01-01
United Kingdom,125,2020,0.2001137892668398,1.125402100880997,13.185632207663373,2891615580463.4155,11.93718723428931,0.0045777370416666,83.903,0.6953039601026925,133265336.60888693,4.060039430633856,5.061273188620369,427977.97731569,9.58,1322.56,241930.0,243610.0,67215293,6.367270872652299,2020-01-01
United States,126,1995,0.223561755819981,0.9042181883200612,33.081594416833354,11128873914000.006,4.72655433519206,0.01945672,77.257,0.62299950200409,133265336.60888693,9.56318632658089,19.25393761407251,6260710.0,9.26,728.91,9158960.0,9629090.0,266278000,23.51193113963602,1995-01-01
United States,126,1996,0.290049002639825,1.2096931026187887,33.09345165826688,11548717972000.006,4.76393045060593,0.0194032614,77.636,0.624839054204871,133265336.60888693,9.91171050886531,19.6110900762452,6426070.0,8.62,751.05,9158960.0,9629090.0,269394000,23.8537977831726,1996-01-01
United States,126,1997,0.290659795410631,1.4240655726798144,33.105308899700404,12054756829000.006,4.51426029882715,0.0193498028,78.008,0.625856697813498,133265336.60888693,10.2966721136675,20.34787296860158,6675670.0,8.77,721.06,9158960.0,9629090.0,272657000,24.483765316863312,1997-01-01
United States,126,1998,0.291372189099843,2.3298492289451755,33.11716614113393,12594979613000.004,4.5342968895809,0.0192963442,78.377,0.627990810147676,133265336.60888693,10.3430759456955,20.26688030624896,6709430.0,9.82,765.98,9158960.0,9629090.0,275854000,24.32239518005901,1998-01-01
United States,126,1999,0.291091587190681,3.24431413500134,33.12902338256745,13193648716000.004,5.70972659311957,0.0192428856,78.742,0.633869904694191,133265336.60888693,10.1157753414664,20.105719610091743,6706400.0,9.25,660.31,9158960.0,9629090.0,279040000,24.03383027522936,1999-01-01
United States,126,2000,0.2237812866502,3.405318336432522,33.13017358806888,13738214458000.004,5.42969989776611,0.019189427,79.057,0.636899272112633,133265336.60888693,10.1062561761597,20.471933095298084,6861150.0,9.26,663.97,9161920.0,9632030.0,282162411,24.31631476242241,2000-01-01
United States,126,2001,0.2910631343951,1.6301163428849894,33.18675561454368,13875368657000.006,4.67869997024536,0.0181691616,79.234,0.634204603107969,133265336.60888693,9.92268596568382,20.17500467726388,6806970.0,9.44,675.95,9161920.0,9632030.0,284968955,23.88670723798668,2001-01-01
United States,126,2002,0.289912829086697,1.015460357285611,33.24333764101848,14117035294000.004,4.8407998085022,0.0171488962,79.409,0.637744583805755,133265336.60888693,9.72808548214418,19.449478474578545,6646960.0,9.46,671.86,9161920.0,9632030.0,287625193,23.10979761776292,2002-01-01
United States,126,2003,0.288106875539862,1.022023978952353,33.29991966749328,14520953428000.004,5.32630014419556,0.0161286308,79.583,0.634966558885691,133265336.60888693,9.84300767814899,19.50870471370392,6706390.0,9.43,701.08,9161920.0,9632030.0,290107933,23.116879054803373,2003-01-01
United States,126,2004,0.287729555369495,1.7491873074037805,33.35650169396808,15072588639000.002,5.47770023345947,0.0161286308,79.757,0.630986290788917,133265336.60888693,10.2054372480144,19.60357288343874,6787570.0,9.42,753.12,9161920.0,9632030.0,292805298,23.18117208384665,2004-01-01
United States,126,2005,0.223465850961188,1.0918764151551643,33.41308372044288,15602120903000.0,5.84119987487793,0.0161286308,79.928,0.652294690652486,133265336.60888693,10.2218337075228,19.47802600421779,6801820.0,9.68,695.49,9161920.0,9632030.0,295516599,23.01671047588092,2005-01-01
United States,126,2006,0.289687586744534,2.160487841862361,33.46966574691768,16047557132000.0,6.39669990539551,0.0161286308,80.099,0.729979718726493,133265336.60888693,10.0045838638839,18.957643502488867,6707430.0,9.82,686.89,9161920.0,9632030.0,298379912,22.479495871692595,2006-01-01
United States,126,2007,0.289999893210169,2.398397384381393,33.52624777339248,16348636818000.002,6.30420017242432,0.0161286308,80.269,0.731173498685701,133265336.60888693,9.83145387587656,19.05602695407319,6797860.0,9.62,664.3,9161920.0,9632030.0,301231207,22.566918174583417,2007-01-01
United States,126,2008,0.287119731403385,2.3183281087776395,33.636063502058505,16326307882000.002,6.84560012817383,0.0161286308,80.438,0.739650737913471,133265336.60888693,9.26096363689521,18.29480562596892,6619980.0,8.83,709.48,9147420.0,9831510.0,304093966,21.769521069681467,2008-01-01
United States,126,2009,0.285679743312835,1.114843564720586,33.692735219329606,15912149113000.002,7.35440015792847,0.0161286308,80.606,0.733446788508532,133265336.60888693,8.45782566114872,16.818868481109927,6194450.0,8.95,728.01,9147420.0,9831510.0,306771529,20.192388844533223,2009-01-01
United States,126,2010,0.217893875064726,1.7611931121645392,33.7494069366007,16320099471000.0,7.43569993972778,0.0151083654,80.772,0.760499714890378,133265336.60888693,8.79049600236667,17.43419587333143,6442580.0,9.35,707.51,9147420.0,9831510.0,309327143,20.82772283581981,2010-01-01
United States,126,2011,0.283064408122786,1.6953233072220355,33.779470058224064,16573197368000.0,8.3641996383667,0.0151083654,80.944,0.762585047752414,133265336.60888693,8.34389365771654,16.599403740533987,6214430.0,9.37,707.37,9147420.0,9831510.0,311583481,19.94467094357932,2011-01-01
United States,126,2012,0.282664601001689,1.5456250318702007,33.809533179847435,16946019042000.0,8.72809982299805,0.0151083654,81.119,0.766185816873026,133265336.60888693,7.9514250278231,15.771144618759138,5968740.0,10.11,658.57,9147420.0,9831510.0,313877662,19.01613501887241,2012-01-01
United States,126,2013,0.282191316951344,1.716613575942431,33.8395963014708,17258178451000.0,9.08329963684082,0.0151083654,81.299,0.763051079235597,133265336.60888693,8.17802757004284,16.102957835400762,6108670.0,9.09,745.48,9147420.0,9831510.0,316059947,19.327567627542507,2013-01-01
United States,126,2014,0.218621525831169,1.4369466981805352,33.86965942309416,17694115456000.0,9.22049999237061,0.0151083654,81.483,0.692028469322491,133265336.60888693,8.11069025203787,16.026379072325057,6129040.0,9.42,720.92,9147420.0,9831510.0,318386329,19.25032403008736,2014-01-01
United States,126,2015,0.221194073977524,2.8041757403060594,33.89972254471753,18238300569000.0,9.03390026092529,0.0140881,81.671,0.691955294598429,133265336.60888693,7.95672995610668,15.535342110600997,6003650.0,10.21,806.4,9147420.0,9831510.0,320738994,18.71817930563192,2015-01-01
United States,126,2016,0.281897338228834,2.5307339800660045,33.89972254471753,18550435728000.0,9.45629978179932,0.0140881,81.862,0.679902058641283,133265336.60888693,8.06932924063902,15.131746815811862,5907270.0,10.68,728.29,9147420.0,9831510.0,323071755,18.28469963274877,2016-01-01
United States,126,2017,0.218191756745736,1.948643532974079,33.86692641203749,18983157920000.0,9.91909980773926,0.0140881,82.058,0.680106532433024,133265336.60888693,7.97249894365352,14.805882422127848,5842800.0,10.24,755.19,9147420.0,9831510.0,325122128,17.971093004164885,2017-01-01
United States,126,2018,0.219281617856847,1.0397654083066306,33.86692641203749,19551981480000.0,10.1071996688843,0.0140881,82.256,0.67668434997355,133265336.60888693,8.12238312486328,15.240874583328614,6023620.0,9.89,804.4,9147420.0,9831510.0,326838199,18.42997549989559,2018-01-01
United States,126,2019,0.219281617856847,1.4099558245302148,33.86692641203749,19974534312000.0,10.34114077034918,0.0140881,82.459,0.664004806995075,133265336.60888693,8.059739507397296,15.066393581991925,6013311.739130435,9.74,814.96,9147420.0,9840310.869565217,328329953,18.314843602254086,2019-01-01
United States,126,2020,0.2191032787750497,1.00843648866059,33.86692641203749,19294483000000.0,10.58362817555541,0.0138644074999999,82.664,0.6657133613696994,133265336.60888693,7.9792190290726,14.86879808224178,5995365.72778828,10.05,717.58,9147420.0,9849494.38563327,331501080,18.085508885184566,2020-01-01
Uruguay,127,1995,0.458301260044975,0.8114972223138848,6.190721060450234,29059796814.19099,41.0661835465106,0.062085616,90.542,0.413173820504922,68930000.3051758,5.22160944198977,1.4545905668716224,32630.0,17.54,1106.74,175020.0,176220.0,3224275,10.12010451962069,1995-01-01
Uruguay,127,1996,0.453604481438106,0.6668114986696755,6.516969489201234,30680740006.749718,37.567917917326,0.0627517316,90.835,0.411926850785345,36599998.4741211,4.88807980634955,1.6782744751696983,33920.0,17.78,1105.49,175020.0,176220.0,3247383,10.445333981239664,1996-01-01
Uruguay,127,1997,0.452512512181219,0.4722604749758987,6.843217917952233,33303232466.284725,37.6764861371949,0.0634178472,91.147,0.416275810967867,37259998.3215332,4.01745256280995,1.7002236589180093,33600.0,18.28,1322.9,175020.0,176220.0,3270158,10.27473290281387,1997-01-01
Uruguay,127,1998,0.452290338157484,0.6464211147992655,7.169466346703233,34808168940.11492,36.9013916362703,0.0640839628,91.45,0.417789809557086,27520000.4577637,4.18916702757926,1.7562767904375896,33160.0,17.46,1383.67,175020.0,176220.0,3291053,10.07580248631669,1998-01-01
Uruguay,127,1999,0.451497510527691,0.9810729558038782,7.495714775454234,34133164697.580303,33.2984391534701,0.0647500784,91.743,0.415902436676625,25620000.8392334,4.33431055619036,2.0495736856504148,34180.0,17.53,1063.26,175020.0,176220.0,3308005,10.332511589311382,1999-01-01
Uruguay,127,2000,0.450021159604033,1.151566640105559,7.821963204205233,33474418294.45816,38.725399017334,0.065416194,92.028,0.417250751424572,21549999.237060502,3.50274487381724,1.6447100882179115,32280.0,17.66,1467.74,175020.0,176220.0,3319734,9.723670631442156,2000-01-01
Uruguay,127,2001,0.446409816822298,1.485267576275189,8.028968117929379,32187618155.4394,41.6273994445801,0.0714551714,92.303,0.417819981377404,16420000.0762939,4.04199291779722,1.488510950779604,31920.0,18.43,1582.25,175020.0,176220.0,3325471,9.598640312906053,2001-01-01
Uruguay,127,2002,0.447739538691611,1.3218113341720084,8.235973031653526,29698869200.243355,43.2526016235352,0.0774941488,92.569,0.415070258271626,16209999.0844727,3.85798341321663,1.3619775553314657,32250.0,18.01,1919.13,175020.0,176220.0,3326046,9.6961978276909,2002-01-01
Uruguay,127,2003,0.448701506832599,3.343265007520438,8.44297794537767,29938029416.920883,43.8310012817383,0.0835331262,92.828,0.418514053081753,17270000.4577637,3.64867204036578,1.350919964460876,33150.0,17.48,1539.97,175020.0,176220.0,3323661,9.97394138571894,2003-01-01
Uruguay,127,2004,0.4527957588308,2.577117365848495,8.649982859101819,31436176409.8546,39.3061981201172,0.0835331262,93.078,0.407743601440709,24479999.5422363,3.61841373794016,1.6438425451740577,35060.0,17.99,1096.81,175020.0,176220.0,3321486,10.555516416447338,2004-01-01
Uruguay,127,2005,0.455654233079472,4.760890858802719,8.856987772825962,33781356709.088818,41.3237991333008,0.0835331262,93.319,0.408411495968789,18340000.1525879,3.09631116191252,1.6286355676547557,35240.0,17.97,1419.29,175020.0,176220.0,3321799,10.608709316849094,2005-01-01
Uruguay,127,2006,0.459259748161053,7.703738638510245,9.063992686550108,35165911748.47267,37.6002006530762,0.0835331262,93.553,0.404966800808438,24610000.6103516,2.97938973604751,1.9035286850947088,37360.0,18.25,1222.45,175020.0,176220.0,3325403,11.23472854267588,2006-01-01
Uruguay,127,2007,0.44990601099895,5.803943915240394,9.270997600274256,37466293678.07809,43.1988983154297,0.0835331262,93.779,0.416403874040258,37040000.9155273,3.4387379156944,1.7558324401598795,36320.0,17.34,1459.25,175020.0,176220.0,3331753,10.901168243864417,2007-01-01
Uruguay,127,2008,0.401556404179078,7.053791438313323,9.4780025139984,40154929114.10667,44.0932998657227,0.0835331262,93.998,0.415839879488287,32860000.6103516,3.86030843235197,2.320205758840508,38860.0,18.32,872.81,175020.0,176220.0,3340221,11.633960746908665,2008-01-01
Uruguay,127,2009,0.401252962598181,5.061736217096127,9.685007427722546,41858901192.16047,44.636100769043,0.0835331262,94.209,0.428855044409053,50729999.5422363,2.95739347271258,2.28977369751582,38420.0,17.97,1260.97,175020.0,176220.0,3349676,11.46976603110271,2009-01-01
Uruguay,127,2010,0.400080799869743,5.438987611776468,9.892012341446693,45125322733.72312,53.2276000976563,0.0895721036,94.414,0.438156566128613,45909999.8474121,3.30190386022315,1.8694521106203632,36010.0,17.94,1305.67,175020.0,176220.0,3359273,10.719581290356574,2010-01-01
Uruguay,127,2011,0.389681534001607,5.608751839387492,10.107644840589648,47454751923.164536,49.668399810791,0.0895721036,94.612,0.441292263009389,18229999.5422363,3.52341203332191,2.25888012975055,37550.0,17.73,1142.62,175020.0,176220.0,3368926,11.145985397126562,2011-01-01
Uruguay,127,2012,0.383136247845555,12.47273167043079,10.323277339732602,49133785850.97396,47.8460006713867,0.0895721036,94.739,0.461176318051305,17360000.6103516,2.68535175754018,2.521474707566644,38420.0,18.42,1407.89,175020.0,176220.0,3378975,11.370312002900288,2012-01-01
Uruguay,127,2013,0.387167315801377,1.715468265009672,10.538909838875558,51412384155.73915,51.8664016723633,0.0895721036,94.843,0.476927304188186,36520000.4577637,3.02655050076642,2.1714527136668167,37420.0,17.74,1137.81,175020.0,176220.0,3389436,11.040184856713624,2013-01-01
Uruguay,127,2014,0.390170741616658,7.1375125667792,10.75454233801851,53077523938.45512,56.7009010314941,0.0895721036,94.945,0.496480421399252,91569999.6948242,2.58404755989067,1.9115178951894152,36900.0,18.32,1726.73,175020.0,176220.0,3400439,10.851540051152218,2014-01-01
Uruguay,127,2015,0.38584541116701,5.017505865993429,10.970174837161467,53274304222.13602,59.3997001647949,0.095611081,95.045,0.493662667519897,23180000.3051758,2.58427311610449,1.9314111640254596,36660.0,18.33,1275.81,175020.0,176220.0,3412013,10.744390481513406,2015-01-01
Uruguay,127,2016,0.380417711801014,-0.9009092641646468,11.12444292080905,54174532436.921165,60.2657012939453,0.095611081,95.144,0.489869584278385,18250000.0,1.80305450881258,1.9070487500653448,37050.0,17.61,1253.93,175020.0,176220.0,3424139,10.820238313923587,2016-01-01
Uruguay,127,2017,0.412020613716369,4.182381199078784,11.244429208090503,55056360541.13918,60.6831016540527,0.095611081,95.24,0.494477989969881,41639999.3896484,1.57954309161622,1.7691673128880054,36110.0,18.71,1419.24,175020.0,176220.0,3436645,10.507340734931889,2017-01-01
Uruguay,127,2018,0.416698459870216,2.8290908016696377,11.364415495371958,55319478843.35866,60.7290992736816,0.095611081,95.334,0.495734892406751,40399544.80257897,1.25862051771198,1.8902440792163024,36160.0,18.2,1378.72,175020.0,176220.0,3449290,10.4833168565125,2018-01-01
Uruguay,127,2019,0.416698459870216,2.2448941044591444,11.48440178265341,55513344382.06728,61.58400865312382,0.095611081,95.426,0.495657668339224,40572251.45387251,1.0863166514390326,1.9091855362747667,36313.47826086957,18.05,1414.16,175020.0,176220.0,3461731,10.489976910646602,2019-01-01
Uruguay,127,2020,0.4149650098629343,0.5641043471720972,11.604388069934863,52260972281.805405,62.62818651120198,0.097007975375,95.515,0.4990944953323198,40722808.41443339,0.9210226012255318,1.919225147627161,36417.54253308129,18.03,889.91,175020.0,176220.0,3473727,10.483708861715757,2020-01-01
Uzbekistan,123,1995,0.402805686966285,-0.1797689665319516,6.477234602726846,26042595723.95871,1.45860235183901,0.250457662,43.731,0.29540578530331,83720001.2207031,2.16921903151177,4.219003730524468,191690.0,13.7,134.91,425400.0,447400.0,22785000,8.412991002852754,1995-01-01
Uzbekistan,123,1996,0.406591358773587,0.6452125273399686,6.574106017865539,26485319852.22888,1.64858304973528,0.250457662,44.208,0.293004404605953,87690002.44140631,2.22114930395167,4.180839612486545,194110.0,12.16,139.67,425400.0,447400.0,23225000,8.357804090419807,1996-01-01
Uzbekistan,123,1997,0.376203835258547,1.131261324897884,6.670977433004231,27862556483.81207,1.44241141635979,0.250457662,44.685,0.286732595927074,139880004.882813,2.1361851033142,4.159800566189208,188590.0,13.32,207.79,425400.0,447400.0,23667000,7.968479317192716,1997-01-01
Uzbekistan,123,1998,0.37380524398616,0.9313514445811836,6.767848613070052,29060646412.6744,1.20892182449543,0.2864137324,45.164,0.280632291717503,158039993.28613302,2.29469386889278,4.728701509292753,199570.0,12.89,254.76,425400.0,447400.0,24051000,8.297783875930314,1998-01-01
Uzbekistan,123,1999,0.372839772173805,0.7096656112295998,6.864720028208744,30310254209.23593,1.17316031797226,0.2864137324,45.644,0.284913371383296,156250000.0,2.15055987232194,4.727774544302834,206420.0,13.82,200.23,425400.0,447400.0,24311650,8.490579619236046,1999-01-01
Uzbekistan,123,2000,0.372523466930099,0.5428576299299669,6.961591443347438,31472652457.93886,0.710099995136261,0.2864137324,46.126,0.288359514498679,185240005.493164,2.20707617941098,4.936633888293902,226170.0,13.71,165.73,425400.0,447400.0,24650400,9.175104663616006,2000-01-01
Uzbekistan,123,2001,0.374839571682787,0.7262252442856476,7.052832393041843,32783122799.27997,0.774500012397766,0.2864137324,46.606,0.300392254282434,149630004.882813,2.20015806244206,4.916591392960791,230530.0,13.7,167.17,425400.0,447400.0,24964450,9.23433121899341,2001-01-01
Uzbekistan,123,2002,0.373576127481584,0.6740444407277254,7.144073342736249,34085756312.758556,1.00759994983673,0.3223698028,47.088,0.310483099490367,183419998.168945,2.26243625216541,4.9616470499785335,234340.0,13.68,245.66,425400.0,447400.0,25271850,9.2727679216203,2002-01-01
Uzbekistan,123,2003,0.368684991911933,0.8150414862135922,7.235314292430655,35528479367.67989,1.4083000421524,0.3583258732,47.571,0.308786479958345,192100006.103516,2.18290478744948,4.62733180405708,229330.0,12.93,280.35,425400.0,447400.0,25567650,8.969537677494802,2003-01-01
Uzbekistan,123,2004,0.370274077999149,1.467993800653128,7.326555242125059,38174996010.73226,1.03719997406006,0.3583258732,48.054,0.293289531858124,243149993.896484,2.19602457729922,4.694879244983926,231810.0,14.3,230.37,425400.0,447400.0,25864350,8.962529504897669,2004-01-01
Uzbekistan,123,2005,0.361597378927687,1.3391568627849957,7.417796191819464,40828160980.88804,1.60679996013641,0.3583258732,48.537,0.269412333476806,169070007.32421902,2.12916761831421,4.387587419268544,228860.0,13.86,203.14,425400.0,447400.0,26167000,8.746130622539841,2005-01-01
Uzbekistan,123,2006,0.355646153385778,1.0028369175712075,7.509037141513869,43870438111.48421,0.851899981498718,0.3583258732,49.021,0.232812896900641,149610000.61035198,2.2478760791588,4.603173105056015,251720.0,13.59,197.12,425400.0,447400.0,26488250,9.503081555029116,2006-01-01
Uzbekistan,123,2007,0.353786568958688,3.1607169067045056,7.600278091208275,48026287041.065895,0.898000001907349,0.3583258732,49.505,0.246478105486641,167679992.67578098,2.24932833761402,4.404868244752121,249700.0,13.79,192.52,425400.0,447400.0,26868000,9.293583444990324,2007-01-01
Uzbekistan,123,2008,0.345478275088504,2.407152307345996,7.691519040902681,52362657828.597206,0.789900004863739,0.3583258732,49.989,0.256108062539899,179440002.44140598,2.35308025087209,4.548983986990346,259180.0,13.13,162.07,425400.0,447400.0,27302800,9.492799273334604,2008-01-01
Uzbekistan,123,2009,0.340833324951882,2.499315532368214,7.782759990597087,56578340499.32679,1.23339998722076,0.3583258732,50.472,0.25306905649942,171210006.71386698,2.24208314799402,4.1184986711035245,232960.0,13.44,232.7,425400.0,447400.0,27767400,8.389694389824038,2009-01-01
Uzbekistan,123,2010,0.334672045505706,3.341154660129185,7.874000940291491,60876692056.519005,1.34150004386902,0.3942819436,50.956,0.239953271159807,198139999.389648,2.35612008165459,4.290955942077696,238390.0,14.14,173.02,425400.0,447400.0,28562400,8.346287426826878,2010-01-01
Uzbekistan,123,2011,0.337570648964099,2.683751115932788,7.967936060178656,65457748296.75152,0.950800001621246,0.3942819436,51.15,0.23870714507675,143779998.779297,2.38477361921455,4.261845845518313,242350.0,12.87,196.54,425400.0,447400.0,29339400,8.260223453785695,2011-01-01
Uzbekistan,123,2012,0.339988905031347,1.1023012024760717,8.06187118006582,70106848793.845,1.30970001220703,0.3942819436,51.05,0.248179652638819,255910003.66210905,2.14208393085157,3.737762179045828,230380.0,12.9,191.96,425400.0,447400.0,29774500,7.737493492753867,2012-01-01
Uzbekistan,123,2013,0.34423156858209,0.9450339973214164,8.155806299952987,75222230328.65541,1.13300001621246,0.3942819436,50.95,0.262881170126684,295160003.66210896,2.13374674998714,3.740675589884668,232950.0,14.19,216.0,425400.0,444103.0,30243200,7.702557930377738,2013-01-01
Uzbekistan,123,2014,0.345611128202175,1.0002747872633262,8.24974141984015,80392884913.03589,1.34500002861023,0.3942819436,50.85,0.289573776415839,324670013.427734,2.05209708572983,3.427109309213628,226090.0,12.63,210.9,425400.0,448924.0,30757700,7.350679667205285,2014-01-01
Uzbekistan,123,2015,0.339755815046483,1.2079401454097085,8.055997512432166,86196265191.6645,1.67369997501373,0.430238014,50.75,0.296351724319646,451000000.0,1.972394122416,3.2438839703631754,222860.0,13.96,243.62,440591.0,448924.0,31298900,7.120378032454815,2015-01-01
Uzbekistan,123,2016,0.335518080892201,1.930136799514634,8.139804080002179,91309557626.73424,1.62549996376038,0.430238014,50.65,0.333501308877519,511049987.792969,1.96672239381418,3.370708900743848,230900.0,14.35,253.64,440588.0,448924.0,31847900,7.250085562941355,2016-01-01
Uzbekistan,123,2017,0.333443899162065,2.895140341961468,8.198462505702619,95322863451.02396,1.77110004425049,0.430238014,50.55,0.342736716548359,639140014.648438,1.9447526353061,3.438864291756976,234920.0,13.64,191.98,440587.0,448924.0,32388600,7.253169325009416,2017-01-01
Uzbekistan,123,2018,0.332008351376517,1.1868691290435174,8.25772037543553,100427399822.58595,1.48749995231628,0.430238014,50.478,0.378004413262851,557960021.972656,2.03836685222411,3.4011912817353998,235510.0,13.5,169.38,440555.0,448924.0,32956100,7.146173242586349,2018-01-01
Uzbekistan,123,2019,0.332008351376517,3.86675496902802,8.316373665036148,106161435002.4116,1.4887563697283352,0.430238014,50.433,0.383097381158825,1156449951.17188,2.03267762703769,3.36563421874457,237415.21739130435,14.23,217.67,440555.0,448990.2608695653,33580350,7.07006381384662,2019-01-01
Uzbekistan,123,2020,0.32905846239361,2.889221179678641,8.375026954636764,107981860052.51932,1.4818073836410768,0.437728862,50.416,0.3867511976528048,1201147032.4198458,2.0244832063022997,3.33019050597318,239298.05293005676,13.6,185.3,440555.0,449059.4026465029,34232050,6.990468082690248,2020-01-01
Vietnam,128,1995,0.632832792671435,8.585965854603918,32.50493102706689,54650199378.13563,65.1257836056628,0.421283191,22.166,0.343503993627486,777989990.234375,0.77468369881389,0.4047498732553539,96390.0,24.42,1820.11,325490.0,331110.0,74910462,1.2867361570937847,1995-01-01
Vietnam,128,1996,0.627598106116902,9.713080637121555,33.244781713723924,59754537561.64764,62.8660092692519,0.421283191,22.563,0.344369613138286,910299987.792969,0.784138106171107,0.4491989804116511,104680.0,24.2,1934.52,325490.0,331110.0,76068739,1.3761237714220556,1996-01-01
Vietnam,128,1997,0.628587632607153,8.270096758209698,33.98463240038097,64625777743.109886,60.7923736089576,0.421283191,22.965,0.34429941957995,851989990.234375,0.803155970553431,0.5203983985523642,112700.0,24.6,1864.25,325490.0,331110.0,77133212,1.461108607794007,1997-01-01
Vietnam,128,1998,0.631262431493809,6.141214402645859,34.724483087038,68351101919.34296,59.4993441120752,0.3851277782,23.371,0.344273233171513,1050660034.17969,0.875327541516926,0.5744042888580468,122400.0,25.29,1793.76,325490.0,331110.0,78115712,1.566906283847224,1998-01-01
Vietnam,128,1999,0.625960420619731,4.922663456801236,35.464333773695046,71613901153.29143,59.5670031087825,0.3851277782,23.817,0.3442729178651,1239790039.0625,0.875973665859811,0.5715126489844086,126530.0,24.43,1985.33,325490.0,331110.0,79035871,1.6009186512286302,1999-01-01
Vietnam,128,2000,0.598546314097949,4.163924079556931,37.88368803446281,76474563216.83664,57.9803009033203,0.3851277782,24.374,0.343027278046699,1485270019.53125,0.947243275332638,0.6295800430809948,134560.0,24.37,1778.95,311060.0,329240.0,79910411,1.6838857204726427,2000-01-01
Vietnam,128,2001,0.596183782694195,3.977335461619173,38.39562827477579,81210551327.52979,56.3863983154297,0.3851277782,24.937,0.340034716295151,1256020019.53125,0.940935700649928,0.6925720655169211,139580.0,24.57,2005.09,311090.0,329250.0,80742500,1.7287054525188097,2001-01-01
Vietnam,128,2002,0.597287661695927,3.992687051339961,38.9788826275962,86343724900.0757,52.4547004699707,0.3489723654,25.511,0.337134980978729,1064170043.94531,1.07417600841205,0.8129083567494194,153230.0,24.7,1968.1,310550.0,329300.0,81534406,1.879329322642027,2002-01-01
Vietnam,128,2003,0.604522716516364,3.666012292095598,39.55651304544136,92300633302.06725,51.0773010253906,0.3128169526,26.092,0.338774652756488,1533939941.40625,1.07289445284227,0.8561189234966735,161110.0,24.76,1703.34,310070.0,329310.0,82301650,1.957554921438392,2003-01-01
Vietnam,128,2004,0.605359458034979,3.544081072881993,40.07380268971523,99256788025.02184,46.0185012817383,0.3128169526,26.683,0.337605051047673,1657989990.23438,1.18440390420836,1.0168207751292428,178680.0,24.47,1701.51,310070.0,329314.0,83062819,2.1511429801100297,2004-01-01
Vietnam,128,2005,0.58973698771781,3.3904036463636253,40.591092333989096,106747943703.35992,44.391300201416,0.3128169526,27.281,0.355412516378058,1693479980.46875,1.19992385674196,1.097901436077504,187960.0,24.67,1883.54,310070.0,331212.0,83832662,2.242085548947497,2005-01-01
Vietnam,128,2006,0.584662434690098,3.616000904325218,41.10838197826297,114196766977.5418,44.494701385498,0.3128169526,27.888,0.362554430472503,1690099975.58594,1.28461960394908,1.1316801970560595,194560.0,24.79,1821.37,310070.0,331212.0,84617545,2.2992867495742164,2006-01-01
Vietnam,128,2007,0.58707336988631,8.654717714348049,41.62567162253685,122338430599.74667,42.1356010437012,0.3128169526,28.504,0.368857128582481,2346639892.57813,1.42621934732259,1.2336748802862407,207660.0,24.47,1843.1,310070.0,331212.0,85419588,2.431058318848365,2007-01-01
Vietnam,128,2008,0.584332131210264,9.6630390545572,42.14296126681072,129264952639.79192,39.4854011535645,0.3128169526,29.128,0.367268525850902,2320510009.76563,1.50606456575615,1.3638141268602693,219510.0,24.04,2020.05,310070.0,331051.0,86243424,2.545237536023616,2008-01-01
Vietnam,128,2009,0.579504763790396,7.168819874979892,42.6602509110846,136242542341.99388,37.1860008239746,0.3128169526,29.762,0.367529107977662,3328030029.29688,1.53540737998561,1.5124193025211772,240940.0,24.66,1698.5,310070.0,331051.0,87092250,2.766491852030462,2009-01-01
Vietnam,128,2010,0.562759315202995,6.900611800384461,43.17754055535847,144993725389.7556,34.7924995422363,0.2766615398,30.417,0.348442203845371,2769860107.42188,1.69013964390218,1.6988062259929515,258430.0,24.92,1719.59,310070.0,330954.0,87967655,2.9377843481220456,2010-01-01
Vietnam,128,2011,0.568452100436856,5.481799304286516,43.6121520946883,154041772820.9492,36.5434989929199,0.2766615398,31.08,0.35594165868828,3332000000.0,1.70546883494452,1.6768052132506457,257880.0,24.01,1891.16,310070.0,330957.0,88871384,2.901721436002392,2011-01-01
Vietnam,128,2012,0.566788988685464,5.37029899683215,44.04676363401812,162124910214.55084,38.1018981933594,0.2766615398,31.752,0.356611406776892,4113310058.59375,1.65270684288101,1.6399425553523206,258290.0,24.78,1963.99,310070.0,330971.0,89801926,2.876218935437977,2012-01-01
Vietnam,128,2013,0.560173898195836,5.197929410015227,44.48137517334796,170915133146.1455,37.6839981079102,0.2766615398,32.429,0.366061619113294,4085600097.65625,1.8028941579008,1.6928441923417,268770.0,24.56,1977.81,310070.0,330972.0,90752593,2.9615682716635985,2013-01-01
Vietnam,128,2014,0.55500325162474,4.94080027304198,44.91598671267778,181142104435.94284,36.9444007873535,0.2766615398,33.115,0.375973875166113,4215620117.1875,1.79138595527748,1.8378903513482423,283000.0,24.77,1757.95,310070.0,331230.0,91713850,3.0856844413357414,2014-01-01
Vietnam,128,2015,0.557898330265953,6.1063611561744695,45.350598252007615,193241108709.53625,30.7199001312256,0.240506127,33.809,0.381614552655978,3167389892.57813,2.01344831829982,2.2573002460306206,327320.0,25.14,1834.01,310070.0,331230.0,92677082,3.5318332530150225,2015-01-01
Vietnam,128,2016,0.561547516250276,6.138072368048472,46.36914245170445,205242950036.44727,30.9508991241455,0.240506127,34.51,0.402691580870501,2906070068.35938,2.07816810518101,2.3907407093954656,341580.0,25.07,1864.5,310070.0,331230.0,93640435,3.647783139836973,2016-01-01
Vietnam,128,2017,0.555586843128316,6.300834951632798,46.49076015093366,219224603992.02185,31.975700378418,0.240506127,35.213,0.406105743734148,2407489990.23438,2.08288418326002,2.3480812915827647,340420.0,24.69,1967.96,310070.0,331230.0,94600643,3.5984956254472817,2017-01-01
Vietnam,128,2018,0.551550830307803,6.321017488667224,46.73554358693198,234736473566.40427,23.4918003082275,0.240506127,35.919,0.410706188711456,1647770019.53125,2.27214566948676,2.6988059222891883,376530.0,24.67,1860.41,310070.0,331230.0,95545959,3.9408260060480425,2018-01-01
Vietnam,128,2019,0.551550830307803,6.154521756970113,46.980327022930304,251208952743.67065,21.681627121382487,0.240506127,36.628,0.420708038118405,1094630004.88281,2.337252711689928,2.798547489638485,388710.0,25.28,1709.43,310070.0,331235.2173913043,96462108,4.029665202837989,2019-01-01
Vietnam,128,2020,0.5481640818759851,5.826851584382689,47.22511045892863,258508671883.2135,19.891001810605555,0.2329737493333333,37.34,0.4239248733055266,1107823338.826495,2.404779433669008,2.900693076996174,401059.1304347826,25.09,1750.0,310070.0,331240.66162570886,97338583,4.120248292856108,2020-01-01
